frame_id,track_id,object_type,center_x,center_y,width,height,confidence,timestamp,speed_kmh,speed_ms,distance_pixels,distance_meters
1,1,player,1525.029541015625,137.45889282226562,42.58447265625,118.64148712158203,0.6814003586769104,0.03333333333333333,0.0,0.0,0.0,0.0
1,2,player,562.0750732421875,839.8727416992188,151.28424072265625,184.339599609375,0.5830576419830322,0.03333333333333333,0.0,0.0,0.0,0.0
1,3,player,405.40118408203125,129.67356872558594,43.555877685546875,134.02056884765625,0.4484136998653412,0.03333333333333333,0.0,0.0,0.0,0.0
1,4,player,1068.23046875,254.8124237060547,77.901123046875,100.03665161132812,0.3757375478744507,0.03333333333333333,0.0,0.0,0.0,0.0
1,5,player,211.52618408203125,440.14654541015625,49.85298156738281,122.13400268554688,0.36812418699264526,0.03333333333333333,0.0,0.0,0.0,0.0
1,6,player,55.8515739440918,372.7396240234375,70.80797576904297,108.07327270507812,0.344714879989624,0.03333333333333333,0.0,0.0,0.0,0.0
1,7,player,1651.0797119140625,342.1944580078125,70.8193359375,128.162109375,0.34232810139656067,0.03333333333333333,0.0,0.0,0.0,0.0
1,8,player,1695.195068359375,167.25439453125,45.9276123046875,65.16000366210938,0.3240697383880615,0.03333333333333333,0.0,0.0,0.0,0.0
2,1,player,1525.0078125,137.49337768554688,42.5347900390625,118.72988891601562,0.6830580830574036,0.06666666666666667,0.054497955447115734,0.015138320957532148,0.0407594674498131,0.0005046106985844049
2,2,player,561.5390014648438,840.6416015625,151.73263549804688,184.411376953125,0.7072321176528931,0.06666666666666667,1.2532195158045059,0.34811653216791827,0.9372931450882107,0.011603884405597275
2,3,player,405.3446044921875,129.63059997558594,43.498291015625,134.00860595703125,0.4491800367832184,0.06666666666666667,0.09499321852930237,0.026387005147028436,0.07104620653806562,0.0008795668382342812
2,4,player,1069.17138671875,255.80487060546875,81.3507080078125,102.68743896484375,0.4194568693637848,0.06666666666666667,1.8285411146333932,0.5079280873981648,1.3675808831923661,0.01693093624660549
2,5,player,211.42388916015625,440.6243896484375,50.46647644042969,123.45819091796875,0.39229816198349,0.06666666666666667,0.6533836974738636,0.18149547152051765,0.4886710213425801,0.006049849050683922
2,6,player,55.771697998046875,372.7702331542969,71.02348327636719,108.11236572265625,0.3514687120914459,0.06666666666666667,0.11437227973679685,0.03177007770466579,0.08553996521239422,0.0010590025901555263
2,7,player,1651.005126953125,342.1602783203125,71.1258544921875,128.08529663085938,0.34865424036979675,0.06666666666666667,0.10969754424973102,0.030471540069369727,0.08204369223557688,0.0010157180023123242
2,8,player,1695.22998046875,166.75616455078125,46.3775634765625,66.34538269042969,0.3197516202926636,0.06666666666666667,0.667798096047262,0.18549947112423945,0.49945166815108644,0.006183315704141315
3,1,player,1524.956298828125,137.65478515625,42.662353515625,119.00083923339844,0.6895120143890381,0.1,0.22653654656255645,0.06292681848959901,0.1694285394755716,0.0020975606163199673
3,2,player,575.28369140625,840.6912841796875,170.35556030273438,183.8363037109375,0.7626804709434509,0.1,18.377629553658878,5.104897098238577,13.744779734424439,0.17016323660795257
3,3,player,405.18499755859375,129.08248901367188,43.265838623046875,134.78843688964844,0.42768773436546326,0.1,0.7632975855402272,0.21202710709450756,0.5708765188913961,0.007067570236483587
3,4,player,1068.7125244140625,255.78857421875,78.35693359375,98.89509582519531,0.4349554777145386,0.1,0.6139143790414783,0.1705317719559662,0.4591515946647808,0.005684392398532208
3,5,player,210.90802001953125,441.12847900390625,50.99803161621094,124.1533203125,0.4100480079650879,0.1,0.9643799510152029,0.26788331972644525,0.7212676677531552,0.00892944399088151
3,6,player,56.105987548828125,372.86767578125,70.23504638671875,108.13101196289062,0.38862064480781555,0.1,0.4655677147177164,0.12932436519936566,0.34820190882454366,0.004310812173312189
3,7,player,1650.94580078125,342.07220458984375,70.783203125,127.9515380859375,0.3451409935951233,0.1,0.1419843073012221,0.039440085361450584,0.10619122688821361,0.001314669512048353
3,8,player,1695.2265625,166.83810424804688,45.95166015625,65.83110046386719,0.3076169490814209,0.1,0.10965377054979086,0.030459380708275238,0.08201095352669818,0.0010153126902758415
4,1,player,1524.9154052734375,137.6959228515625,42.67431640625,119.12118530273438,0.6889297962188721,0.13333333333333333,0.07755645744114172,0.021543460400317144,0.058005110038716744,0.000718115346677238
4,2,player,587.5458984375,839.8145751953125,179.12399291992188,183.12664794921875,0.7700216174125671,0.13333333333333333,16.437188593241782,4.565885720344939,12.293508039632982,0.1521961906781646
4,3,player,405.09893798828125,129.01495361328125,43.08282470703125,134.42791748046875,0.43187859654426575,0.13333333333333333,0.14626803727506843,0.040630010354185675,0.10939506363768962,0.0013543336784728555
4,4,player,1068.4691162109375,256.08746337890625,73.992919921875,97.93882751464844,0.6174026727676392,0.13333333333333333,0.5153890920099936,0.14316363666944265,0.3854637251512128,0.004772121222314754
4,5,player,211.0800018310547,441.6677551269531,50.737396240234375,124.59832763671875,0.42423340678215027,0.13333333333333333,0.7568251869194896,0.2102292185887471,0.5660357589263698,0.007007640619624902
4,6,player,56.474327087402344,372.99444580078125,69.75770568847656,108.10269165039062,0.3958972990512848,0.13333333333333333,0.5208448900413576,0.14467913612259933,0.38954416120514745,0.00482263787075331
4,7,player,1652.0849609375,343.1912536621094,71.1707763671875,128.69305419921875,0.34498363733291626,0.13333333333333333,2.1350994585250658,0.5930831829236294,1.5968583806105288,0.01976943943078764
4,8,player,1695.2769775390625,166.85272216796875,46.091796875,65.52265930175781,0.3096987009048462,0.13333333333333333,0.07018444391017269,0.01949567886393686,0.052491520710641934,0.0006498559621312285
5,1,player,1524.906982421875,137.67974853515625,42.6602783203125,119.09999084472656,0.6871715784072876,0.16666666666666666,0.024382717342256117,0.006772977039515588,0.018236034098821942,0.00022576590131718623
5,2,player,591.730712890625,839.105224609375,170.83465576171875,182.540771484375,0.7162759900093079,0.16666666666666666,5.675172808319883,1.5764368911999675,4.244508247235923,0.05254789637333224
5,3,player,405.0467529296875,128.98294067382812,43.070037841796875,134.2674102783203,0.4346608817577362,0.16666666666666666,0.08185737118936712,0.022738158663713086,0.061221798673859365,0.0007579386221237694
5,4,player,1070.05517578125,255.8793182373047,70.2049560546875,99.05667114257812,0.676034152507782,0.16666666666666666,2.1388442473578038,0.5941234020438344,1.5996591388643415,0.019804113401461144
5,5,player,210.76968383789062,442.09393310546875,50.61433410644531,124.97662353515625,0.4326958954334259,0.16666666666666666,0.7048804379369293,0.19580012164914704,0.5271858555130587,0.006526670721638233
5,6,player,56.515586853027344,372.95379638671875,69.71438598632812,108.37808227539062,0.4023648202419281,0.16666666666666666,0.07744285302262777,0.0215119036173966,0.05792014436320497,0.0007170634539132199
5,7,player,1651.335693359375,342.580078125,70.8345947265625,128.36602783203125,0.3517375886440277,0.16666666666666666,1.2928346534525805,0.35912073707016123,0.966921631152306,0.011970691235672038
5,8,player,1695.2236328125,166.51254272460938,45.9949951171875,65.92582702636719,0.30242741107940674,0.16666666666666666,0.46039959297407046,0.12788877582613067,0.3443366282234902,0.004262959194204355
6,1,player,1524.8524169921875,137.71212768554688,42.791259765625,119.23416900634766,0.6877501606941223,0.2,0.08483548819671737,0.023565413387977047,0.063449156787149,0.0007855137795992354
6,2,player,607.0652465820312,837.046875,178.6656494140625,186.11126708984375,0.7150508761405945,0.2,20.687114939877482,5.746420816632634,15.472062779322206,0.19154736055442126
6,3,player,404.49798583984375,128.44955444335938,43.21929931640625,134.7884063720703,0.4228614866733551,0.2,1.023220822780206,0.284228006327835,0.7652752379041419,0.009474266877594506
6,4,player,1070.822509765625,256.0094909667969,64.2222900390625,102.59770202636719,0.6968972086906433,0.2,1.040631872463487,0.2890644090176353,0.7782971046330951,0.00963548030058785
6,5,player,211.03372192382812,441.490234375,50.8258056640625,123.55078125,0.43048661947250366,0.2,0.8810098176067758,0.2447249493352155,0.6589144618196804,0.008157498311173855
6,6,player,56.09358215332031,372.928955078125,70.70851135253906,108.3902587890625,0.4062328040599823,0.2,0.5652233957934686,0.15700649883151904,0.4227352093065724,0.005233549961050638
6,7,player,1650.974365234375,342.39031982421875,70.661865234375,128.32369995117188,0.35810983180999756,0.2,0.5456889784525111,0.1515802717923642,0.4081252585069968,0.005052675726412143
6,8,player,1695.30810546875,166.60797119140625,46.1021728515625,65.34947204589844,0.29814353585243225,0.2,0.17040189833574124,0.047333860648817006,0.12744497608432015,0.0015777953549605678
7,1,player,1524.840576171875,137.64295959472656,42.8184814453125,119.38558959960938,0.6846206784248352,0.23333333333333334,0.09382740053778581,0.026063166816051614,0.07017428170918397,0.0008687722272017203
7,2,player,624.8734130859375,833.909912109375,170.39764404296875,190.36138916015625,0.7728306651115417,0.23333333333333334,24.17723020709645,6.715897279749013,18.082348586619133,0.2238632426583004
7,3,player,404.7843017578125,128.64889526367188,43.172607421875,134.87030029296875,0.43985235691070557,0.23333333333333334,0.4664673000787712,0.1295742500218809,0.348874716087521,0.0043191416673960285
7,4,player,1072.6593017578125,254.58572387695312,57.1005859375,103.05274963378906,0.7740597128868103,0.23333333333333334,3.1073164356129266,0.8631434543369241,2.3239874243821257,0.028771448477897463
7,5,player,211.21182250976562,441.30230712890625,51.13087463378906,123.11480712890625,0.4484851062297821,0.23333333333333334,0.346184223724146,0.09616228436781832,0.25891401764999455,0.0032054094789272765
7,6,player,55.81650161743164,373.1419677734375,71.05799102783203,108.369384765625,0.40657591819763184,0.23333333333333334,0.46729910058039353,0.12980530571677598,0.3494968264986816,0.004326843523892532
7,7,player,1650.82861328125,342.3267822265625,70.599365234375,128.28536987304688,0.34118250012397766,0.23333333333333334,0.2125915001768346,0.059053194493565164,0.15899892501422674,0.0019684398164521717
7,8,player,1695.343994140625,166.455322265625,46.0582275390625,65.44270324707031,0.2883332073688507,0.23333333333333334,0.20966611446665173,0.0582405873518477,0.15681100507018308,0.0019413529117282562
8,1,player,1524.751708984375,137.8011016845703,43.0244140625,119.12779998779297,0.6831067800521851,0.26666666666666666,0.2425443816662979,0.06737343935174941,0.18140093052216918,0.00224578131172498
8,2,player,635.3170166015625,833.0433349609375,168.9161376953125,192.81829833984375,0.8391599655151367,0.26666666666666666,14.011739457496473,3.892149849304576,10.479494756226034,0.1297383283101525
8,3,player,404.92352294921875,128.85440063476562,43.13946533203125,134.81309509277344,0.4469231367111206,0.26666666666666666,0.33189058052899023,0.0921918279247195,0.24822368477837806,0.0030730609308239824
8,4,player,1071.05908203125,254.47747802734375,52.1396484375,105.20579528808594,0.815823495388031,0.26666666666666666,2.1444833353543538,0.5956898153762094,1.6038766589851658,0.019856327179206976
8,5,player,211.24136352539062,441.3330993652344,51.07209777832031,123.05255126953125,0.4522528350353241,0.26666666666666666,0.057054094451361566,0.015848359569822657,0.04267122475677954,0.0005282786523274218
8,6,player,55.37607192993164,373.09747314453125,71.80420684814453,108.6881103515625,0.4095531105995178,0.26666666666666666,0.5918794998022917,0.16441097216730324,0.4426715279220616,0.005480365738910107
8,7,player,1650.74658203125,342.177001953125,70.535400390625,128.049072265625,0.3498866558074951,0.26666666666666666,0.2283335430939786,0.06342598419277183,0.17077252790649544,0.002114199473092394
8,8,player,1695.434814453125,166.5154571533203,45.9522705078125,65.366455078125,0.2995462417602539,0.26666666666666666,0.1456387856005579,0.040455218222377194,0.10892444115406562,0.0013485072740792394
9,1,player,1524.786865234375,137.74563598632812,43.1817626953125,119.28907775878906,0.6838497519493103,0.3,0.08780343550039921,0.024389843194555335,0.06566890889573164,0.0008129947731518443
9,2,player,654.1489868164062,831.41357421875,158.5894775390625,193.27142333984375,0.8441903591156006,0.3,25.273637024488632,7.02045472902462,18.90236022959931,0.23401515763415395
9,3,player,404.9513244628906,128.77236938476562,43.0081787109375,135.0054473876953,0.44982069730758667,0.3,0.1158088341810514,0.03216912060584761,0.08661437605276594,0.00107230402019492
9,4,player,1070.55908203125,255.33724975585938,46.7728271484375,107.742431640625,0.8379598259925842,0.3,1.3298277531061926,0.3693965980850535,0.9945890735146579,0.012313219936168447
9,5,player,211.35870361328125,441.8670654296875,50.98524475097656,124.13619995117188,0.4472539722919464,0.3,0.7309813185785543,0.20305036627182063,0.5467069180225712,0.00676834554239402
9,6,player,55.00935363769531,373.06732177734375,72.13119506835938,109.00338745117188,0.4334222376346588,0.3,0.4919797929162405,0.13666105358784458,0.36795571853689735,0.004555368452928151
9,7,player,1650.772705078125,341.79931640625,70.5447998046875,127.39816284179688,0.31482404470443726,0.3,0.5061956626237393,0.140609906284372,0.37858788397979837,0.004686996876145733
9,8,player,1695.544921875,165.9573516845703,45.71337890625,65.8885498046875,0.28037524223327637,0.3,0.760605673840253,0.2112793538445147,0.5688632160727362,0.007042645128150489
10,1,player,1524.755126953125,137.98118591308594,43.2410888671875,119.10199737548828,0.6799700260162354,0.3333333333333333,0.3177910575889122,0.08827529377469782,0.2376785360362078,0.002942509792489927
10,2,player,668.5306396484375,828.169921875,159.78228759765625,192.61273193359375,0.827679455280304,0.3333333333333333,19.712184095596523,5.475606693221256,14.742904012038718,0.18252022310737517
10,3,player,404.987548828125,128.6848602294922,42.876983642578125,135.03695678710938,0.4359932541847229,0.3333333333333333,0.12663370320141518,0.03517602866705977,0.09471038429498631,0.001172534288901992
10,4,player,1071.3963623046875,254.33181762695312,45.056884765625,106.44026184082031,0.8228651285171509,0.3333333333333333,1.7494235411082004,0.4859509836411668,1.308408201642182,0.016198366121372224
10,5,player,211.35507202148438,442.8946533203125,51.13909912109375,126.0048828125,0.44935983419418335,0.3333333333333333,1.373957814169686,0.3816549483804683,1.0275943077976426,0.012721831612682274
10,6,player,54.588134765625,372.8747253417969,72.93299865722656,109.28961181640625,0.41679099202156067,0.3333333333333333,0.6192760897367686,0.17202113603799127,0.46316166202908876,0.005734037867933041
10,7,player,1650.94189453125,341.9410400390625,70.935302734375,127.6651611328125,0.31970545649528503,0.3333333333333333,0.2950962643252099,0.08197118453478053,0.22070491418704047,0.002732372817826017
10,8,player,1695.708251953125,165.83920288085938,45.678466796875,66.11634826660156,0.2891753911972046,0.3333333333333333,0.2695295619248333,0.07486932275689813,0.20158336796135798,0.0024956440918966036
11,1,player,1524.749267578125,137.90463256835938,43.2138671875,119.2469253540039,0.6875814199447632,0.36666666666666664,0.10265598832953274,0.028515552313759095,0.07677725486245611,0.0009505184104586363
11,2,player,675.231689453125,827.1107788085938,163.03155517578125,194.8763427734375,0.7672983407974243,0.36666666666666664,9.070946996524036,2.5197074990344546,6.784235588481492,0.08399024996781514
11,3,player,404.87396240234375,128.55117797851562,42.926971435546875,135.32814025878906,0.43175432085990906,0.36666666666666664,0.2345499578433518,0.06515276606759772,0.17542183543652728,0.0021717588689199236
11,4,player,1071.939697265625,254.24420166015625,47.5098876953125,108.25599670410156,0.8170086145401001,0.36666666666666664,0.7358575883486956,0.20440488565241544,0.5503539201411268,0.006813496188413847
11,5,player,211.1495361328125,443.21771240234375,51.17488098144531,126.57156372070312,0.4433145821094513,0.36666666666666664,0.5119608157355928,0.14221133770433134,0.38289968923337,0.004740377923477711
11,6,player,54.879669189453125,372.7244567871094,72.3507080078125,109.422119140625,0.41985049843788147,0.36666666666666664,0.438533995202706,0.12181499866741832,0.3279831684776934,0.00406049995558061
11,7,player,1651.2379150390625,342.0357666015625,71.2236328125,127.88278198242188,0.32015472650527954,0.36666666666666664,0.41556896829099177,0.1154358245252755,0.3108074366688107,0.0038478608175091826
11,8,player,1695.888427734375,165.5882568359375,45.77392578125,66.83255004882812,0.30288615822792053,0.36666666666666664,0.41305760302682915,0.1147382230630081,0.30892916600894055,0.0038246074354336026
12,1,player,1524.816650390625,137.64796447753906,43.1146240234375,119.54863739013672,0.6922184824943542,0.4,0.35481052003176755,0.0985584777866021,0.2653656953446589,0.003285282592886741
12,2,player,678.4172973632812,825.302490234375,160.1502685546875,197.38043212890625,0.8040046095848083,0.4,4.897739570167076,1.3604832139352987,3.663059557924243,0.045349440464510025
12,3,player,404.91937255859375,128.58900451660156,42.99810791015625,135.543212890625,0.4419753849506378,0.4,0.0790217429523719,0.021950484153436638,0.059101009079509756,0.0007316828051145556
12,4,player,1072.963623046875,254.26876831054688,52.7633056640625,108.63365173339844,0.8069212436676025,0.4,1.3694467525702683,0.3804018757139634,1.024220447862587,0.012680062523798798
12,5,player,211.05514526367188,442.7735290527344,50.38691711425781,125.65203857421875,0.44934511184692383,0.4,0.6071625460911934,0.16865626280310925,0.4541018434749267,0.005621875426770316
12,6,player,54.943058013916016,372.6886901855469,72.27971649169922,109.489990234375,0.4184716045856476,0.4,0.09731567496717135,0.027032131935325374,0.07278319073878109,0.0009010710645108471
12,7,player,1651.3643798828125,342.09466552734375,71.1689453125,128.16009521484375,0.32337379455566406,0.4,0.18653071445712932,0.051814087349202585,0.13950784982536685,0.001727136244973422
12,8,player,1695.908447265625,165.30859375,45.7725830078125,67.22752380371094,0.30463120341300964,0.4,0.374883864295401,0.1041344067487225,0.28037871400581615,0.0034711468916240884
13,1,player,1524.8758544921875,137.54495239257812,43.04443359375,119.41948699951172,0.6947295665740967,0.43333333333333335,0.1588608925175909,0.0441280256993308,0.11881336326281745,0.0014709341899776932
13,2,player,681.4068603515625,822.9073486328125,149.99578857421875,195.76177978515625,0.8062254190444946,0.43333333333333335,5.121872694430333,1.4227424151195371,3.8306905581678734,0.047424747170651226
13,3,player,404.86383056640625,128.5079345703125,43.06439208984375,135.8159637451172,0.4336344301700592,0.43333333333333335,0.1313948747079318,0.03649857630775883,0.09827130347903089,0.0012166192102586273
13,4,player,1073.93896484375,254.42372131347656,57.5845947265625,108.18368530273438,0.7844946980476379,0.43333333333333335,1.3204479233430764,0.3667910898175212,0.9875738219739735,0.012226369660584036
13,5,player,210.93173217773438,441.6309814453125,49.66361999511719,123.5096435546875,0.4428463876247406,0.43333333333333335,1.5365436065574416,0.4268176684881782,1.1491935541961884,0.014227255616272604
13,6,player,54.82297897338867,372.659912109375,72.55547332763672,109.42501831054688,0.4214861989021301,0.43333333333333335,0.16509962879729773,0.045861007999249366,0.12347936524829443,0.0015287002666416452
13,7,player,1651.52001953125,342.0994873046875,71.6820068359375,128.239990234375,0.34469982981681824,0.43333333333333335,0.2081997790559208,0.057833271959978,0.1557143208009504,0.0019277757319992662
13,8,player,1695.8515625,165.12237548828125,45.7406005859375,67.37359619140625,0.29922357201576233,0.43333333333333335,0.2603433310409251,0.07231759195581253,0.1947129106088347,0.002410586398527084
14,1,player,1524.919189453125,137.48110961914062,43.0361328125,119.22074890136719,0.6978353261947632,0.4666666666666667,0.1031690677675863,0.028658074379885084,0.07716099117848738,0.0009552691459961693
14,2,player,685.8013305664062,821.7072143554688,145.680419921875,191.7431640625,0.7960500121116638,0.4666666666666667,6.0908576813678685,1.6919049114910745,4.555402370022244,0.0563968303830358
14,3,player,404.8488464355469,128.49215698242188,43.06329345703125,135.89862060546875,0.4352038502693176,0.4666666666666667,0.0290932159463814,0.008081448873994833,0.02175905460394065,0.00026938162913316106
14,4,player,1074.4669189453125,255.16017150878906,60.345703125,108.41751098632812,0.7877991795539856,0.4666666666666667,1.2115692989641476,0.33654702749004095,0.9061426066202195,0.01121823424966803
14,5,player,210.82705688476562,441.234130859375,49.20649719238281,122.64083862304688,0.4455126225948334,0.4666666666666667,0.548761635049289,0.15243378751369138,0.41042332355390176,0.005081126250456378
14,6,player,54.864288330078125,372.64886474609375,72.52020263671875,109.38211059570312,0.40985167026519775,0.4666666666666667,0.05717419310841318,0.01588172030789255,0.04276104752650917,0.0005293906769297515
14,7,player,1651.658447265625,342.01226806640625,71.8175048828125,128.03292846679688,0.34221866726875305,0.4666666666666667,0.21876170329686634,0.060767139804685094,0.1636136704880036,0.002025571326822836
14,8,player,1695.827880859375,165.0748291015625,45.70361328125,67.38587951660156,0.29074886441230774,0.4666666666666667,0.07102154554922639,0.01972820709700733,0.05311759588592632,0.0006576069032335775
15,1,player,1524.939453125,137.5703887939453,43.0819091796875,119.01880645751953,0.6986514329910278,0.5,0.12240796198654945,0.0340022116629304,0.09154991781352735,0.0011334070554310132
15,2,player,696.4177856445312,820.698486328125,141.2691650390625,186.85491943359375,0.790949821472168,0.5,14.258795257755304,3.9607764604875846,10.664269813681335,0.1320258820162528
15,3,player,404.77069091796875,128.45291137695312,43.260528564453125,136.0389862060547,0.4372146427631378,0.5,0.11693375992112762,0.032481599978091004,0.08745571723171325,0.0010827199992697
15,4,player,1074.6590576171875,255.105712890625,61.65087890625,110.08563232421875,0.7916845679283142,0.5,0.2670211573688273,0.07417254371356315,0.19970731163937908,0.0024724181237854377
15,5,player,210.63839721679688,441.0084533691406,48.85823059082031,122.121337890625,0.4345412254333496,0.5,0.39329370117632284,0.10924825032675634,0.2941475818642156,0.0036416083442252106
15,6,player,54.78730392456055,372.74578857421875,72.62598419189453,109.14120483398438,0.40780532360076904,0.5,0.1654980248314338,0.04597167356428716,0.12377732890678912,0.0015323891188095717
15,7,player,1651.825439453125,341.9836730957031,72.2935791015625,127.9305419921875,0.3464702069759369,0.5,0.2265287852239779,0.06292466256221609,0.16942273470685018,0.002097488752073869
15,8,player,1695.642578125,164.6211395263672,45.848876953125,68.24801635742188,0.30040109157562256,0.5,0.6552579422893506,0.18201609508037517,0.4900727843981493,0.006067203169345838
16,1,player,1524.963623046875,137.60769653320312,43.071044921875,119.00484466552734,0.6967141628265381,0.5333333333333333,0.05943618850518564,0.016510052362551566,0.0444528124191544,0.0005503350787517188
16,2,player,711.02099609375,817.9617919921875,129.48199462890625,176.82965087890625,0.7102140188217163,0.5333333333333333,19.865313629128323,5.5181426747578675,14.857430844951764,0.18393808915859555
16,3,player,404.6781005859375,128.3514404296875,43.47686767578125,136.37521362304688,0.44445160031318665,0.5333333333333333,0.18366646390354263,0.05101846219542851,0.13736565336589918,0.0017006154065142831
16,4,player,1074.977294921875,253.63018798828125,63.4718017578125,109.27336120605469,0.7964373826980591,0.5333333333333333,2.0182331613979305,0.5606203226105363,1.509453119355251,0.018687344087017874
16,5,player,210.58860778808594,441.7754211425781,49.162261962890625,123.6597900390625,0.44843587279319763,0.5333333333333333,1.027642398250691,0.2854562217363031,0.7685821704300965,0.0095152073912101
16,6,player,54.769737243652344,372.78985595703125,72.42901611328125,109.21929931640625,0.40021416544914246,0.5333333333333333,0.0634298068184447,0.017619390782901305,0.04743967228042421,0.0005873130260967101
16,7,player,1651.902099609375,341.8450927734375,72.3524169921875,127.70443725585938,0.3377273380756378,0.5333333333333333,0.21175155217010688,0.058819875602807464,0.15837072101723504,0.0019606625200935817
16,8,player,1695.469970703125,164.70211791992188,46.0577392578125,68.09147644042969,0.2976694405078888,0.5333333333333333,0.2549228870802071,0.0708119130778353,0.19065891615403693,0.0023603971025945095
17,1,player,1524.97216796875,137.6090850830078,43.0789794921875,118.9280014038086,0.6940279603004456,0.5666666666666667,0.01157495866605854,0.0032152662961273722,0.00865700643467193,0.00010717554320424572
17,2,player,721.28564453125,816.3582763671875,109.28619384765625,171.55303955078125,0.6658681035041809,0.5666666666666667,13.89093207299095,3.858592242497486,10.389141923426127,0.12861974141658283
17,3,player,404.67645263671875,128.3260955810547,43.5286865234375,136.4846954345703,0.4400199055671692,0.5666666666666667,0.033959205197748685,0.00943311255493019,0.025398367838263866,0.00031443708516433965
17,4,player,1075.02392578125,252.91490173339844,63.7698974609375,108.41775512695312,0.7881225943565369,0.5666666666666667,0.9584125774311235,0.26622571595308986,0.7168046201513567,0.00887419053176966
17,5,player,210.4151153564453,442.681884765625,49.64788818359375,125.40957641601562,0.43976643681526184,0.5666666666666667,1.2339978089969876,0.3427771691658299,0.9229170730590285,0.011425905638860994
17,6,player,54.5718994140625,372.8817443847656,72.87771606445312,109.0419921875,0.3969683051109314,0.5666666666666667,0.2916613903288881,0.08101705286913558,0.21813594377890938,0.0027005684289711854
17,7,player,1651.943115234375,341.84710693359375,72.5701904296875,127.8197021484375,0.3360893130302429,0.5666666666666667,0.05490653847705119,0.01525181624362533,0.04106505004594114,0.0005083938747875109
17,8,player,1695.407470703125,164.7024688720703,46.2752685546875,68.20980834960938,0.30619266629219055,0.5666666666666667,0.08356772369982136,0.02321325658328371,0.06250098533151692,0.0007737752194427902
18,1,player,1524.97705078125,137.6503143310547,43.0198974609375,118.83332061767578,0.7008699774742126,0.6,0.055511330452770666,0.015419814014658518,0.04151737892040997,0.0005139938004886171
18,2,player,735.390625,813.797607421875,75.7537841796875,165.89923095703125,0.6421544551849365,0.6,19.16750326897161,5.324306463603225,14.33553275854465,0.17747688212010745
18,3,player,404.7215270996094,128.3778533935547,43.489013671875,136.4119110107422,0.44004884362220764,0.6,0.09176748401048357,0.02549096778068988,0.06863365325890416,0.0008496989260229959
18,4,player,1075.921142578125,254.656982421875,65.4793701171875,112.32066345214844,0.7995157241821289,0.6,2.6200431770286654,0.7277897713968515,1.9595517614387248,0.024259659046561712
18,5,player,210.3390350341797,442.43096923828125,49.052825927734375,125.07583618164062,0.427548348903656,0.6,0.35057263018006596,0.09738128616112943,0.2621961427981608,0.0032460428720376467
18,6,player,54.37944030761719,372.84234619140625,73.1961669921875,109.03836059570312,0.3571050763130188,0.6,0.2626663459991039,0.07296287388863996,0.19645031253146641,0.002432095796287998
18,7,player,1652.00341796875,341.8522644042969,73.0509033203125,127.85516357421875,0.35070931911468506,0.6,0.08092287626283909,0.022478576739677524,0.06052288226080611,0.000749285891322584
18,8,player,1695.4796142578125,164.70916748046875,46.556640625,68.34201049804688,0.31180045008659363,0.6,0.09687535771888785,0.026909821588579956,0.07245387386071168,0.000896994052952665
19,1,player,1524.965576171875,137.73934936523438,43.0509033203125,119.04706573486328,0.6982093453407288,0.6333333333333333,0.12002997038061308,0.03334165843905919,0.08977139840554428,0.001111388614635306
19,2,player,748.9508056640625,818.2332153320312,74.09027099609375,174.61962890625,0.685490071773529,0.6333333333333333,19.07614378548816,5.298928829302267,14.26720425222318,0.1766309609767422
19,3,player,404.83929443359375,128.5155792236328,43.433746337890625,136.34588623046875,0.44799596071243286,0.6333333333333333,0.2422908853699799,0.0673030237138833,0.18121133856493607,0.0022434341237961095
19,4,player,1076.09326171875,255.22564697265625,66.0322265625,113.96269226074219,0.8391147255897522,0.6333333333333333,0.7944045982399123,0.2206679439555312,0.594141708588725,0.0073555981318510376
19,5,player,210.39108276367188,442.06292724609375,48.351959228515625,124.893798828125,0.4198439121246338,0.6333333333333333,0.49699149846154295,0.13805319401709526,0.37170401418149324,0.004601773133903174
19,6,player,53.7394905090332,373.0487060546875,74.32833099365234,108.71316528320312,0.3492538332939148,0.6333333333333333,0.8990392122127858,0.24973311450355162,0.6723987937832268,0.008324437150118385
19,7,player,1651.86669921875,341.99725341796875,73.0694580078125,128.33004760742188,0.3522089719772339,0.6333333333333333,0.266454217336871,0.07401506037135307,0.19928329254381977,0.002467168679045102
19,8,player,1695.484375,164.37875366210938,46.4835205078125,69.29988098144531,0.32737505435943604,0.6333333333333333,0.44182978139041046,0.12273049483066957,0.3304481139740366,0.004091016494355651
20,1,player,1525.0093994140625,137.70977783203125,42.96875,119.2469253540039,0.6969499588012695,0.6666666666666666,0.07068689344281835,0.019635248178560653,0.05286730683331433,0.0006545082726186883
20,2,player,758.320556640625,818.62841796875,67.34075927734375,177.87359619140625,0.6933816075325012,0.6666666666666666,12.53908151377652,3.4830781982712553,9.378081812762318,0.11610260660904181
20,3,player,404.83880615234375,128.47142028808594,43.42510986328125,136.33038330078125,0.442079097032547,0.6666666666666666,0.059046866117456714,0.016401907254849087,0.0441616350151595,0.0005467302418283028
20,4,player,1076.1090087890625,254.9487762451172,65.10498046875,113.57223510742188,0.8313048481941223,0.6666666666666666,0.37079173189351705,0.10299770330375474,0.27731817465041236,0.003433256776791824
20,5,player,210.3084716796875,442.1956787109375,48.19352722167969,125.34524536132812,0.4140933156013489,0.6666666666666666,0.20905921456905588,0.05807200404695997,0.15635709966367006,0.0019357334682319986
20,6,player,53.508140563964844,373.10870361328125,74.68096923828125,108.59039306640625,0.3451341986656189,0.6666666666666666,0.3195621448005599,0.08876726244459997,0.23900314667456443,0.0029589087481533315
20,7,player,1651.768798828125,342.13616943359375,72.9613037109375,128.668212890625,0.34864071011543274,0.6666666666666666,0.22723040217579085,0.0631195561599419,0.1699474797743492,0.002103985205331396
20,8,player,1695.40673828125,164.3365478515625,46.2462158203125,69.47364807128906,0.31641533970832825,0.6666666666666666,0.11815268501107415,0.03282019028085393,0.08836736129468452,0.0010940063426951308
21,1,player,1525.0289306640625,137.6957244873047,42.93603515625,119.36968994140625,0.6955758929252625,0.7,0.03217201947458802,0.008936672076274448,0.024061716991231153,0.0002978890692091482
21,2,player,768.42041015625,818.4176025390625,66.99957275390625,184.3807373046875,0.6307185292243958,0.7,13.507076859243782,3.751965794234384,10.102053463651684,0.12506552647447944
21,3,player,404.838134765625,128.45138549804688,43.3836669921875,136.33157348632812,0.44069749116897583,0.7,0.026802803433530663,0.0074452231759807395,0.02004603631732298,0.0002481741058660246
21,4,player,1076.6361083984375,254.96961975097656,65.41162109375,110.64199829101562,0.8393304944038391,0.7,0.7053159302696194,0.19592109174156092,0.527511563797219,0.006530703058052029
21,5,player,210.18585205078125,441.80078125,48.72454833984375,125.02093505859375,0.4013173282146454,0.7,0.5528710238215956,0.15357528439488766,0.41349676909014754,0.005119176146496254
21,6,player,53.40554428100586,372.47076416015625,76.43904876708984,109.61196899414062,0.3340423107147217,0.7,0.8639252632319743,0.23997923978665953,0.6461367836073288,0.007999307992888649
21,7,player,1651.67578125,342.25042724609375,72.8695068359375,128.8221435546875,0.3484046459197998,0.7,0.19699390425087726,0.054720528958577014,0.14733335521030408,0.0018240176319525667
21,8,player,1695.3720703125,164.38037109375,46.0721435546875,69.37930297851562,0.30817511677742004,0.7,0.07471230334884907,0.02075341759690252,0.05587794388732693,0.0006917805865634172
22,1,player,1525.022216796875,137.74945068359375,42.9305419921875,119.55872344970703,0.7001795768737793,0.7333333333333333,0.07239400391684284,0.020109445532456343,0.05414406874535993,0.0006703148510818779
22,2,player,778.905029296875,817.05810546875,66.57867431640625,188.85028076171875,0.7468440532684326,0.7333333333333333,14.135948765089413,3.926652434747059,10.572391915179288,0.1308884144915686
22,3,player,404.8052978515625,128.47605895996094,43.302032470703125,136.2599639892578,0.4355582892894745,0.7333333333333333,0.05491800335761007,0.015255000932669464,0.04107362472405744,0.000508500031088982
22,4,player,1077.43115234375,254.96180725097656,66.9830322265625,108.26858520507812,0.8368538022041321,0.7333333333333333,1.063074766725619,0.29529854631267194,0.795082329154859,0.009843284877089062
22,5,player,210.2723846435547,441.52886962890625,49.20440673828125,125.12338256835938,0.40050452947616577,0.7333333333333333,0.38152890259118494,0.10598025071977359,0.2853485925984648,0.003532675023992452
22,6,player,53.32200622558594,372.262939453125,77.267578125,110.03756713867188,0.33592888712882996,0.7333333333333333,0.29948324339827737,0.08318978983285483,0.22398597178387497,0.0027729929944284937
22,7,player,1651.748779296875,342.2871398925781,73.405517578125,128.87689208984375,0.3547368049621582,0.7333333333333333,0.10925145181536702,0.030347625504268616,0.08171005604851456,0.0010115875168089537
22,8,player,1695.365966796875,164.50682067871094,46.0701904296875,69.06906127929688,0.31187522411346436,0.7333333333333333,0.16926783743569013,0.04701884373213615,0.1265968026443716,0.0015672947910712045
23,1,player,1525.0006103515625,137.73748779296875,42.9755859375,119.64924621582031,0.7025672793388367,0.7666666666666667,0.03302163347445798,0.009172675965127218,0.02469715026369978,0.0003057558655042415
23,2,player,786.1137084960938,816.8348388671875,72.3955078125,193.31451416015625,0.7798224091529846,0.7666666666666667,9.643076413463621,2.678632337073228,7.212135867593063,0.08928774456910787
23,3,player,405.23724365234375,127.85743713378906,42.036224365234375,135.33050537109375,0.42859867215156555,0.7666666666666667,1.0088135575685602,0.28022598821348893,0.7544999261953449,0.009340866273782994
23,4,player,1077.5087890625,255.2035369873047,68.1649169921875,106.43270874023438,0.8411861658096313,0.7666666666666667,0.33946836069643616,0.09429676686012116,0.253891168659982,0.0031432255620040483
23,5,player,210.34445190429688,441.50146484375,49.80256652832031,125.23361206054688,0.40366679430007935,0.7666666666666667,0.10309014012518661,0.028636150034774058,0.07710196054798256,0.0009545383344924716
23,6,player,53.162841796875,372.22418212890625,77.84114074707031,110.2027587890625,0.33184337615966797,0.7666666666666667,0.21903126612545443,0.06084201836818178,0.16381527873637552,0.002028067278939399
23,7,player,1651.6617431640625,342.39227294921875,73.82666015625,129.06915283203125,0.36231184005737305,0.7666666666666667,0.18248942980912608,0.0506915082803128,0.13648533992175133,0.0016897169426770985
23,8,player,1695.350341796875,164.4716796875,46.046875,69.13887023925781,0.31204694509506226,0.7666666666666667,0.051420960386044545,0.014283600107234595,0.038458157629912365,0.000476120003574488
24,1,player,1524.970458984375,137.78404235839844,42.9912109375,119.6806640625,0.7044477462768555,0.8,0.07416097045240802,0.02060026957011334,0.05546559749630852,0.0006866756523371112
24,2,player,797.8487548828125,815.5697021484375,80.180908203125,194.62310791015625,0.7846841812133789,0.8,15.781409611098558,4.383724891971822,11.803045565258584,0.14612416306572737
24,3,player,404.9935607910156,128.33702087402344,42.69482421875,135.82797241210938,0.4234437942504883,0.8,0.7192624549604654,0.19979512637790703,0.5379422838950798,0.0066598375459302325
24,4,player,1076.13916015625,255.14505004882812,67.2047119140625,105.51417541503906,0.8272886276245117,0.8,1.8329483817833065,0.5091523282731407,1.3708771144081195,0.016971744275771354
24,5,player,210.70681762695312,440.5361633300781,49.180877685546875,123.3682861328125,0.3956174850463867,0.8,1.3786118946034245,0.38294774850095126,1.0310751326908236,0.012764924950031706
24,6,player,53.1436882019043,372.9457092285156,76.3121109008789,108.77093505859375,0.32721883058547974,0.8,0.9650666822385403,0.2680740783995945,0.7217812796623494,0.008935802613319815
24,7,player,1651.8111572265625,342.46722412109375,74.505615234375,129.1944580078125,0.36520078778266907,0.8,0.22350246619755615,0.06208401838821004,0.16715932590851668,0.002069467279607001
24,8,player,1695.1162109375,164.2102813720703,45.760009765625,68.87344360351562,0.2846437692642212,0.8,0.46920481529451613,0.13033467091514336,0.3509221261493131,0.0043444890305047775
25,1,player,1524.95458984375,137.84996032714844,42.9864501953125,119.59162139892578,0.7067638039588928,0.8333333333333334,0.09065449627357049,0.025181804520436245,0.06780124061034579,0.0008393934840145414
25,2,player,811.8275146484375,814.5819702148438,89.5325927734375,195.436767578125,0.7691016793251038,0.8333333333333334,18.737075937767344,5.204743316046484,14.013612630499573,0.17349144386821608
25,3,player,405.33880615234375,127.83711242675781,41.7137451171875,135.11724853515625,0.4253148138523102,0.8333333333333334,0.8123167103743905,0.2256435306595529,0.6075383240307691,0.0075214510219850945
25,4,player,1074.4013671875,255.0358123779297,67.7635498046875,106.49801635742188,0.764957070350647,0.8333333333333334,2.328123875788939,0.6467010766080385,1.7412229239762076,0.02155670255360128
25,5,player,211.07052612304688,440.01776123046875,49.02398681640625,122.35208129882812,0.40247786045074463,0.8333333333333334,0.8467149334531309,0.23519859262586967,0.6332650369396574,0.007839953087528988
25,6,player,53.24619674682617,373.2101135253906,75.51152801513672,108.16302490234375,0.3250638544559479,0.8333333333333334,0.3791642252130877,0.10532339589252436,0.283580031010583,0.0035107798630841444
25,7,player,1652.01123046875,342.3561096191406,74.7379150390625,128.93658447265625,0.3663533329963684,0.8333333333333334,0.3059967211439503,0.08499908920665286,0.2288574551630535,0.002833302973555095
25,8,player,1695.000244140625,164.1571044921875,45.6976318359375,68.8037109375,0.28815722465515137,0.8333333333333334,0.1705794056377005,0.04738316823269458,0.127577735249998,0.001579438941089819
26,1,player,1524.9393310546875,137.863525390625,43.0361328125,119.60481262207031,0.7035467028617859,0.8666666666666667,0.027298402368323097,0.007582889546756416,0.020416698821725306,0.00025276298489188047
26,2,player,817.9254150390625,813.435302734375,92.66766357421875,195.83880615234375,0.7872815728187561,0.8666666666666667,8.29617226263748,2.3044922951770777,6.204775216295033,0.0768164098392359
26,3,player,404.5367431640625,128.14822387695312,42.97308349609375,135.98068237304688,0.41094666719436646,0.8666666666666667,1.150258768568776,0.31951632460243773,0.860287958542533,0.010650544153414588
26,4,player,1072.704833984375,255.12042236328125,67.4439697265625,107.12257385253906,0.7534570693969727,0.8666666666666667,2.271190170723865,0.630886158534407,1.698641739427936,0.02102953861781356
26,5,player,211.0789794921875,440.403076171875,49.496795654296875,123.26690673828125,0.4003375172615051,0.8666666666666667,0.5153141278966731,0.1431428133046314,0.3854076588765843,0.0047714271101543795
26,6,player,53.26701354980469,373.4107666015625,75.26065063476562,107.70693969726562,0.326340913772583,0.8666666666666667,0.26972562927154836,0.07492378590876343,0.2017300083365948,0.0024974595302921137
26,7,player,1652.004638671875,342.447509765625,74.8251953125,129.21896362304688,0.37819886207580566,0.8666666666666667,0.12252511705798261,0.0340347547383285,0.09163753905145242,0.00113449182461095
26,8,player,1694.927001953125,164.1575927734375,45.578369140625,68.7001953125,0.28585830330848694,0.8666666666666667,0.0979315585085353,0.02720321069681536,0.07324381508608258,0.0009067736898938452
27,1,player,1524.912841796875,137.93832397460938,43.0482177734375,119.52873229980469,0.6962782144546509,0.9,0.10609663768421643,0.029471288245615672,0.0793505447084309,0.0009823762748538555
27,2,player,828.72119140625,814.4180908203125,99.05194091796875,196.20819091796875,0.7711459994316101,0.9,14.494316230392368,4.0261989528867685,10.840417879038835,0.13420663176289224
27,3,player,404.2611083984375,128.36318969726562,43.335113525390625,136.12091064453125,0.4096846282482147,0.9,0.46736948047933713,0.12982485568870475,0.34954946420181326,0.00432749518962349
27,4,player,1066.6109619140625,254.5827178955078,59.591064453125,106.01876831054688,0.7260132431983948,0.9,8.179545046897273,2.2720958463603536,6.117548765968136,0.07573652821201177
27,5,player,211.40682983398438,441.4805908203125,53.43428039550781,126.35833740234375,0.3466106355190277,0.9,1.505916858557405,0.41831023848816806,1.1262875584031447,0.013943674616272266
27,6,player,52.972991943359375,372.635009765625,77.38247680664062,109.03192138671875,0.32368117570877075,0.9,1.1092360863850588,0.30812113510696076,0.8296067583864318,0.010270704503565356
27,7,player,1651.955322265625,342.46795654296875,74.8663330078125,129.21652221679688,0.37975654006004333,0.9,0.07138184159284273,0.019828289331345204,0.05338706424930975,0.0006609429777115067
27,8,player,1694.840087890625,164.11917114257812,45.5811767578125,69.07487487792969,0.2916044592857361,0.9,0.12705806003606926,0.035293905565574796,0.09502776424891823,0.0011764635188524929
28,1,player,1524.933349609375,137.96246337890625,42.922607421875,119.45314025878906,0.6936906576156616,0.9333333333333333,0.0423509394529382,0.011764149848038388,0.03167461465184925,0.0003921383282679462
28,2,player,841.9212646484375,817.21826171875,107.607666015625,197.03558349609375,0.8555159568786621,0.9333333333333333,18.04206645835784,5.0116851273216225,13.493809345754471,0.16705617091072072
28,3,player,404.19110107421875,128.47775268554688,43.622772216796875,136.0964813232422,0.4053196907043457,0.9333333333333333,0.17951379279559962,0.049864942443222114,0.13425983661616384,0.0016621647481074033
28,4,player,1060.013671875,254.41517639160156,51.1258544921875,104.81613159179688,0.7328193783760071,0.9333333333333333,8.82383312173774,2.451064756038261,6.599417096611219,0.08170215853460869
28,5,player,211.26425170898438,441.6255187988281,55.91041564941406,127.94915771484375,0.32181641459465027,0.9333333333333333,0.2718305631380091,0.07550848976055807,0.20330430562371543,0.0025169496586852688
28,6,player,53.1107292175293,373.2761535644531,76.3085708618164,107.62066650390625,0.29850319027900696,0.9333333333333333,0.8768081614610304,0.24355782262806397,0.6557720087587754,0.00811859408760213
28,7,player,1652.0302734375,342.4351501464844,75.4146728515625,129.0277099609375,0.3869451880455017,0.9333333333333333,0.10939375886139396,0.0303871552392761,0.08181648865434035,0.0010129051746425365
28,8,player,1694.9324951171875,164.79513549804688,46.101318359375,67.99552917480469,0.3104190528392792,0.9333333333333333,0.9122126964515509,0.25339241568098636,0.6822513505924747,0.008446413856032876
28,10,player,213.8201141357422,429.2752990722656,44.41314697265625,104.6746826171875,0.38139939308166504,0.9333333333333333,0.0,0.0,0.0,0.0
29,1,player,1525.0068359375,137.92913818359375,42.8009033203125,119.34773254394531,0.692451536655426,0.9666666666666667,0.10788701771744719,0.02996861603262422,0.08068958460614008,0.0009989538677541404
29,2,player,851.9237060546875,818.338134765625,113.75946044921875,197.32049560546875,0.8538660407066345,0.9666666666666667,13.457449356805451,3.738180376890403,10.064936647916944,0.12460601256301342
29,3,player,404.1475524902344,128.58030700683594,43.7572021484375,136.06494140625,0.4057486653327942,0.9666666666666667,0.1489722131509115,0.04138117031969764,0.11141753893397763,0.001379372343989921
29,4,player,1055.978515625,254.80369567871094,47.3795166015625,108.21273803710938,0.7822497487068176,0.9666666666666667,5.420206845748004,1.505613012707779,4.053817114568693,0.05018710042359262
29,5,player,210.89784240722656,441.6820983886719,57.813751220703125,128.51983642578125,0.31136050820350647,0.9666666666666667,0.49571856155488464,0.1376996004319124,0.3707519742382159,0.004589986681063745
29,6,player,53.637847900390625,373.5618591308594,74.994873046875,106.9158935546875,0.2980518341064453,0.9666666666666667,0.8016598777081516,0.22268329936337544,0.599567991554734,0.007422776645445847
29,7,player,1652.0107421875,342.43646240234375,75.4949951171875,129.00039672851562,0.37962666153907776,0.9666666666666667,0.0261733781059538,0.0072703828072093885,0.019575283957147697,0.00024234609357364623
29,8,player,1695.08203125,165.19288635253906,46.237548828125,67.3564453125,0.3052966594696045,0.9666666666666667,0.5681600013666315,0.15782222260184206,0.424931520678077,0.0052607407533947345
29,10,player,213.93702697753906,429.2631530761719,44.64404296875,104.86285400390625,0.37646687030792236,0.9666666666666667,0.15716109157060845,0.043655858769613455,0.11754206820594282,0.0014551952923204483
30,1,player,1525.043212890625,137.93386840820312,42.767333984375,119.27388000488281,0.6878973245620728,1.0,0.04904774169339192,0.013624372692608865,0.03668320792288461,0.0004541457564202954
30,2,player,860.791259765625,819.611328125,119.89337158203125,197.79443359375,0.8580868244171143,1.0,11.978060070465654,3.3272389084626814,8.958489278149415,0.1109079636154227
30,3,player,404.153564453125,128.7071533203125,43.917510986328125,136.18020629882812,0.4021154046058655,1.0,0.1697918340251168,0.04716439834031022,0.1269887039873729,0.0015721466113436738
30,4,player,1052.083984375,255.49136352539062,48.2889404296875,111.99639892578125,0.591334342956543,1.0,5.287783955765557,1.4688288766015434,3.9547769500420173,0.048960962553384765
30,5,player,212.5759735107422,440.80999755859375,54.99493408203125,127.95321655273438,0.3295617997646332,1.0,2.5286690086594006,0.7024080579609446,1.8912122721708222,0.023413601932031482
30,6,player,53.98943328857422,373.74505615234375,74.13362121582031,106.50814819335938,0.2813284993171692,1.0,0.5300798300488682,0.14724439723579671,0.3964510485103487,0.004908146574526556
30,7,player,1651.9371337890625,342.2624816894531,75.419677734375,128.7249755859375,0.3587058186531067,1.0,0.2525862345581241,0.07016284293281226,0.18891131458561142,0.0023387614310937414
30,8,player,1695.2042236328125,165.40574645996094,46.240234375,67.12258911132812,0.2940269112586975,1.0,0.32816755811943676,0.09115765503317688,0.2454392058108254,0.0030385885011058955
30,10,player,214.18826293945312,428.861083984375,44.24220275878906,105.38198852539062,0.37750884890556335,1.0,0.6339129689414453,0.17608693581706814,0.4741087039247942,0.005869564527235603
31,1,player,1525.099609375,137.91455078125,42.703369140625,119.34776306152344,0.6866657137870789,1.0333333333333334,0.07970658035617884,0.02214071676560523,0.05961320458555907,0.0007380238921868433
31,2,player,864.2133178710938,821.8748779296875,121.0831298828125,201.57904052734375,0.835536539554596,1.0333333333333334,5.4858909209342155,1.5238585891483931,4.102942772633465,0.0507952863049466
31,3,player,404.11553955078125,128.7282257080078,44.011199951171875,135.99911499023438,0.3947516977787018,1.0333333333333334,0.058126686932295925,0.016146301925637756,0.04347342546238198,0.0005382100641879269
31,4,player,1048.96484375,254.63262939453125,47.723388671875,113.87034606933594,0.6914277672767639,1.0333333333333334,4.325652925903624,1.201570257195451,3.23519126884767,0.04005234190651516
31,5,player,213.41070556640625,440.71685791015625,53.86521911621094,128.39791870117188,0.31971362233161926,1.0333333333333334,1.123015181651768,0.31194866156993556,0.8399122566460218,0.010398288718997884
31,6,player,53.950035095214844,373.96795654296875,74.30178833007812,105.94952392578125,0.28091928362846375,1.0333333333333334,0.30265141941360973,0.0840698387260027,0.22635547658662974,0.0028023279575334317
31,7,player,1652.9229736328125,343.376953125,75.7626953125,129.93020629882812,0.34495338797569275,1.0333333333333334,1.9894514038036526,0.5526253899454591,1.4879270070050268,0.018420846331515358
31,8,player,1695.279296875,165.46206665039062,46.283935546875,67.129638671875,0.29007306694984436,1.0333333333333334,0.12548426333715698,0.03485673981587694,0.0938507088016883,0.0011618913271959016
31,10,player,214.37503051757812,428.6704406738281,44.01853942871094,105.497314453125,0.3718324303627014,1.0333333333333334,0.3568404145039496,0.09912233736220821,0.266883870053906,0.0033040779120736175
32,1,player,1525.1424560546875,137.86679077148438,42.687255859375,119.36035919189453,0.6871981024742126,1.0666666666666667,0.08578958614049974,0.02383044059458326,0.06416273445743892,0.0007943480198194391
32,2,player,864.46728515625,822.7415771484375,117.413330078125,202.92144775390625,0.8156920671463013,1.0666666666666667,1.2075583704096684,0.33543288066935234,0.9031428002876933,0.011181096022311704
32,3,player,404.04583740234375,128.66705322265625,44.155059814453125,136.0384521484375,0.39279332756996155,1.0666666666666667,0.12399740911259338,0.03444372475349816,0.09273867834345285,0.0011481241584499345
32,4,player,1047.737548828125,254.80841064453125,48.6917724609375,112.5687255859375,0.6300593018531799,1.0666666666666667,1.6577158801126828,0.46047663336463407,1.2398192905063725,0.015349221112154414
32,5,player,213.2872314453125,440.9425964355469,54.38996887207031,128.8587646484375,0.3066135048866272,1.0666666666666667,0.34402735156849634,0.0955631532134712,0.2573008752907924,0.0031854384404490284
32,6,player,53.74267578125,374.11297607421875,74.64692687988281,105.72195434570312,0.273342490196228,1.0666666666666667,0.338328466552423,0.09398012959789527,0.25303863248907343,0.003132670986596498
32,7,player,1653.30078125,343.90106201171875,76.092529296875,130.65444946289062,0.33905741572380066,1.0666666666666667,0.8638590193512053,0.23996083870866813,0.6460872392660794,0.007998694623622243
32,8,player,1695.3388671875,165.3480987548828,46.2576904296875,67.0648193359375,0.2830139994621277,1.0666666666666667,0.1719428237866182,0.04776189549628283,0.12859744685578842,0.0015920631832094221
32,10,player,214.43771362304688,428.6793518066406,43.96549987792969,105.46527099609375,0.3631482422351837,1.0666666666666667,0.08465390298265041,0.023514973050736222,0.06331334771758994,0.0007838324350245379
33,1,player,1525.1549072265625,137.82623291015625,42.653076171875,119.39221954345703,0.6853312253952026,1.1,0.05672631322185859,0.01575730922829405,0.04242607448930679,0.0005252436409431367
33,2,player,867.1297607421875,823.115234375,110.84942626953125,202.91412353515625,0.814914882183075,1.1,3.59478297359404,0.9985508259983444,2.6885676425702245,0.03328502753327825
33,3,player,404.04132080078125,128.75051879882812,44.301116943359375,135.9320831298828,0.393058717250824,1.1,0.11176196716699724,0.031044990879721453,0.08358769105183757,0.0010348330293240516
33,4,player,1044.9366455078125,255.34683227539062,51.865478515625,110.36543273925781,0.683210015296936,1.1,3.813549134985474,1.0593192041626316,2.852184647303687,0.0353106401387545
33,5,player,212.26019287109375,441.4180603027344,57.02699279785156,129.76885986328125,0.28987109661102295,1.1,1.513229970745617,0.42034165854044914,1.1317570949343219,0.014011388618015016
33,6,player,53.65428161621094,374.189208984375,74.81077575683594,105.56216430664062,0.2779442369937897,1.1,0.15607010587289757,0.04335280718691599,0.11672611106279479,0.0014450935728972042
33,7,player,1653.3057861328125,344.08575439453125,76.211181640625,130.95431518554688,0.34126904606819153,1.1,0.2470359118160128,0.06862108661555912,0.18476018272594857,0.0022873695538519778
33,8,player,1695.366943359375,165.32228088378906,46.2335205078125,66.96157836914062,0.26784443855285645,1.1,0.05099861876160703,0.014166282989335286,0.0381422848682146,0.00047220943297784435
33,10,player,214.57638549804688,428.7515869140625,44.31636047363281,105.52920532226562,0.3550150990486145,1.1,0.20906031360571095,0.058072309334919706,0.1563579216421907,0.0019357436444973296
34,1,player,1525.135986328125,137.7952880859375,42.6563720703125,119.4751205444336,0.6882107853889465,1.1333333333333333,0.04849654053407031,0.013471261259463976,0.03627096005913721,0.00044904204198213096
34,2,player,873.2061767578125,822.3688354492188,100.99053955078125,201.6187744140625,0.8189522624015808,1.1333333333333333,8.185612263201605,2.2737811842226683,6.12208648675853,0.07579270614075534
34,3,player,404.067626953125,128.831787109375,44.35296630859375,135.850341796875,0.39474037289619446,1.1333333333333333,0.11421168739647304,0.03172546872124251,0.08541985688512888,0.0010575156240414131
34,4,player,1041.435302734375,256.3623046875,54.51220703125,109.51565551757812,0.6948054432868958,1.1333333333333333,4.874429172712113,1.3540081035311424,3.645625520655987,0.045133603451037924
34,5,player,212.42727661132812,441.385009765625,56.759918212890625,129.48321533203125,0.29717186093330383,1.1333333333333333,0.22773010158198112,0.06325836155055031,0.17032120905490977,0.002108612051685003
34,6,player,53.610347747802734,374.2765197753906,74.94086456298828,105.291748046875,0.2795755863189697,1.1333333333333333,0.1306862084322728,0.03630172456452022,0.09774128616446302,0.001210057485484003
34,7,player,1653.3594970703125,344.226318359375,76.218994140625,131.22235107421875,0.3341655135154724,1.1333333333333333,0.20119611194440515,0.055887808873445875,0.150476220778314,0.0018629269624481893
34,8,player,1695.395751953125,165.39364624023438,46.2117919921875,66.92617797851562,0.25842568278312683,1.1333333333333333,0.1029012644664022,0.02858368457400061,0.0769606988950792,0.000952789485800017
34,10,player,214.58485412597656,428.76068115234375,44.289825439453125,105.30166625976562,0.3524017632007599,1.1333333333333333,0.016615272203663902,0.004615353389906639,0.012426698231132682,0.00015384511299688743
35,1,player,1525.132568359375,137.76791381835938,42.6666259765625,119.5057601928711,0.6873281598091125,1.1666666666666667,0.03688531216374949,0.01024592004548597,0.027586827215444008,0.0003415306681828667
35,2,player,879.410400390625,821.8179321289062,98.65008544921875,201.48876953125,0.8253782391548157,1.1666666666666667,8.32807336067302,2.313353711298061,6.228634308922018,0.07711179037660228
35,3,player,404.135498046875,128.86148071289062,44.386505126953125,135.79664611816406,0.3927748501300812,1.1666666666666667,0.09905273999339592,0.027514649998165535,0.07408235590587293,0.000917154999938854
35,4,player,1039.236572265625,256.10931396484375,57.2606201171875,109.44561767578125,0.6748515963554382,1.1666666666666667,2.95923678889172,0.8220102191365889,2.213237443194861,0.02740034063788638
35,5,player,212.58584594726562,439.23370361328125,51.49516296386719,123.55349731445312,0.3410615921020508,1.1666666666666667,2.8842339193550752,0.8011760887097431,2.157142182474704,0.026705869623658188
35,6,player,53.343109130859375,374.4053955078125,75.32247924804688,104.99481201171875,0.2658730745315552,1.1666666666666667,0.39669414725552343,0.11019281868208984,0.2966908033510211,0.0036730939560696728
35,7,player,1652.293701171875,343.11181640625,75.2637939453125,129.94674682617188,0.32727545499801636,1.1666666666666667,2.061868080243215,0.572741133400893,1.5420880327159139,0.019091371113363162
35,8,player,1695.42431640625,165.29791259765625,46.1949462890625,66.94160461425781,0.2493814080953598,1.1666666666666667,0.13357822048092716,0.03710506124470199,0.0999042456735774,0.0012368353748234036
35,10,player,214.29884338378906,429.12518310546875,41.005889892578125,103.93875122070312,0.25732412934303284,1.1666666666666667,0.619485483173848,0.17207930088162443,0.4633182690965081,0.005735976696054165
36,1,player,1525.0966796875,137.8013916015625,42.6739501953125,119.51221466064453,0.6870416402816772,1.2,0.06562183341096206,0.01822828705860057,0.04907910693102366,0.0006076095686200169
36,2,player,888.709228515625,822.6573486328125,96.77728271484375,203.5537109375,0.8657351136207581,1.2,12.483669650156243,3.4676860139322896,9.336638825900957,0.11558953379774257
36,3,player,404.17950439453125,128.9285888671875,44.408111572265625,135.71165466308594,0.3947612941265106,1.2,0.10729926985008384,0.0298053527361344,0.08025000315997453,0.000993511757871143
36,4,player,1037.17041015625,255.3427276611328,58.9493408203125,109.75283813476562,0.7175043821334839,1.2,2.9466019512657624,0.8185005420182673,2.2037877446011325,0.02728335140060881
36,5,player,212.5481719970703,439.38818359375,50.139556884765625,123.33114624023438,0.3490692675113678,1.2,0.21260298999173344,0.05905638610881484,0.15900751834093968,0.0019685462036271545
36,6,player,53.4431266784668,374.465087890625,75.00139617919922,104.85211181640625,0.26748955249786377,1.2,0.15573587438111577,0.043259965105865494,0.11647613659130761,0.001441998836862178
36,7,player,1651.89599609375,342.68157958984375,75.0101318359375,129.46868896484375,0.3211890459060669,1.2,0.7833783433573367,0.21760509537703795,0.5858950822099445,0.007253503179234573
36,8,player,1695.434814453125,165.19808959960938,46.1759033203125,66.95150756835938,0.24064573645591736,1.2,0.13420564567447635,0.03727934602068787,0.10037350211712306,0.001242644867356258
36,10,player,214.2403564453125,429.35406494140625,39.85795593261719,103.67282104492188,0.24816225469112396,1.2,0.31586277528643847,0.08773965980178847,0.23623635790132277,0.002924655326726272
37,1,player,1525.1043701171875,137.74559020996094,42.650634765625,119.54647064208984,0.6879971027374268,1.2333333333333334,0.07531517723157348,0.020920882564325966,0.056328838204327554,0.0006973627521442011
37,2,player,900.34228515625,823.7781982421875,101.71588134765625,203.91998291015625,0.8544038534164429,1.2333333333333334,15.62615457469412,4.340598492970589,11.686929051330187,0.14468661643235342
37,3,player,404.21221923828125,128.87884521484375,44.40130615234375,135.66932678222656,0.39836856722831726,1.2333333333333334,0.0796051120532224,0.02211253112589511,0.05953731561031937,0.0007370843708631727
37,4,player,1035.3741455078125,252.33343505859375,59.82305908203125,112.92620849609375,0.7554655075073242,1.2333333333333334,4.6859050035607686,1.3016402787668802,3.5046267497299364,0.043388009292229475
37,5,player,212.43234252929688,439.4522705078125,49.93830871582031,123.2337646484375,0.34345635771751404,1.2333333333333334,0.17699595909737642,0.049165544193715674,0.13237672816145615,0.0016388514731238608
37,6,player,53.512237548828125,373.62799072265625,76.62222290039062,106.78945922851562,0.26868385076522827,1.2333333333333334,1.1230592624199458,0.31196090622776274,0.8399452250137517,0.010398696874258791
37,7,player,1651.707763671875,342.5819091796875,74.9285888671875,129.39404296875,0.3208514153957367,1.2333333333333334,0.2847837517252039,0.07910659770144553,0.21299210150999281,0.0026368865900481923
37,8,player,1695.412841796875,165.11563110351562,46.160888671875,66.79360961914062,0.236718088388443,1.2333333333333334,0.11409931719558211,0.031694254776550586,0.08533581429109145,0.0010564751592183562
37,10,player,214.21566772460938,429.4290771484375,39.48292541503906,103.52688598632812,0.2314101755619049,1.2333333333333334,0.10558869955990524,0.0293301943221959,0.07897065362307713,0.0009776731440731996
38,1,player,1525.08984375,137.5669403076172,42.67138671875,119.70938110351562,0.6897091865539551,1.2666666666666666,0.23965443109178955,0.06657067530327487,0.17923951280646097,0.0022190225101091548
38,2,player,907.3587036132812,825.77783203125,104.841064453125,206.41595458984375,0.8647876381874084,1.2666666666666666,9.754937436678265,2.7097048435217403,7.295797643474581,0.0903234947840577
38,3,player,404.2970886230469,128.99029541015625,44.2745361328125,135.60548400878906,0.39474382996559143,1.2666666666666666,0.18730312227183923,0.052028645075510895,0.14008553995930523,0.0017342881691836903
38,4,player,1033.606201171875,251.50271606445312,62.02490234375,112.40126037597656,0.7133127450942993,1.2666666666666666,2.61180065984378,0.7255001832899389,1.9533871152947384,0.02418333944299788
38,5,player,212.42710876464844,439.7344970703125,49.826995849609375,123.57412719726562,0.3455390930175781,1.2666666666666666,0.37741943382480986,0.10483873161800274,0.2822750872339988,0.0034946243872667456
38,6,player,53.58940505981445,373.4232482910156,77.09020233154297,107.50689697265625,0.26808956265449524,1.2666666666666666,0.29255186620691515,0.08126440727969865,0.21880193798488412,0.0027088135759899454
38,7,player,1651.4090576171875,342.525634765625,74.34619140625,129.32723999023438,0.32261109352111816,1.2666666666666666,0.4064144746472001,0.11289290962422224,0.303960715858233,0.0037630969874740614
38,8,player,1695.37451171875,165.11073303222656,46.0518798828125,66.6119384765625,0.23313096165657043,1.2666666666666666,0.051666454726840415,0.014351792979677893,0.03864176485904004,0.0004783930993225947
38,10,player,214.22589111328125,429.47113037109375,39.41795349121094,103.33309936523438,0.2187286615371704,1.2666666666666666,0.05786548244248989,0.016073745122913857,0.04327806848407586,0.0005357915040971267
39,1,player,1525.0029296875,137.5733642578125,42.7811279296875,119.64500427246094,0.6918859481811523,1.3,0.11652652260724877,0.03236847850201355,0.08715114110765138,0.0010789492834004549
39,2,player,914.1127319335938,829.9146728515625,109.317626953125,207.927734375,0.8674888610839844,1.3,10.58986846051648,2.9416301279212442,7.920249397852765,0.09805433759737511
39,3,player,404.9333190917969,129.81283569335938,41.99444580078125,132.59825134277344,0.39724376797676086,1.3,1.390391825177345,0.3862199514381514,1.039885439294984,0.012873998381271753
39,4,player,1030.808837890625,249.6611785888672,66.42181396484375,111.66390991210938,0.6766013503074646,1.3,4.477962165151775,1.2438783792088264,3.349104596944263,0.04146261264029434
39,5,player,212.04685974121094,440.5887451171875,50.47393798828125,125.02890014648438,0.3500756025314331,1.3,1.250227828453824,0.34728550790384,0.9350556376039474,0.011576183596794703
39,6,player,53.59265899658203,374.1804504394531,75.69256591796875,105.83984375,0.27041494846343994,1.3,1.0124359457541723,0.28123220715393676,0.757209140002188,0.009374406905131255
39,7,player,1652.3187255859375,343.57562255859375,74.59130859375,130.48211669921875,0.31799986958503723,1.3,1.8574922385486878,0.5159700662635244,1.389233666001921,0.0171990022087842
39,8,player,1695.3770751953125,165.48553466796875,46.1748046875,66.26884460449219,0.24151672422885895,1.3,0.5011449333376343,0.13920692592712064,0.3748104021596865,0.004640230864237369
39,10,player,214.09996032714844,429.6134033203125,39.622283935546875,103.32427978515625,0.20679424703121185,1.3,0.25404242029371604,0.07056733897047668,0.1900004078296391,0.0023522446323492297
40,1,player,1524.967529296875,137.60031127929688,42.7999267578125,119.52850341796875,0.6911749839782715,1.3333333333333333,0.0594854526632821,0.016523736850911692,0.04448965748667836,0.0005507912283637212
40,2,player,919.57177734375,833.6077270507812,111.62139892578125,205.254638671875,0.8693230152130127,1.3333333333333333,8.812431365270218,2.447897601463949,6.590889629520074,0.08159658671546467
40,3,player,404.61456298828125,129.3404541015625,43.31988525390625,134.28945922851562,0.39501798152923584,1.3333333333333333,0.7619494663574422,0.21165262954373396,0.5698682495077377,0.007055087651457774
40,4,player,1029.778076171875,246.27732849121094,69.2593994140625,115.16305541992188,0.7456149458885193,1.3333333333333333,4.729670542186984,1.3137973728297176,3.537359354695062,0.04379324576099043
40,5,player,211.75833129882812,440.6552429199219,50.65586853027344,124.9434814453125,0.33796390891075134,1.3333333333333333,0.3958938424854588,0.10997051180151632,0.29609224885557506,0.0036656837267171976
40,6,player,54.035030364990234,374.485107421875,74.22423553466797,105.17556762695312,0.27322933077812195,1.3333333333333333,0.7181759669399774,0.1994933241499937,0.5371296906015798,0.006649777471666433
40,7,player,1651.5635986328125,342.9089660644531,73.929443359375,129.51800537109375,0.3181598484516144,1.3333333333333333,1.3468192775569585,0.37411646598804404,1.0072971738845071,0.01247054886626809
40,8,player,1695.3355712890625,165.529052734375,46.101806640625,66.49125671386719,0.26177212595939636,1.3333333333333333,0.08040623352350011,0.02233506486763892,0.06013648092254463,0.0007445021622546281
40,10,player,213.97071838378906,429.5899353027344,39.64263916015625,103.0206298828125,0.19808830320835114,1.3333333333333333,0.17563031163502785,0.04878619767639662,0.1313553492338819,0.001626206589213215
41,1,player,1525.018310546875,137.55812072753906,42.7100830078125,119.53814697265625,0.690116286277771,1.3666666666666667,0.08827425969620498,0.024520627693390272,0.06602104216983518,0.0008173542564463449
41,2,player,921.3463134765625,837.00146484375,111.78839111328125,205.80584716796875,0.8664553165435791,1.3666666666666667,5.1205190347125455,1.4223663985312627,3.8296781449727004,0.047412213284375566
41,3,player,405.21600341796875,130.0465087890625,41.36151123046875,131.72328186035156,0.3967231512069702,1.3666666666666667,1.2401165036979651,0.3444768065827681,0.9274932949641239,0.011482560219425638
41,4,player,1027.608154296875,242.81678771972656,71.878662109375,115.16903686523438,0.7586672306060791,1.3666666666666667,5.461356684391557,1.5170435234420991,4.084593416083073,0.050568117448070125
41,5,player,211.89085388183594,439.95306396484375,50.045379638671875,123.01882934570312,0.33543023467063904,1.3666666666666667,0.9554315195177415,0.26539764431048374,0.7145750625103496,0.008846588143682818
41,6,player,54.21342468261719,374.578369140625,73.82411193847656,104.75869750976562,0.26695528626441956,1.3666666666666667,0.2691526431505569,0.07476462309737693,0.2013014673215035,0.002492154103245905
41,7,player,1653.572998046875,345.3062744140625,76.9710693359375,136.61309814453125,0.3105437159538269,1.3666666666666667,4.182414708303605,1.161781863417668,3.1280622321721068,0.038726062113922384
41,8,player,1695.107177734375,165.620849609375,46.1400146484375,66.69859313964844,0.2722882628440857,1.3666666666666667,0.3291191825761736,0.09142199516004823,0.24615093353988662,0.003047399838668284
41,10,player,213.89488220214844,429.699462890625,39.6636962890625,102.50332641601562,0.19221773743629456,1.3666666666666667,0.17812271629590795,0.04947853230441887,0.13321943910318965,0.0016492844101473009
42,1,player,1524.9976806640625,137.6123046875,42.727294921875,119.46488189697266,0.6851465702056885,1.4,0.0775207296370449,0.02153353601029025,0.05797838892126929,0.0007177845336763391
42,2,player,921.4012451171875,837.5465087890625,109.91302490234375,205.96319580078125,0.8678540587425232,1.4,0.7324496075540641,0.20345822432057334,0.5478050633789082,0.006781940810685754
42,3,player,405.44921875,130.37557983398438,40.566680908203125,130.52078247070312,0.3834160566329956,1.4,0.5392808240059331,0.14980022889053698,0.40333254728625717,0.004993340963017881
42,4,player,1026.251708984375,239.89410400390625,74.2677001953125,117.73960876464844,0.7164977192878723,1.4,4.30816891213154,1.1967135867032057,3.2221148316787924,0.03989045289010672
42,5,player,211.65444946289062,439.9966735839844,49.87394714355469,123.11163330078125,0.3361136019229889,1.4,0.3214206149837218,0.08928350416214495,0.24039311175335534,0.002976116805404821
42,6,player,53.93391418457031,374.64483642578125,74.31358337402344,104.63677978515625,0.26775485277175903,1.4,0.38414440530013905,0.10670677925003862,0.2873047485066238,0.0035568926416679413
42,7,player,1654.38330078125,346.2872314453125,78.04345703125,139.4241943359375,0.309922456741333,1.4,1.701207634124787,0.47255767614577415,1.2723471297151636,0.015751922538192416
42,8,player,1695.14453125,165.98391723632812,46.26806640625,66.45124816894531,0.2634182572364807,1.4,0.48800654151672196,0.13555737264353387,0.36498409125730485,0.0045185790881177796
42,10,player,213.72653198242188,429.70477294921875,39.6319580078125,102.51535034179688,0.18690766394138336,1.4,0.2252067091097966,0.06255741919716572,0.16843394314760587,0.002085247306572183
43,1,player,1525.023681640625,137.6383056640625,42.6903076171875,119.61717224121094,0.6853938698768616,1.4333333333333333,0.04916503652639407,0.01365695459066502,0.036770933689632475,0.00045523181968883537
43,2,player,922.5179443359375,837.494140625,109.95867919921875,205.81329345703125,0.869269609451294,1.4333333333333333,1.4947375473017548,0.4152048742504874,1.1179264599087622,0.01384016247501629
43,3,player,405.55853271484375,130.51058959960938,40.305755615234375,130.0659637451172,0.39862754940986633,1.4333333333333333,0.23226888397082454,0.06451913443634015,0.17371580159553143,0.002150637814544678
43,4,player,1025.9296875,237.9691925048828,76.0489501953125,118.61270141601562,0.6805357336997986,1.4333333333333333,2.609493234746267,0.7248592318739631,1.951661373156659,0.024161974395798844
43,5,player,211.6351776123047,439.8351745605469,49.746826171875,122.69561767578125,0.3222028911113739,1.4333333333333333,0.21746629508108628,0.06040730418919063,0.16264482406849864,0.0020135768063063606
43,6,player,53.60635757446289,374.71502685546875,74.81945037841797,104.71514892578125,0.26191937923431396,1.4333333333333333,0.44790601767313926,0.12441833824253869,0.33499258088020617,0.004147277941417969
43,7,player,1654.770263671875,346.61572265625,78.7899169921875,140.41259765625,0.3041834831237793,1.4333333333333333,0.6786784299709117,0.18852178610303102,0.5075891590489703,0.00628405953676772
43,8,player,1695.23876953125,166.02256774902344,46.5057373046875,66.73876953125,0.27023136615753174,1.4333333333333333,0.13618830432603235,0.03783008453500898,0.10185634876906109,0.0012610028178336365
43,10,player,213.6883544921875,429.6705627441406,39.70692443847656,102.2861328125,0.17878161370754242,1.4333333333333333,0.06854136184118755,0.019039267178107652,0.0512626461673914,0.0006346422392702571
44,1,player,1525.04248046875,137.65956115722656,42.6763916015625,119.6988296508789,0.6867090463638306,1.4666666666666666,0.037940357158576424,0.010538988099604562,0.028375904012397538,0.0003512996033201508
44,2,player,924.0455932617188,836.3524169921875,110.060302734375,204.72833251953125,0.873080849647522,1.4666666666666666,2.549986799335724,0.7083296664821455,1.9071560225013524,0.023610988882738097
44,3,player,405.5904541015625,130.70826721191406,40.145050048828125,129.74942016601562,0.406053364276886,1.4666666666666666,0.26773124402121107,0.07436979000589196,0.20023839126533735,0.00247899300019639
44,4,player,1026.452392578125,236.45071411132812,75.86083984375,119.63392639160156,0.6779962182044983,1.4666666666666666,2.147222979831752,0.5964508277310422,1.6059256615391906,0.019881694257701334
44,5,player,211.5062255859375,439.69232177734375,49.828521728515625,122.36886596679688,0.32660800218582153,1.4666666666666666,0.2573126072875044,0.071475724246529,0.19244620747908453,0.002382524141550958
44,6,player,53.786033630371094,374.83905029296875,74.54425048828125,104.55563354492188,0.264426589012146,1.4666666666666666,0.291912616269218,0.08108683785256056,0.2183238377182944,0.0027028945950853425
44,7,player,1652.50341796875,343.861572265625,75.3961181640625,132.8607177734375,0.3062410056591034,1.4666666666666666,4.769385304690415,1.324829251302893,3.5670623510048314,0.044160975043429605
44,8,player,1695.2142333984375,165.9931640625,46.59326171875,66.84590148925781,0.26688265800476074,1.4666666666666666,0.0512044069792849,0.014223446383134693,0.03829619556249967,0.00047411487943782143
44,10,player,213.6578369140625,429.63751220703125,39.75877380371094,102.16864013671875,0.18158912658691406,1.4666666666666666,0.06014791041787358,0.01670775289385377,0.04498511506969447,0.0005569250964617904
45,1,player,1525.06103515625,137.70541381835938,42.681396484375,119.64378356933594,0.6909695267677307,1.5,0.06613721183913203,0.01837144773309223,0.04946456268060186,0.0006123815911030762
45,2,player,927.6773071289062,836.82080078125,107.8016357421875,205.609130859375,0.8800877928733826,1.5,4.896046287846334,1.360012857735093,3.6617931382013555,0.04533376192450324
45,3,player,405.6039733886719,130.83328247070312,40.09918212890625,129.60650634765625,0.4121299982070923,1.5,0.16812775988551354,0.04670215552375376,0.12574412930249262,0.0015567385174584634
45,4,player,1027.9891357421875,235.57545471191406,77.076904296875,121.09408569335938,0.6936700344085693,1.5,2.364620100965442,0.6568389169348451,1.7685187498456127,0.021894630564494904
45,5,player,211.50247192382812,439.9703369140625,49.80635070800781,122.85430908203125,0.3342338502407074,1.5,0.3717574937726447,0.10326597049240131,0.27804047587352565,0.003442199016413388
45,6,player,53.9774169921875,374.86956787109375,74.15788269042969,104.56015014648438,0.26360803842544556,1.5,0.25912434675627605,0.07197898521007667,0.19380122227366098,0.0023992995070025633
45,7,player,1651.5869140625,342.666748046875,73.9696044921875,129.65744018554688,0.3059863746166229,1.5,2.013415610634617,0.5592821140651714,1.5058500336630658,0.01864273713550577
45,8,player,1695.2215576171875,165.9073944091797,46.50390625,67.09051513671875,0.2667646110057831,1.5,0.11509675696194105,0.03197132137831696,0.0860818076656412,0.0010657107126105685
45,10,player,213.67144775390625,429.6123962402344,39.703369140625,101.990234375,0.17297349870204926,1.5,0.03819570671542314,0.010609918532061982,0.028566882038366385,0.00035366395106873385
46,1,player,1525.066162109375,137.71705627441406,42.6561279296875,119.58614349365234,0.6871229410171509,1.5333333333333334,0.017009223507252227,0.004724784307570062,0.012721337639229488,0.0001574928102523359
46,2,player,932.8681640625,839.2814331054688,111.03118896484375,208.5299072265625,0.8774541020393372,1.5333333333333334,7.6808052115357075,2.133557003204363,5.744537156292792,0.071118566773479
46,3,player,405.59649658203125,130.90567016601562,40.075714111328125,129.5384521484375,0.4119403064250946,1.5333333333333334,0.09730178787453574,0.02702827440959326,0.07277280446840446,0.0009009424803197782
46,4,player,1028.3546142578125,234.61114501953125,77.34375,122.496337890625,0.615544855594635,1.5333333333333334,1.3788399760818126,0.3830111044671702,1.0312457166974744,0.01276703681557238
46,5,player,211.3912353515625,440.9375305175781,50.478851318359375,124.6253662109375,0.33658406138420105,1.5333333333333334,1.3017229059006807,0.3615896960835224,0.9735692279909763,0.012052989869450786
46,6,player,54.00197219848633,374.80889892578125,74.1192855834961,104.62179565429688,0.2613495886325836,1.5333333333333334,0.08751050142132258,0.02430847261703405,0.06544982109760976,0.0008102824205678042
46,7,player,1653.676513671875,345.3468933105469,77.240966796875,136.83990478515625,0.3013930320739746,1.5333333333333334,4.543968136166902,1.2622133711574728,3.3984710035371695,0.04207377903858256
46,8,player,1695.1488037109375,165.92799377441406,46.498291015625,67.40841674804688,0.2690708339214325,1.5333333333333334,0.10110053536210926,0.02808348204503035,0.07561391884232008,0.0009361160681676813
46,10,player,213.65560913085938,429.6768798828125,39.79835510253906,101.90542602539062,0.15686938166618347,1.5333333333333334,0.08878137427634686,0.024661492854540792,0.06640031731975665,0.000822049761818029
47,1,player,1525.104736328125,137.72608947753906,42.6220703125,119.5007095336914,0.6862711906433105,1.5666666666666667,0.05297145841222633,0.014714294003396203,0.039617787808891615,0.0004904764667798717
47,2,player,936.5661010742188,840.9765625,114.2542724609375,210.6854248046875,0.8939491510391235,1.5666666666666667,5.439100866735754,1.5108613518710428,4.06794810768811,0.05036204506236791
47,3,player,405.561767578125,130.86561584472656,40.12664794921875,129.68026733398438,0.4117894470691681,1.5666666666666667,0.07088262998585225,0.019689619440514512,0.053013699797767114,0.000656320648017148
47,4,player,1026.1715087890625,233.20394897460938,77.66278076171875,120.64588928222656,0.5819883942604065,1.5666666666666667,3.4727995101019915,0.9646665305838865,2.597335210659172,0.03215555101946277
47,5,player,211.40614318847656,441.1622314453125,50.653564453125,124.9730224609375,0.35448381304740906,1.5666666666666667,0.30109967836548696,0.08363879954596859,0.22519491674135342,0.0027879599848656096
47,6,player,53.932586669921875,374.7911682128906,74.29582214355469,104.6396484375,0.2650221288204193,1.5666666666666667,0.09575393191000575,0.026598314419446042,0.07161515030898362,0.0008866104806481982
47,7,player,1653.107666015625,344.6560974121094,75.9786376953125,132.89813232421875,0.31175941228866577,1.5666666666666667,1.1964928703418942,0.33235913065052614,0.8948668221133192,0.011078637688350832
47,8,player,1695.209716796875,165.91818237304688,46.40771484375,67.64976501464844,0.28487324714660645,1.5666666666666667,0.08249434685004876,0.022915096347235767,0.061698197990032976,0.0007638365449078562
47,10,player,213.61489868164062,429.7615661621094,40.04148864746094,101.905517578125,0.15145957469940186,1.5666666666666667,0.1256348391697276,0.03489856643603544,0.09396332570072614,0.001163285547867844
48,1,player,1525.105224609375,137.75238037109375,42.6116943359375,119.44457244873047,0.6861098408699036,1.6,0.03515862990651259,0.009766286085142387,0.02629542740635737,0.00032554286950474724
48,2,player,940.9658203125,844.3736572265625,113.7703857421875,212.11834716796875,0.8823704719543457,1.6,7.4321653041015265,2.064490362250424,5.558577332100444,0.06881634540834768
48,3,player,405.5375671386719,130.86404418945312,40.21026611328125,129.7181396484375,0.4176556169986725,1.6,0.03242566419879552,0.009007128944109866,0.024251419958899168,0.0003002376314703298
48,4,player,1021.9913330078125,229.67637634277344,77.84600830078125,118.09390258789062,0.554721474647522,1.6,7.313333218465053,2.0314814495736258,5.4697018415108305,0.06771604831912106
48,5,player,211.42758178710938,441.342041015625,50.78688049316406,125.29019165039062,0.3551844656467438,1.6,0.2421194444772549,0.06725540124368191,0.18108311651643483,0.0022418467081227376
48,6,player,53.55683517456055,374.697509765625,75.10518646240234,104.8597412109375,0.2687872648239136,1.6,0.5177749128044302,0.14382636466789728,0.387248100073431,0.004794212155596591
48,7,player,1652.905517578125,344.39837646484375,75.80419921875,131.44094848632812,0.31318604946136475,1.6,0.43794476969311114,0.1216513249147531,0.32754248189079604,0.004055044163825116
48,8,player,1695.254150390625,165.89120483398438,46.3782958984375,67.796630859375,0.28731128573417664,1.6,0.06950322844613414,0.019306452346148372,0.051982034083024806,0.0006435484115382811
48,10,player,213.54501342773438,429.76202392578125,40.25300598144531,101.81857299804688,0.1358458548784256,1.6,0.09344295683838706,0.02595637689955196,0.06988675311616872,0.0008652125633184013
49,1,player,1525.102783203125,137.718505859375,42.6221923828125,119.51062774658203,0.6853407621383667,1.6333333333333333,0.04540981985449945,0.012613838848472069,0.03396237636946611,0.00042046129494906746
49,2,player,944.623779296875,848.499267578125,111.58929443359375,213.11883544921875,0.8833052515983582,1.6333333333333333,7.372214493655805,2.0478373593488346,5.513739629714975,0.06826124531162758
49,3,player,405.50823974609375,130.8759307861328,40.193939208984375,129.75439453125,0.4160759150981903,1.6333333333333333,0.042310943763417805,0.011753039934282724,0.0316447015479214,0.00039176799780942277
49,4,player,1022.7080078125,232.1781005859375,88.13824462890625,119.89569091796875,0.5704456567764282,1.6333333333333333,3.4795101052199744,0.9665305847833262,2.602354119736334,0.03221768615944409
49,5,player,211.53929138183594,441.3806457519531,51.13043212890625,125.57794189453125,0.3523775339126587,1.6333333333333333,0.15803014958209313,0.043897263772803646,0.11819204381402706,0.0014632421257601163
49,6,player,53.35650634765625,374.5994873046875,75.440673828125,104.91549682617188,0.2651076018810272,1.6333333333333333,0.2981980376640848,0.08283278824002356,0.2230247558839499,0.002761092941334109
49,7,player,1652.955322265625,344.31256103515625,75.5655517578125,131.01055908203125,0.3147176504135132,1.6333333333333333,0.1326645976503843,0.036851277125106746,0.09922093967214235,0.0012283759041702205
49,8,player,1695.2255859375,165.88726806640625,46.5462646484375,67.87745666503906,0.28218042850494385,1.6333333333333333,0.03855347605021596,0.010709298902837765,0.02883446065551597,0.00035697663009459093
49,10,player,213.54330444335938,429.66552734375,40.59129333496094,101.86190795898438,0.13720977306365967,1.6333333333333333,0.1290421938224108,0.035845053839558556,0.09651171416624904,0.001194835127985281
50,1,player,1525.0908203125,137.6979522705078,42.6412353515625,119.59123992919922,0.6847141981124878,1.6666666666666667,0.03179738066289961,0.008832605739694336,0.023781521554078217,0.0002944201913231454
50,2,player,947.2711181640625,850.9754028320312,109.65899658203125,214.135986328125,0.8792506456375122,1.6666666666666667,4.846671539525448,1.34629764986818,3.6248653593421873,0.044876588328939475
50,3,player,405.49627685546875,130.8841552734375,40.218231201171875,129.79554748535156,0.4185445010662079,1.6666666666666667,0.019410580914107925,0.005391828031696646,0.014517332521185797,0.0001797276010565554
50,4,player,1025.0771484375,233.96823120117188,87.73876953125,118.712158203125,0.5717682838439941,1.6666666666666667,3.970286571827694,1.1028573810632483,2.9694098606667274,0.03676191270210839
50,5,player,211.60528564453125,441.39361572265625,51.31916809082031,125.45623779296875,0.3483692705631256,1.6666666666666667,0.0899264030330012,0.024979556398055887,0.06725669370953226,0.0008326518799351988
50,6,player,53.2948112487793,374.617919921875,75.6047592163086,104.92434692382812,0.266631156206131,1.6666666666666667,0.0860931896388958,0.023914774899693278,0.06438980200169855,0.0007971591633231117
50,7,player,1652.80322265625,344.2696228027344,75.2376708984375,130.75689697265625,0.31614214181900024,1.6666666666666667,0.21131503162951365,0.05869861989708713,0.1580442437279591,0.0019566206632362438
50,8,player,1695.211669921875,165.92262268066406,46.6368408203125,67.99124145507812,0.2814438045024872,1.6666666666666667,0.05080141194924594,0.014111503319234983,0.03799479227728404,0.0004703834439745009
50,10,player,213.55601501464844,429.6573181152344,40.787109375,101.70263671875,0.13052570819854736,1.6666666666666667,0.020231220566334033,0.005619783490648342,0.015131095641627892,0.00018732611635494532
51,1,player,1525.0592041015625,137.64666748046875,42.648193359375,119.70177459716797,0.6850829720497131,1.7,0.08055415395608077,0.022376153876689103,0.06024711182617154,0.0007458717958896341
51,2,player,949.64208984375,853.0831298828125,107.93206787109375,214.43804931640625,0.8698927164077759,1.7,4.241675636274639,1.1782432322985108,3.1723839658016164,0.03927477440995022
51,3,player,405.6507568359375,130.5970458984375,40.599212646484375,130.23992919921875,0.41923093795776367,1.7,0.4359230952200028,0.121089748672223,0.32603045498621136,0.004036324955740752
51,4,player,1029.3341064453125,233.69764709472656,84.48077392578125,120.51663208007812,0.6429227590560913,1.7,5.703305447996867,1.5842515133324628,4.265548878976746,0.052808383777748574
51,5,player,211.87225341796875,441.1895751953125,51.088653564453125,124.70846557617188,0.34520214796066284,1.7,0.4492695714159025,0.12479710317108403,0.3360123938977429,0.0041599034390361195
51,6,player,53.152503967285156,374.630126953125,75.89189147949219,104.79107666015625,0.2680082321166992,1.7,0.1909724734196301,0.05304790928323059,0.14282987775038897,0.0017682636427743467
51,7,player,1652.9017333984375,344.48345947265625,75.037109375,130.96090698242188,0.32056015729904175,1.7,0.314793719056015,0.08744269973778195,0.23543680198645456,0.0029147566579260545
51,8,player,1695.25146484375,165.93045043945312,46.60693359375,67.83659362792969,0.28130578994750977,1.7,0.054227892702734475,0.015063303528537355,0.0405574853103234,0.00050211011761791
51,10,player,213.504150390625,429.71044921875,41.01622009277344,101.40200805664062,0.11029727756977081,1.7,0.09927500778797224,0.02757639105221451,0.0742485918107582,0.0009192130350738137
52,1,player,1525.01318359375,137.6138153076172,42.6820068359375,119.8458251953125,0.688725471496582,1.7333333333333334,0.07560201621514655,0.02100056005976293,0.05654336743057769,0.0007000186686587664
52,2,player,950.333984375,853.8416137695312,106.79962158203125,213.5474853515625,0.8466063141822815,1.7333333333333334,1.3726988793300086,0.38130524425833573,1.0266527401150005,0.012710174808611231
52,3,player,405.62481689453125,130.54498291015625,40.904144287109375,130.2526397705078,0.42924126982688904,1.7333333333333334,0.07777332152863878,0.021603700424621883,0.058167304466798686,0.0007201233474873984
52,4,player,1029.919189453125,233.15606689453125,85.6578369140625,121.59150695800781,0.6565223932266235,1.7333333333333334,1.0659929320180785,0.29610914778279956,0.797264848889324,0.00987030492609335
52,5,player,212.13800048828125,440.392822265625,50.68019104003906,123.14791870117188,0.3282312750816345,1.7333333333333334,1.1230025557505119,0.3119451543751422,0.8399028136310124,0.010398171812504773
52,6,player,52.761314392089844,374.7183532714844,76.50038146972656,104.6763916015625,0.26581642031669617,1.7333333333333334,0.5361823464426553,0.14893954067851534,0.40101517052692515,0.0049646513559505265
52,7,player,1652.9539794921875,344.5452880859375,74.640869140625,130.95608520507812,0.3192184269428253,1.7333333333333334,0.10823132143807565,0.030064255955021015,0.08094709218011573,0.0010021418651673703
52,8,player,1695.3048095703125,165.7967529296875,46.87060546875,67.60653686523438,0.2741938829421997,1.7333333333333334,0.19246588099719364,0.053462744721442676,0.1439468095150333,0.0017820914907147613
52,10,player,213.49656677246094,429.4999084472656,40.8804931640625,100.967529296875,0.10646611452102661,1.7333333333333334,0.28168872690784885,0.07824686858551357,0.21067730708762658,0.00260822895285046
53,1,player,1524.9794921875,137.5850372314453,42.6995849609375,119.9162368774414,0.6901299357414246,1.7666666666666666,0.059243918037999194,0.01645664389944422,0.044309011761229554,0.0005485547966481388
53,2,player,950.64306640625,853.762451171875,106.48626708984375,214.1435546875,0.8577250838279724,1.7666666666666666,0.42660134944665873,0.1185003748462941,0.3190586449374336,0.003950012494876456
53,3,player,405.61724853515625,130.54705810546875,40.96319580078125,130.2513427734375,0.44085460901260376,1.7666666666666666,0.010492874234357004,0.0029146872873213898,0.007847706621311245,9.715624291071265e-05
53,4,player,1031.99658203125,233.20147705078125,82.29345703125,122.18708801269531,0.7256286144256592,1.7666666666666666,2.7782672389420613,0.7717408997061281,2.0778888338742965,0.025724696656870848
53,5,player,212.25607299804688,439.6690673828125,50.65931701660156,121.7747802734375,0.3229508697986603,1.7666666666666666,0.9804983423928333,0.2723606506646759,0.7333227447429196,0.009078688355489166
53,6,player,53.14094543457031,374.7404479980469,75.66441345214844,104.58154296875,0.274362713098526,1.7666666666666666,0.5084493848276275,0.14123594022989652,0.3802734612836914,0.004707864674329867
53,7,player,1652.8753662109375,344.5887145996094,74.45263671875,131.07440185546875,0.3121849000453949,1.7666666666666666,0.12008213380847219,0.03335614828013116,0.08981041186068099,0.0011118716093377016
53,8,player,1695.34814453125,165.7633056640625,47.0191650390625,67.59074401855469,0.2818673551082611,1.7666666666666666,0.07319288738515173,0.02033135760698659,0.054741560237574136,0.0006777119202328839
53,10,player,213.40567016601562,429.5351257324219,41.42094421386719,100.98760986328125,0.1137654110789299,1.7666666666666666,0.13033753719442964,0.03620487144289712,0.09748051208857415,0.0012068290480965664
54,1,player,1524.9566650390625,137.59974670410156,42.7001953125,119.92707061767578,0.690976083278656,1.8,0.03630924353907617,0.010085900983076714,0.02715598077058947,0.0003361966994358915
54,2,player,950.5333251953125,853.46435546875,106.47320556640625,216.791015625,0.868155837059021,1.8,0.4247234994715402,0.11797874985320561,0.3176541855534364,0.003932624995106866
54,3,player,405.6346435546875,130.60263061523438,40.9599609375,130.09788513183594,0.44305121898651123,1.8,0.07785895926935157,0.021627488685930993,0.058231353634816484,0.0007209162895310354
54,4,player,1035.735595703125,232.19644165039062,75.04901123046875,125.29478454589844,0.7797325849533081,1.8,5.176749517351907,1.4379859770421963,3.871733383706388,0.04793286590140669
54,5,player,212.25135803222656,439.2304992675781,50.508758544921875,120.99462890625,0.32405540347099304,1.8,0.5864268672700801,0.16289635201946667,0.4385934593708834,0.0054298784006489055
54,6,player,53.34450149536133,374.7217102050781,75.17163848876953,104.605712890625,0.2770436108112335,1.8,0.2733178631653809,0.07592162865705025,0.20441666950152423,0.0025307209552350163
54,7,player,1652.810791015625,344.5221862792969,74.47412109375,130.9429931640625,0.31409522891044617,1.8,0.12396504324988937,0.03443473423608038,0.09271447164952255,0.0011478244745360161
54,8,player,1695.36572265625,165.75323486328125,47.1162109375,67.57327270507812,0.28732261061668396,1.8,0.02708703524914347,0.007524176458095408,0.020258615621291862,0.0002508058819365144
54,10,player,213.3211669921875,429.540771484375,41.66255187988281,101.0250244140625,0.11660908907651901,1.8,0.11323791341751846,0.03145497594931068,0.08469156334690324,0.0010484991983103593
55,1,player,1524.94091796875,137.64373779296875,42.6868896484375,119.92869567871094,0.6916845440864563,1.8333333333333333,0.062473680125936036,0.01735380003498223,0.046724577292337345,0.0005784600011660723
55,2,player,948.9029541015625,854.3458251953125,108.27984619140625,218.3475341796875,0.8801447749137878,1.8333333333333333,2.4781142425780542,0.6883650673827928,1.8534019483592166,0.02294550224609301
55,3,player,405.62396240234375,130.6224822998047,40.920257568359375,130.00762939453125,0.4473312497138977,1.8333333333333333,0.030141089933774314,0.008372524981603976,0.022542768145673225,0.0002790841660534649
55,4,player,1034.4993896484375,230.7623748779297,74.01318359375,125.32638549804688,0.7690880298614502,1.8333333333333333,2.53151976169597,0.7031999338044361,1.893344373726704,0.02343999779348112
55,5,player,212.40615844726562,438.19036865234375,50.386749267578125,118.9283447265625,0.31416434049606323,1.8333333333333333,1.4060373185662873,0.3905659218239687,1.0515868320039508,0.01301886406079891
55,6,player,53.3508415222168,374.735107421875,75.08353424072266,104.54531860351562,0.27607446908950806,1.8333333333333333,0.01981747464520828,0.005504854068113411,0.014821651676872405,0.00018349513560377971
55,7,player,1652.7691650390625,344.5197448730469,74.65966796875,131.03656005859375,0.3160988986492157,1.8333333333333333,0.05575217775093617,0.015486716041926713,0.041697510588275394,0.000516223868064222
55,8,player,1695.385009765625,165.74171447753906,47.1898193359375,67.6143798828125,0.2865012288093567,1.8333333333333333,0.0300381699652734,0.008343936101464833,0.022465793457877466,0.0002781312033821601
56,1,player,1524.9442138671875,137.69094848632812,42.6796875,119.8732681274414,0.6924941539764404,1.8666666666666667,0.06327728644317228,0.0175770240119923,0.047325601041965114,0.0005859008003997452
56,2,player,948.6025390625,854.2586669921875,109.628662109375,220.01873779296875,0.8865960836410522,1.8666666666666667,0.4182372279927491,0.11617700777576363,0.31280304996419417,0.0038725669258588
56,3,player,405.6651611328125,130.6435546875,40.822357177734375,129.95932006835938,0.4532739222049713,1.8666666666666667,0.061872643617705156,0.017186845449362543,0.04627505716277688,0.0005728948483120866
56,4,player,1031.57177734375,229.34109497070312,78.02099609375,124.51116943359375,0.7505766749382019,1.8666666666666667,4.351301487601439,1.2086948576670662,3.254374038312683,0.04028982858890233
56,5,player,212.498046875,438.4207458496094,51.1270751953125,119.467041015625,0.3165523409843445,1.8666666666666667,0.33162690916233584,0.09211858587842661,0.24802648280266393,0.0030706195292808966
56,6,player,53.512298583984375,374.716552734375,74.75653076171875,104.61709594726562,0.280195951461792,1.8666666666666667,0.2172990224395029,0.06036083956652858,0.16251971948918137,0.002012027985550959
56,7,player,1652.88037109375,344.5624084472656,74.8978271484375,131.14532470703125,0.318923681974411,1.8666666666666667,0.1592562518684473,0.04423784774123536,0.11910905576100429,0.00147459492470785
56,8,player,1695.39501953125,165.8525848388672,47.20556640625,67.35302734375,0.2853895425796509,1.8666666666666667,0.14884353925571456,0.04134542757103182,0.11132130267337167,0.0013781809190343984
57,1,player,1524.958251953125,137.7080078125,42.6614990234375,119.8505859375,0.6926530003547668,1.9,0.029539353161106112,0.008205375878085031,0.022092724282601606,0.0002735125292695001
57,2,player,948.0333251953125,855.2312622070312,113.908447265625,221.016357421875,0.9061253666877747,1.9,1.506760806768458,0.41854466854679384,1.1269187541857262,0.013951488951559746
57,3,player,405.7342529296875,130.65628051757812,40.733428955078125,129.89210510253906,0.4506290853023529,1.9,0.09393397584384118,0.02609277106773366,0.07025399025388929,0.0008697590355911189
57,4,player,1027.49267578125,228.14454650878906,84.2169189453125,124.34933471679688,0.6501564383506775,1.9,5.683820727951976,1.578839091097771,4.250976097192132,0.052627969703258844
57,5,player,212.65933227539062,438.22998046875,51.60455322265625,119.085205078125,0.3171673119068146,1.9,0.3340099100226385,0.09278053056184403,0.2498087486730331,0.0030926843520614564
57,6,player,53.49388885498047,374.7359619140625,74.82362365722656,104.65780639648438,0.2793087959289551,1.9,0.03576821819557595,0.009935616165437764,0.026751343482878193,0.00033118720551459095
57,7,player,1652.974365234375,344.54705810546875,74.84228515625,131.22833251953125,0.3097902536392212,1.9,0.12734094710093788,0.035372485305816076,0.0952393378027859,0.0011790828435271983
57,8,player,1695.412109375,165.87283325195312,47.031494140625,67.02058410644531,0.278664767742157,1.9,0.03542738770939994,0.009840941030388873,0.026496433569410414,0.0003280313676796279
58,1,player,1524.97265625,137.71456909179688,42.6553955078125,119.85307312011719,0.6925716400146484,1.9333333333333333,0.021163387240218916,0.005878718677838588,0.01582827073545102,0.00019595728926128687
58,2,player,946.001708984375,858.4093017578125,120.96392822265625,220.56707763671875,0.9081470370292664,1.9333333333333333,5.043296210757808,1.4009156140993912,3.7719225621523482,0.04669718713664652
58,3,player,405.78546142578125,130.64901733398438,40.649566650390625,129.89532470703125,0.4376832842826843,1.9333333333333333,0.06915423628125553,0.019209510078126536,0.05172101998317636,0.0006403170026042198
58,4,player,1033.8409423828125,225.67080688476562,71.61029052734375,126.347900390625,0.7628677487373352,1.9333333333333333,9.109692115933035,2.5304700322036204,6.813213380775441,0.08434900107345428
58,5,player,212.96908569335938,437.8780517578125,52.15473937988281,118.51138305664062,0.3125573694705963,1.9333333333333333,0.626854197119142,0.17412616586642835,0.46882939063741896,0.005804205528880963
58,6,player,53.07939910888672,374.7359313964844,75.58526611328125,104.66094970703125,0.27037596702575684,1.9333333333333333,0.5541986976386047,0.1539440826773902,0.4144897472172067,0.00513146942257969
58,7,player,1652.979248046875,344.54522705078125,74.7647705078125,131.27996826171875,0.30942443013191223,1.9333333333333333,0.006972575077956291,0.001936826410543414,0.005214846035960407,6.456088035144733e-05
58,8,player,1695.4259033203125,166.0028839111328,46.88232421875,66.61215209960938,0.26367324590682983,1.9333333333333333,0.17486123045672586,0.04857256401575718,0.13078014711857253,0.001619085467191911
59,1,player,1525.00634765625,137.67782592773438,42.592529296875,119.87950897216797,0.6912981867790222,1.9666666666666666,0.06665455657689748,0.018515154604693742,0.04985148904923834,0.0006171718201564559
59,2,player,944.7467651367188,861.3954467773438,125.723388671875,218.2933349609375,0.8993548154830933,1.9666666666666666,4.330915743146076,1.2030321508739101,3.2391273729882193,0.04010107169579686
59,3,player,405.7724914550781,130.56344604492188,40.69610595703125,130.03680419921875,0.4433506727218628,1.9666666666666666,0.11572092989335796,0.03214470274815499,0.08654863171568834,0.0010714900916051625
59,4,player,1036.41064453125,225.0045928955078,66.52606201171875,127.25387573242188,0.7723581194877625,1.9666666666666666,3.549443942718434,0.9859566507551205,2.654658209858119,0.03286522169183723
59,5,player,213.2106475830078,437.88494873046875,52.814208984375,118.56240844726562,0.31897154450416565,1.9666666666666666,0.3231149640584052,0.08975415668289033,0.2416603293102634,0.0029918052227630005
59,6,player,53.33378982543945,374.7900390625,75.01590728759766,104.56546020507812,0.2635987401008606,1.9666666666666666,0.3477449366792997,0.09659581574424991,0.2600812876580552,0.003219860524808319
59,7,player,1652.894287109375,344.5601806640625,74.5968017578125,131.29400634765625,0.31369686126708984,1.9666666666666666,0.11534418595369457,0.032040051653804046,0.08626686183607285,0.0010680017217934645
59,8,player,1695.417236328125,166.14109802246094,46.4539794921875,66.12936401367188,0.2658599615097046,1.9666666666666666,0.18516388283685645,0.05143441189912679,0.1384855852563779,0.0017144803966375537
60,1,player,1525.127685546875,137.74349975585938,42.3966064453125,119.734619140625,0.6905329823493958,2.0,0.18447555248739994,0.05124320902427776,0.13797077734765614,0.0017081069674759306
60,2,player,942.1392822265625,865.8013305664062,133.60943603515625,215.85595703125,0.8866574764251709,2.0,6.845287192298415,1.9014686645273375,5.119646383245686,0.06338228881757811
60,3,player,405.71044921875,130.627685546875,40.51123046875,130.11695861816406,0.44858846068382263,2.0,0.11941063103360937,0.03316961973155816,0.0893081894328872,0.001105653991051942
60,4,player,1038.234619140625,226.36138916015625,64.531982421875,123.79878234863281,0.7779371738433838,2.0,3.039510829320912,0.8443085637002533,2.273275055818947,0.02814361879000853
60,5,player,213.59609985351562,438.0947265625,54.35987854003906,119.25521850585938,0.31551429629325867,2.0,0.5867559682924601,0.16298776897012782,0.4388395967222639,0.005432925632337611
60,6,player,53.69466781616211,374.7791442871094,74.26934051513672,104.36865234375,0.24701416492462158,2.0,0.4827362645435369,0.13409340681764914,0.3610424079229942,0.004469780227254985
60,7,player,1654.50048828125,346.49700927734375,77.2110595703125,138.25067138671875,0.2985426187515259,2.0,3.3642966935854117,0.934526859329281,2.5161850650851565,0.03115089531097613
60,8,player,1695.287841796875,166.17774963378906,45.4825439453125,66.40695190429688,0.2501189708709717,2.0,0.17981519880917424,0.04994866633588173,0.13448526064351873,0.001664955544529396
61,1,player,1525.227783203125,137.6952667236328,42.2872314453125,119.71166229248047,0.6916378140449524,2.033333333333333,0.1485642278420573,0.04126784106723814,0.11111240337834377,0.0013755947022412664
61,2,player,939.87353515625,871.3148193359375,140.24444580078125,214.1444091796875,0.878576397895813,2.033333333333333,7.970077843196549,2.213910511999041,5.960886527889698,0.07379701706663444
61,3,player,405.7046813964844,129.45794677734375,41.1068115234375,132.0107879638672,0.4437675476074219,2.033333333333333,1.5640328566799349,0.4344535712999819,1.1697529896171117,0.014481785709999346
61,4,player,1039.451171875,228.00567626953125,65.32958984375,119.95245361328125,0.764964759349823,2.033333333333333,2.7348340088928573,0.7596761135813492,2.0454047652169196,0.025322537119378218
61,5,player,213.66314697265625,438.3031005859375,55.57762145996094,119.95114135742188,0.31413978338241577,2.033333333333333,0.2926763839070592,0.08129899552973867,0.2188950657931534,0.002709966517657946
61,6,player,53.89402770996094,374.703369140625,73.719482421875,104.37844848632812,0.2508395314216614,2.033333333333333,0.2851620499987557,0.07921168055520993,0.2132750338886587,0.0026403893518403216
61,7,player,1653.773681640625,345.4774169921875,76.1051025390625,134.17880249023438,0.2994188070297241,2.033333333333333,1.6741690118369483,0.4650469477324856,1.2521247225443406,0.015501564924416133
61,8,player,1695.34619140625,166.2882843017578,44.8345947265625,66.19973754882812,0.2483556717634201,2.033333333333333,0.16711992131469944,0.04642220036519429,0.12499035857687942,0.0015474066788398041
62,1,player,1525.33837890625,137.69415283203125,42.1632080078125,119.61067962646484,0.6933801770210266,2.066666666666667,0.14788086725847086,0.04107801868290857,0.1106013123982404,0.0013692672894302991
62,2,player,939.053955078125,875.214599609375,145.14251708984375,212.890869140625,0.885904848575592,2.066666666666667,5.3281559276552475,1.4800433132375688,3.9849714786371613,0.04933477710791944
62,3,player,405.69610595703125,129.00604248046875,41.38861083984375,132.84326171875,0.4425208866596222,2.066666666666667,0.6043330689067821,0.16787029691855057,0.45198565430321164,0.00559567656395174
62,4,player,1039.84912109375,228.4416961669922,65.83544921875,118.76290893554688,0.7360582947731018,2.066666666666667,0.7892938621734604,0.21924829504818344,0.5903193472058846,0.007308276501606186
62,5,player,213.68472290039062,438.472412109375,55.771270751953125,120.27737426757812,0.3211442232131958,2.066666666666667,0.22821080760170476,0.06339189100047354,0.17068073302609785,0.0021130630333491386
62,6,player,54.02608108520508,374.60736083984375,73.59925079345703,104.42340087890625,0.24572010338306427,2.066666666666667,0.21829644064855072,0.06063790018015298,0.1632656967408426,0.0020212633393384524
62,7,player,1653.577880859375,345.19000244140625,76.382568359375,132.95114135742188,0.296882301568985,2.066666666666667,0.46499233449902927,0.12916453736084146,0.34777157724417057,0.004305484578694758
62,8,player,1695.471923828125,166.46527099609375,44.2867431640625,66.01863098144531,0.24160483479499817,2.066666666666667,0.2902778758149657,0.08063274328193493,0.21710120193705873,0.0026877581093978573
63,1,player,1525.3251953125,137.71949768066406,42.1810302734375,119.64188385009766,0.6926172971725464,2.1,0.03819808775662667,0.010610579932396298,0.02856866283859321,0.000353685997746542
63,2,player,938.5799560546875,881.5178833007812,147.6483154296875,207.41552734375,0.8935187458992004,2.1,8.451679873826752,2.347688853840764,6.32108063297469,0.07825629512802519
63,3,player,405.69573974609375,128.84628295898438,41.561798095703125,133.0458526611328,0.4349384903907776,2.1,0.21360902639386445,0.05933584066496234,0.1597599412098265,0.0019778613554987377
63,4,player,1040.7874755859375,228.12554931640625,65.882080078125,119.439697265625,0.7641997933387756,2.1,1.3239335939270507,0.36775933164640295,0.9901807835662476,0.012258644388213388
63,5,player,213.8166961669922,438.00042724609375,55.683074951171875,119.69546508789062,0.2961786687374115,2.1,0.6552788410356786,0.1820219002876885,0.49008841474177633,0.006067396676256262
63,6,player,54.4989128112793,374.4967346191406,72.7290267944336,104.44036865234375,0.2430073469877243,2.1,0.6492784336960867,0.1803551204711352,0.48560066092354276,0.0060118373490378185
63,7,player,1653.477294921875,344.9141845703125,76.57275390625,132.06051635742188,0.3156341016292572,2.1,0.39254349021803325,0.10903985839389813,0.2935864929410793,0.003634661946463258
63,8,player,1695.416748046875,166.13172912597656,44.2509765625,67.0384521484375,0.25193899869918823,2.1,0.45202708895123705,0.12556308026423252,0.3380747638582605,0.004185436008807736
64,1,player,1525.2940673828125,137.70010375976562,42.298828125,119.70823669433594,0.6934774518013,2.1333333333333333,0.04903706885858357,0.013621408016273213,0.036675225622275244,0.0004540469338757722
64,2,player,938.482421875,886.566162109375,147.92364501953125,201.88531494140625,0.8904842138290405,2.1333333333333333,6.751123939269057,1.8753122053525157,5.0492209147059555,0.06251040684508363
64,3,player,405.6502380371094,128.7036590576172,41.55621337890625,133.0859375,0.44073453545570374,2.1333333333333333,0.200166708779228,0.05560186354978555,0.14970632171587137,0.0018533954516595117
64,4,player,1041.1405029296875,227.3793487548828,66.15435791015625,122.85311889648438,0.7970247268676758,2.1333333333333333,1.1037396948331661,0.30659435967587945,0.8254959621058567,0.010219811989195944
64,5,player,213.55955505371094,438.2407531738281,56.368560791015625,120.11981201171875,0.3299325406551361,2.1333333333333333,0.4705968141952899,0.13072133727646942,0.3519632135336144,0.004357377909215632
64,6,player,55.0511474609375,374.52093505859375,71.70843505859375,104.49197387695312,0.25758644938468933,2.1333333333333333,0.7390808984627264,0.20530024957297954,0.5527646601880792,0.006843341652432627
64,7,player,1653.642578125,344.85589599609375,77.2149658203125,131.94058227539062,0.3314087688922882,2.1333333333333333,0.2343336787242401,0.06509268853451114,0.17526007851109374,0.002169756284483697
64,8,player,1695.362060546875,165.78427124023438,44.4105224609375,67.86524963378906,0.2614339590072632,2.1333333333333333,0.47029204867915764,0.1306366801886549,0.35173527690676837,0.004354556006288481
65,1,player,1525.2821044921875,137.64556884765625,42.3173828125,120.11515045166016,0.6971729397773743,2.1666666666666665,0.07465033666722444,0.020736204629784566,0.05583159849836801,0.0006912068209928165
65,2,player,937.7811279296875,889.2650146484375,148.53375244140625,197.41827392578125,0.8849572539329529,2.1666666666666665,3.7283714442119766,1.0356587345033268,2.7884795544052454,0.034521957816777436
65,3,player,405.6621398925781,128.65098571777344,41.64617919921875,133.28912353515625,0.42935073375701904,2.1666666666666665,0.07220304499520007,0.020056401387555572,0.054001249003094325,0.0006685467129185168
65,4,player,1041.513671875,225.5521240234375,66.3431396484375,127.73377990722656,0.8041905164718628,2.1666666666666665,2.49354280037118,0.6926507778808834,1.864941093158451,0.02308835926269603
65,5,player,213.49984741210938,438.076171875,57.05816650390625,119.57925415039062,0.30978989601135254,2.1666666666666665,0.23408908399604128,0.0650247455544559,0.17507714410959876,0.0021674915184818557
65,6,player,55.46404266357422,374.51995849609375,70.99531555175781,104.41921997070312,0.2518991529941559,2.1666666666666665,0.5520682359965519,0.15335228777681995,0.41289635749753645,0.00511174292589398
65,7,player,1653.644287109375,344.8885498046875,77.678466796875,132.01608276367188,0.33614370226860046,2.1666666666666665,0.04371993695041092,0.012144426930669699,0.03269849909814295,0.00040481423102232185
65,8,player,1695.1778564453125,165.4741973876953,44.340087890625,68.34341430664062,0.2496165633201599,2.1666666666666665,0.48222738850366204,0.13395205236212834,0.3606618153629021,0.004465068412070929
66,1,player,1525.274658203125,137.61297607421875,42.3720703125,120.27034759521484,0.6966650485992432,2.2,0.044701422914819426,0.012417061920783174,0.033432560493484684,0.00041390206402610984
66,2,player,935.1478271484375,890.1337890625,152.6180419921875,194.50592041015625,0.8789981603622437,2.2,3.7075568986795977,1.0298769162998882,2.772912185241628,0.034329230543329946
66,3,player,405.621826171875,128.5284881591797,41.81964111328125,133.57424926757812,0.42141881585121155,2.2,0.1724284422992606,0.04789678952757239,0.12896064492068418,0.0015965596509190953
66,4,player,1041.4046630859375,223.7711944580078,66.40728759765625,130.04818725585938,0.7689957022666931,2.2,2.385670615368521,0.6626862820468115,1.7842626020612684,0.02208954273489393
66,5,player,213.52896118164062,437.82171630859375,57.2451171875,118.94674682617188,0.28176239132881165,2.2,0.3424426852494422,0.09512296812484505,0.2561156903655929,0.0031707656041615327
66,6,player,55.42681884765625,374.59381103515625,71.06690979003906,104.30813598632812,0.24775269627571106,2.2,0.11057927223189819,0.03071646450886061,0.08270314381855694,0.0010238821502953637
66,7,player,1653.8636474609375,345.02978515625,78.202392578125,132.038818359375,0.336232453584671,2.2,0.3488334009964065,0.09689816694344625,0.26089535903999245,0.0032299388981149066
66,8,player,1695.1597900390625,165.4480743408203,44.359619140625,68.10995483398438,0.23520275950431824,2.2,0.04246744169709671,0.011796511582526863,0.03176174763490646,0.00039321705275089926
67,1,player,1525.26220703125,137.58416748046875,42.348388671875,120.18106842041016,0.6995148062705994,2.2333333333333334,0.041962610184902945,0.011656280606917485,0.03138418001021104,0.0003885426868972481
67,2,player,933.107177734375,890.3071899414062,156.7119140625,192.53759765625,0.8688696622848511,2.2333333333333334,2.738308536058829,0.7606412600163414,2.0480033925555605,0.02535470866721129
67,3,player,405.6023254394531,128.715576171875,41.8763427734375,133.55056762695312,0.41123077273368835,2.2333333333333334,0.25150356404901386,0.06986210112472607,0.18810157644015368,0.0023287367041575275
67,4,player,1041.259521484375,224.10353088378906,67.17724609375,128.04971313476562,0.7862775325775146,2.2333333333333334,0.4848830645455771,0.1346897401515492,0.3626480172359747,0.004489658005051624
67,5,player,213.51492309570312,438.33367919921875,57.65911865234375,119.75051879882812,0.3093482255935669,2.2333333333333334,0.684783669192274,0.19021768588674276,0.5121553174905972,0.00634058952955807
67,6,player,55.829078674316406,374.72210693359375,70.16859436035156,104.0728759765625,0.2371404767036438,2.2333333333333334,0.5645394012399394,0.1568165003444276,0.4222236441751507,0.005227216678147568
67,7,player,1653.849609375,345.2799377441406,78.377197265625,132.4046630859375,0.33620375394821167,2.2333333333333334,0.3349958931845224,0.09305441477347844,0.25054617355921743,0.0031018138257826035
67,8,player,1695.12451171875,165.53228759765625,44.3228759765625,68.01884460449219,0.21679462492465973,2.2333333333333334,0.12207924305990793,0.033910900849974425,0.0913040662346805,0.0011303633616658103
68,1,player,1525.239990234375,137.57061767578125,42.36572265625,120.13495635986328,0.6974551677703857,2.2666666666666666,0.03479403682360303,0.009665010228778621,0.026022745252075284,0.00032216700762595287
68,2,player,931.2872314453125,889.8336181640625,159.88818359375,192.30450439453125,0.8638118505477905,2.2666666666666666,2.514415166978264,0.6984486574939622,1.880551707177679,0.023281621916465326
68,3,player,404.81024169921875,129.4281005859375,43.2171630859375,134.34390258789062,0.4030798375606537,2.2666666666666666,1.4245129963551917,0.3956980545431088,1.0654049428169488,0.013189935151436913
68,4,player,1040.9925537109375,223.90008544921875,68.81134033203125,128.60736083984375,0.7723871469497681,2.2666666666666666,0.448786849381839,0.1246630137171775,0.3356513621329126,0.004155433790572568
68,5,player,213.69757080078125,438.7984313964844,57.68278503417969,120.2406005859375,0.3058282732963562,2.2666666666666666,0.6676680052773568,0.18546333479926577,0.4993543721982738,0.006182111159975504
68,6,player,56.15193557739258,374.7261962890625,69.47574615478516,104.01092529296875,0.23107294738292694,2.2666666666666666,0.43171448409851093,0.11992069002736415,0.3228828002419553,0.003997356334245457
68,7,player,1653.733154296875,345.2505798339844,77.4708251953125,132.2705078125,0.3318707346916199,2.2666666666666666,0.16057932538861502,0.044605368163504175,0.12009859328835747,0.001486845605450134
68,8,player,1695.1243896484375,165.439453125,44.25439453125,67.97248840332031,0.20888029038906097,2.2666666666666666,0.12412559940401258,0.03447933316778127,0.09283455291283102,0.0011493111055927048
69,1,player,1525.2412109375,137.6009063720703,42.4420166015625,119.98416900634766,0.6969691514968872,2.3,0.040530756438277124,0.011258543455076979,0.030313284860114604,0.000375284781835898
69,2,player,929.3955078125,888.3399658203125,160.82470703125,193.29339599609375,0.8419411182403564,2.3,3.222741030756784,0.8952058418768843,2.410314424910408,0.029840194729229372
69,3,player,405.3114013671875,129.02383422851562,42.454254150390625,133.99429321289062,0.40727630257606506,2.3,0.860919063817708,0.23914418439380777,0.6438884224317898,0.007971472813126898
69,4,player,1040.1611328125,224.74676513671875,69.36700439453125,125.17333984375,0.815642774105072,2.3,1.5866190078094855,0.4407275021693015,1.186645357123904,0.014690916738976665
69,5,player,213.89413452148438,439.43609619140625,57.692626953125,120.91009521484375,0.3118061423301697,2.3,0.8921861368244952,0.24782948245124867,0.6672733225443777,0.008260982748374926
69,6,player,56.170448303222656,374.7386474609375,69.22921752929688,104.02435302734375,0.2319255769252777,2.3,0.029830361760513593,0.008286211600142665,0.02231037199870125,0.00027620705333808785
69,7,player,1653.515380859375,345.16973876953125,76.2996826171875,132.09848022460938,0.3330130875110626,2.3,0.3105917268800209,0.0862754796888947,0.2322940976057737,0.002875849322963146
69,8,player,1695.1435546875,165.66830444335938,44.289794921875,67.2698974609375,0.21018369495868683,2.3,0.3070596115257753,0.08529433653493759,0.22965239958922956,0.0028431445511645764
70,1,player,1525.216552734375,137.60162353515625,42.5401611328125,120.04084777832031,0.6992903351783752,2.3333333333333335,0.032983500049745366,0.00916208334715149,0.02466862996288183,0.000305402778238386
70,2,player,923.853515625,887.1550903320312,159.21112060546875,196.1903076171875,0.8375934362411499,2.3333333333333335,7.577453859717604,2.104848294366001,5.667239833379276,0.07016160981220072
70,3,player,404.695556640625,129.52410888671875,43.444976806640625,134.67721557617188,0.399988055229187,2.3333333333333335,1.0608724894060295,0.29468680261278596,0.7934352279014929,0.009822893420426295
70,4,player,1039.625,225.2965850830078,69.69403076171875,123.57937622070312,0.7714239358901978,2.3333333333333335,1.0267911953900388,0.285219776497233,0.767945548835637,0.009507325883241194
70,5,player,214.11524963378906,439.2581787109375,57.3759765625,120.05392456054688,0.3055779039859772,2.3333333333333335,0.3794679548664746,0.10540776524068739,0.2838071929071964,0.0035135921746896137
70,6,player,56.271881103515625,374.8487548828125,68.92613220214844,104.04177856445312,0.23022513091564178,2.3333333333333335,0.20016793488028148,0.05560220413341152,0.14970723872689828,0.0018534068044470688
70,7,player,1653.3408203125,344.92523193359375,75.480224609375,131.85079956054688,0.32591482996940613,2.3333333333333335,0.40168654920734226,0.11157959700203951,0.30042466167987375,0.00371931990006802
70,8,player,1695.174072265625,165.3457794189453,44.2489013671875,67.86642456054688,0.20954270660877228,2.3333333333333335,0.4331622632311842,0.12032285089755115,0.32396560611877784,0.004010761696585078
71,1,player,1525.208984375,137.56607055664062,42.545654296875,120.04198455810547,0.7013290524482727,2.3666666666666667,0.048601704058679515,0.013500473349633198,0.03634961272093065,0.000450015778321105
71,2,player,916.558837890625,886.9960327148438,151.7515869140625,198.4986572265625,0.8427578210830688,2.3666666666666667,9.755758365835273,2.709932879398687,7.29641162311802,0.09033109597995591
71,3,player,405.013916015625,129.9163360595703,43.595489501953125,134.4889373779297,0.41079583764076233,2.3666666666666667,0.675441372354196,0.1876226034317211,0.5051681371321038,0.006254086781057348
71,4,player,1040.0303955078125,225.35574340820312,70.53765869140625,120.38752746582031,0.7872945070266724,2.3666666666666667,0.5477800408417234,0.15216112245603428,0.409689181202615,0.005072037415201124
71,5,player,214.26805114746094,438.8114929199219,57.423736572265625,119.11248779296875,0.31653067469596863,2.3666666666666667,0.631224499373304,0.17534013871480666,0.47209797550473653,0.005844671290493535
71,6,player,56.52201843261719,374.8346862792969,68.44267272949219,104.08807373046875,0.23873651027679443,2.3666666666666667,0.33497781213827815,0.09304939226063282,0.2505326505965704,0.0031016464086877494
71,7,player,1653.2454833984375,344.7887878417969,75.065185546875,131.6944580078125,0.32118022441864014,2.3666666666666667,0.2225561210407343,0.0618211447335373,0.16645154661112213,0.002060704824451236
71,8,player,1695.203857421875,164.95025634765625,44.2774658203125,68.69395446777344,0.20859920978546143,2.3666666666666667,0.5303364576005977,0.14731568266683268,0.396642982359161,0.004910522755561072
72,1,player,1525.227294921875,137.53053283691406,42.5462646484375,120.16254425048828,0.701763927936554,2.4,0.05345250211477346,0.014847917254103738,0.039977564335828185,0.0004949305751367895
72,2,player,903.8114013671875,885.9708251953125,134.83099365234375,202.148193359375,0.8457455635070801,2.4,17.09915217719982,4.749764493666616,12.788596028382933,0.15832548312221997
72,3,player,404.5924072265625,129.8016357421875,43.743255615234375,135.01475524902344,0.39690661430358887,2.4,0.5840772349897042,0.16224367638602893,0.4368361501348681,0.005408122546200945
72,4,player,1040.206298828125,226.28549194335938,70.7794189453125,117.7838134765625,0.8115695714950562,2.4,1.2651849726024076,0.3514402701673354,0.9462422082755316,0.011714675672244473
72,5,player,214.1263427734375,439.2021789550781,58.14263916015625,119.85198974609375,0.3244105875492096,2.4,0.5556726890213475,0.1543535247281521,0.41559215745063943,0.005145117490938385
72,6,player,56.901947021484375,374.8454895019531,67.846923828125,104.08245849609375,0.2389077991247177,2.4,0.5081935923398957,0.14116488676108213,0.3800821519860843,0.004705496225369387
72,7,player,1653.1201171875,344.6999816894531,74.4879150390625,131.4749755859375,0.31031176447868347,2.4,0.2054174489381225,0.0570604024828118,0.15363339330668668,0.00190201341609372
72,8,player,1695.263916015625,164.75108337402344,44.335205078125,69.07186889648438,0.20987920463085175,2.4,0.27815048476274923,0.07726402354520812,0.20803102679399668,0.002575467451506928
73,1,player,1525.2177734375,137.54257202148438,42.5645751953125,120.26011657714844,0.7040054798126221,2.433333333333333,0.020522956851409653,0.005700821347613792,0.015349287599801488,0.00019002737825379238
73,2,player,884.3798217773438,884.43359375,117.4371337890625,203.61773681640625,0.7818440198898315,2.433333333333333,26.06240987564253,7.239558298789591,19.492289908394287,0.24131860995965218
73,3,player,404.9224853515625,129.97879028320312,43.669097900390625,134.6690216064453,0.4032742381095886,2.433333333333333,0.5008817085715709,0.13913380793654748,0.37461353420021065,0.0046377935978849
73,4,player,1039.763427734375,226.68075561523438,67.39178466796875,118.81202697753906,0.7676610350608826,2.433333333333333,0.7936884268290524,0.22046900745251455,0.5936060781220396,0.007348966915083792
73,5,player,213.76541137695312,439.0089111328125,58.496368408203125,119.53244018554688,0.3376423716545105,2.433333333333333,0.5474188023509431,0.15206077843081753,0.40941900797527503,0.005068692614360566
73,6,player,56.90166473388672,374.90435791015625,67.90774536132812,104.04229736328125,0.2407246232032776,2.433333333333333,0.07871164598462038,0.021864346106838996,0.058869085016310094,0.0007288115368946306
73,7,player,1653.15869140625,344.62591552734375,74.3765869140625,131.45401000976562,0.31697773933410645,2.433333333333333,0.1116568615137438,0.03101579486492883,0.08350908167250475,0.0010338598288309572
73,8,player,1695.2962646484375,164.6322784423828,44.413330078125,69.18429565429688,0.20557668805122375,2.433333333333333,0.16463277127255233,0.04573132535348676,0.12313019867998073,0.0015243775117828864
74,1,player,1525.2060546875,137.5313262939453,42.563720703125,120.3348159790039,0.7039846181869507,2.466666666666667,0.021716277929790646,0.006032299424941846,0.01624178221271695,0.0002010766474980635
74,2,player,872.3373413085938,883.1016845703125,102.777099609375,206.039794921875,0.733082115650177,2.466666666666667,16.199731274615463,4.499925354059851,12.115911765243302,0.1499975118019965
74,3,player,405.3762512207031,129.18983459472656,42.25750732421875,134.01583862304688,0.4111174941062927,2.466666666666667,1.2169138601191114,0.33803162781086427,0.9101398477027987,0.011267720927028919
74,4,player,1039.0933837890625,226.52516174316406,66.45947265625,120.46102905273438,0.7783578038215637,2.466666666666667,0.9197282965465509,0.2554800823740419,0.6878723294883821,0.00851600274580148
74,5,player,213.30282592773438,439.3980712890625,58.40391540527344,119.37481689453125,0.3573932945728302,2.466666666666667,0.8082660869516896,0.22451835748658042,0.6045088295810386,0.007483945249552754
74,6,player,56.926795959472656,374.90313720703125,67.88685607910156,104.10275268554688,0.2543034851551056,2.466666666666667,0.033641635455671844,0.009344898737686623,0.0251608548259129,0.00031149662458955713
74,7,player,1653.0557861328125,344.507080078125,74.077392578125,131.5089111328125,0.31845903396606445,2.466666666666667,0.2101841806634628,0.05838449462873967,0.1571984710239535,0.0019461498209580078
74,8,player,1695.3408203125,164.6316680908203,44.6322021484375,69.29776000976562,0.20859982073307037,2.466666666666667,0.059579296894982654,0.016549804693050736,0.044559844356552684,0.0005516601564350299
75,1,player,1525.2601318359375,137.52764892578125,42.484619140625,120.38581848144531,0.705344557762146,2.5,0.07247151362228038,0.020130976006188996,0.05420203888919188,0.0006710325335396308
75,2,player,846.766845703125,881.0830688476562,94.284423828125,209.5596923828125,0.7646807432174683,2.5,34.295719715992355,9.526588809997877,25.650049803948757,0.3175529603332614
75,3,player,405.52197265625,128.7595977783203,41.676239013671875,133.94570922851562,0.4208616614341736,2.5,0.6073538595672096,0.168709405435336,0.4542449283913111,0.005623646847844513
75,4,player,1038.6015625,226.60433959960938,67.5697021484375,119.08636474609375,0.7543676495552063,2.5,0.6660629059524857,0.18501747387569048,0.4981539052605868,0.00616724912918966
75,5,player,212.97662353515625,439.0802001953125,57.585601806640625,118.46359252929688,0.3662188649177551,2.5,0.6089876182918604,0.16916322730329456,0.45546682992893617,0.005638774243443132
75,6,player,57.091670989990234,374.8163146972656,67.53247833251953,104.31182861328125,0.26418453454971313,2.5,0.24914581634777294,0.0692071712077147,0.18633819761437634,0.002306905706923815
75,7,player,1653.09619140625,344.40753173828125,74.1158447265625,131.64028930664062,0.3219081461429596,2.5,0.14364842268150468,0.0399023396337513,0.10743583241733591,0.0013300779877917055
75,8,player,1695.32177734375,164.677001953125,44.6719970703125,69.30119323730469,0.21376365423202515,2.5,0.06574478841591623,0.018262441226643396,0.04917106598675529,0.000608748040888111
76,1,player,1525.2896728515625,137.6380615234375,42.43603515625,120.68661499023438,0.7073126435279846,2.533333333333333,0.15282111606647417,0.04245031001846505,0.11429616496347302,0.00141501033394883
76,2,player,823.983642578125,876.5215454101562,99.27032470703125,207.0008544921875,0.7246185541152954,2.533333333333333,31.067125260801046,8.62975701688918,23.23535755493923,0.2876585672296383
76,3,player,405.59759521484375,128.7665252685547,41.541717529296875,133.83340454101562,0.43482705950737,2.533333333333333,0.10153545125250832,0.028204292014585644,0.07593919600056688,0.0009401430671528515
76,4,player,1038.42529296875,226.64852905273438,68.95074462890625,117.73020935058594,0.7600496411323547,2.533333333333333,0.24297650481723107,0.06749347356034197,0.18172411896768492,0.002249782452011391
76,5,player,213.21527099609375,437.9750061035156,56.93046569824219,116.5369873046875,0.3759780824184418,2.533333333333333,1.5117716925644027,0.41993658126788963,1.13066643673306,0.013997886042262937
76,6,player,57.17640686035156,374.7990417480469,67.3968505859375,104.3428955078125,0.26645827293395996,2.533333333333333,0.11562709399258697,0.032118637220163046,0.0864784510765851,0.0010706212406720978
76,7,player,1653.2310791015625,344.3984375,74.0625,131.7799072265625,0.32228001952171326,2.533333333333333,0.18076271824520654,0.05021186617922404,0.1351939181939557,0.0016737288726407953
76,8,player,1695.317626953125,164.76205444335938,44.8175048828125,69.25657653808594,0.21886059641838074,2.533333333333333,0.113855812833251,0.03162661467590305,0.08515369538316316,0.0010542204891967647
77,1,player,1525.28564453125,137.68350219726562,42.4034423828125,120.69847869873047,0.7044895887374878,2.566666666666667,0.06099529359403479,0.01694313710945411,0.04561887989083187,0.0005647712369818091
77,2,player,810.9118041992188,874.9600830078125,106.73828125,205.5113525390625,0.6973809599876404,2.566666666666667,17.602117966647032,4.889477212957509,13.164768263747733,0.16298257376525188
77,3,player,405.6186218261719,128.9075927734375,41.32574462890625,133.55130004882812,0.43257424235343933,2.566666666666667,0.19069979851171487,0.05297216625325413,0.14262594195238945,0.001765738875108488
77,4,player,1037.9652099609375,225.61962890625,68.46368408203125,118.27238464355469,0.7668986916542053,2.566666666666667,1.5069779204458233,0.4186049779016176,1.1270811352841308,0.01395349926338739
77,5,player,213.23880004882812,437.4486083984375,56.75335693359375,115.65591430664062,0.3709990680217743,2.566666666666667,0.7045293799231025,0.19570260553419513,0.5269232963478591,0.006523420184473235
77,6,player,57.13002395629883,374.7499084472656,67.52063751220703,104.4296875,0.26206228137016296,2.566666666666667,0.09034284094063533,0.025095233594620923,0.06756815103305658,0.0008365077864873723
77,7,player,1653.3876953125,344.3785400390625,74.017578125,131.69393920898438,0.3244774639606476,2.566666666666667,0.21108887284558117,0.05863579801266144,0.1578750977202511,0.001954526600422067
77,8,player,1695.29052734375,164.8851318359375,44.9232177734375,69.06709289550781,0.21753406524658203,2.566666666666667,0.16850400585747818,0.04680666829374394,0.12602552674798662,0.0015602222764581467
78,1,player,1525.277099609375,137.74085998535156,42.40185546875,120.64864349365234,0.7027103304862976,2.6,0.0775373085693455,0.02153814126926264,0.05799078844058914,0.0007179380423087521
78,2,player,799.1728515625,874.9454345703125,103.9210205078125,206.83282470703125,0.80181485414505,2.6,15.6957255799339,4.359923772203861,11.738961776232482,0.14533079240679486
78,3,player,405.59747314453125,128.97073364257812,41.16741943359375,133.42654418945312,0.4267057180404663,2.6,0.08903306417675086,0.024731406715764126,0.06658855825868315,0.0008243802238588013
78,4,player,1035.6572265625,223.27676391601562,64.5635986328125,121.29899597167969,0.7554630637168884,2.6,4.397249491574619,1.2214581921040608,3.2887389269945144,0.04071527307013521
78,5,player,213.21238708496094,436.9931640625,56.216705322265625,114.8404541015625,0.37919387221336365,2.6,0.6099807316905881,0.16943909213627445,0.4562095875776831,0.005647969737875795
78,6,player,57.070106506347656,374.90087890625,67.68888854980469,104.13751220703125,0.26314666867256165,2.6,0.2171736099805465,0.06032600277237402,0.16242592248346333,0.002010866759079127
78,7,player,1653.3516845703125,344.2389221191406,73.70751953125,131.43145751953125,0.31573915481567383,2.6,0.19278724465153338,0.053552012403203716,0.14418716002545334,0.0017850670801067843
78,8,player,1695.30615234375,164.96861267089844,44.92626953125,68.8214111328125,0.2160491943359375,2.6,0.11355739138329088,0.03154371982869191,0.0849305035353923,0.00105145732762306
79,1,player,1525.290283203125,137.7886962890625,42.34375,120.59212493896484,0.7051689028739929,2.6333333333333333,0.06634470033981973,0.018429083427727703,0.04961974503048249,0.0006143027809242546
79,2,player,792.947509765625,876.2484130859375,96.56890869140625,210.42193603515625,0.8131626844406128,2.6333333333333333,8.504036360313327,2.362232322309257,6.360238478241141,0.0787410774103083
79,3,player,405.36236572265625,129.6591796875,42.503753662109375,134.12318420410156,0.41935235261917114,2.6333333333333333,0.9726920226724401,0.27019222852012226,0.7274843342569526,0.009006407617337377
79,4,player,1028.767333984375,223.69235229492188,54.8853759765625,118.59846496582031,0.7591415047645569,2.6333333333333333,9.228960314685605,2.563600087412668,6.902415043938164,0.08545333624708862
79,5,player,213.08306884765625,436.96160888671875,56.34266662597656,115.336181640625,0.3746820390224457,2.6333333333333333,0.17797972179543137,0.049438811609842044,0.1331124923445469,0.001647960386994729
79,6,player,57.11831283569336,374.9259948730469,67.57820892333984,104.14129638671875,0.271140992641449,2.6333333333333333,0.07267844223163814,0.020188456175455036,0.05435680249175926,0.0006729485391818321
79,7,player,1653.452392578125,344.2522888183594,73.6947021484375,131.41796875,0.3254970908164978,2.6333333333333333,0.13583378100801674,0.037731605835560206,0.10159119787445708,0.0012577201945186691
79,8,player,1695.375244140625,164.84762573242188,44.923583984375,68.92236328125,0.21328069269657135,2.6333333333333333,0.18628652096495052,0.05174625582359737,0.13932521551157845,0.0017248751941199062
80,1,player,1525.302490234375,137.7534942626953,42.3026123046875,120.5649185180664,0.704550564289093,2.6666666666666665,0.049816915345310846,0.013838032040364124,0.037258479199970586,0.0004612677346788025
80,2,player,788.150146484375,877.20654296875,93.99517822265625,212.83465576171875,0.7686511278152466,2.6666666666666665,6.541052327169535,1.816958979769315,4.892106634633393,0.06056529932564362
80,3,player,405.25189208984375,129.88333129882812,42.995391845703125,134.44430541992188,0.4211941063404083,2.6666666666666665,0.33412752714172966,0.09281320198381379,0.24989671548018771,0.003093773399460449
80,4,player,1024.5794677734375,224.0843505859375,50.60638427734375,117.80973815917969,0.7351810336112976,2.6666666666666665,5.623915353160333,1.5621987092112037,4.206172376504699,0.05207329030703994
80,5,player,212.87045288085938,437.0599365234375,56.67082214355469,116.05062866210938,0.372051477432251,2.6666666666666665,0.31320920508922967,0.08700255696923047,0.2342517310067619,0.002900085232307672
80,6,player,57.171234130859375,374.8731689453125,67.39588928222656,104.24685668945312,0.27360865473747253,2.6666666666666665,0.09997832539521662,0.027771757054226836,0.07477460881239004,0.0009257252351408912
80,7,player,1653.472900390625,344.2239990234375,73.721923828125,131.21450805664062,0.32759711146354675,2.6666666666666665,0.046718480458176705,0.012977355682826862,0.03494113435847355,0.00043257852276089385
80,8,player,1695.3594970703125,164.77130126953125,44.81103515625,68.91639709472656,0.21089687943458557,2.6666666666666665,0.1041999310304795,0.028944425286244305,0.07793198225997598,0.0009648141762081401
81,1,player,1525.3201904296875,137.73655700683594,42.304931640625,120.53185272216797,0.7073137164115906,2.7,0.03275578136442746,0.009098828156785404,0.024498317292144366,0.0003032942718928498
81,2,player,777.4075927734375,876.0750732421875,96.59423828125,211.823974609375,0.7928298711776733,2.7,14.442916940804166,4.0119213724456015,10.801975929176313,0.13373071241485468
81,3,player,405.1356506347656,129.90585327148438,43.24652099609375,134.6995849609375,0.4263157546520233,2.7,0.15831246369830043,0.043975684360639006,0.11840318885489792,0.0014658561453546478
81,4,player,1019.9577026367188,224.19158935546875,46.9735107421875,118.46382141113281,0.6828383803367615,2.7,6.181252103900548,1.7170144733057078,4.62300909935071,0.05723381577685748
81,5,player,213.00283813476562,437.12286376953125,56.47306823730469,116.59759521484375,0.3754558265209198,2.7,0.1959866091763254,0.0544407247712015,0.14657999097000127,0.0018146908257067344
81,6,player,57.609806060791016,374.6361083984375,66.40538787841797,104.75479125976562,0.28203076124191284,2.7,0.6665803577096063,0.18516121047489065,0.4985409116698829,0.006172040349163081
81,7,player,1653.636474609375,344.168212890625,73.8829345703125,131.1466064453125,0.3302026391029358,2.7,0.2310783566244745,0.06418843239568736,0.17282539643769587,0.0021396144131895995
81,8,player,1695.3094482421875,164.75460815429688,44.932373046875,69.02644348144531,0.20908652245998383,2.7,0.07054250127822968,0.01959513924395269,0.052759314750230726,0.0006531713081317626
82,1,player,1525.2900390625,137.8070068359375,42.3665771484375,120.45872497558594,0.7049962282180786,2.7333333333333334,0.10246020265687633,0.02846116740468787,0.07663082515355563,0.000948705580156259
82,2,player,769.6980590820312,878.6451416015625,93.15478515625,218.530517578125,0.7659273147583008,2.7333333333333334,10.865816004737285,3.018282223538135,8.1266328273639,0.1006094074512708
82,3,player,405.29925537109375,129.18553161621094,41.777862548828125,133.92868041992188,0.4161396920681,2.7333333333333334,0.9876447239548397,0.27434575665412214,0.738667582072518,0.009144858555137372
82,4,player,1015.2757568359375,225.42593383789062,47.27508544921875,120.44114685058594,0.7247036695480347,2.7333333333333334,6.473954284888714,1.7983206346913094,4.84192345899215,0.059944021156376766
82,5,player,212.87368774414062,436.66717529296875,55.656982421875,115.83425903320312,0.3631267249584198,2.7333333333333334,0.6332819936754901,0.17591166490985835,0.47363679235300354,0.005863722163661924
82,6,player,57.610557556152344,374.586181640625,66.43345642089844,104.96292114257812,0.29152563214302063,2.7333333333333334,0.06676275726399768,0.018545210351110467,0.04993241322974614,0.0006181736783703467
82,7,player,1653.666748046875,344.0833740234375,73.5631103515625,130.92471313476562,0.3355106711387634,2.7333333333333334,0.1204404229219463,0.03345567303387397,0.0900783792245657,0.0011151891011291284
82,8,player,1695.24951171875,164.79550170898438,44.9317626953125,69.00700378417969,0.21079681813716888,2.7333333333333334,0.097014638854839,0.026948510793010836,0.07255804336359643,0.000898283693100358
83,1,player,1525.254150390625,137.80960083007812,42.4014892578125,120.36735534667969,0.7068345546722412,2.7666666666666666,0.04811057770020372,0.013364049361167701,0.03598229529300504,0.0004454683120389218
83,2,player,763.6964111328125,879.263671875,92.6025390625,219.60150146484375,0.7596518397331238,2.7666666666666666,8.06708189039268,2.240856080664633,6.0334366496649565,0.07469520268882084
83,3,player,405.37164306640625,128.95054626464844,41.106048583984375,133.52244567871094,0.4132327437400818,2.7666666666666666,0.32875997128141315,0.09132221424483698,0.24588227646905958,0.003044073808161222
83,4,player,1012.7987670898438,224.56948852539062,48.8812255859375,123.69859313964844,0.7310453653335571,2.7666666666666666,3.504271386505466,0.9734087184737406,2.6208732849103566,0.0324469572824579
83,5,player,212.5450897216797,436.909912109375,55.94757080078125,116.34176635742188,0.37177494168281555,2.7666666666666666,0.5462318802009939,0.15173107783360942,0.4085312991733685,0.005057702594453629
83,6,player,57.7688102722168,374.6496887207031,66.21529388427734,104.77191162109375,0.2854529917240143,2.7666666666666666,0.22799590127088168,0.06333219479746713,0.1705200028202727,0.0021110731599155636
83,7,player,1653.7093505859375,344.2030334472656,73.96484375,131.24652099609375,0.3457258343696594,2.7666666666666666,0.16982985576007598,0.04717495993335444,0.12701714075450876,0.0015724986644451424
83,8,player,1695.2496337890625,164.98281860351562,45.30908203125,68.75520324707031,0.22180959582328796,2.7666666666666666,0.2504544484762105,0.0695706801322807,0.18731693430651866,0.002319022671076015
84,1,player,1525.2340087890625,137.79437255859375,42.4580078125,120.30622863769531,0.7068911790847778,2.8,0.03376140705232772,0.009378168625646588,0.025250432984492192,0.0003126056208548851
84,2,player,758.268798828125,880.70849609375,88.54766845703125,220.2471923828125,0.7875227928161621,2.8,7.509780564029106,2.0860501566747516,5.616626421000573,0.06953500522249147
84,3,player,405.3948974609375,128.84425354003906,40.9024658203125,133.44723510742188,0.4194399118423462,2.8,0.1454814333088764,0.040411509252465665,0.10880675608572964,0.0013470503084155173
84,4,player,1008.9365844726562,223.983154296875,52.2137451171875,124.9541015625,0.7721267342567444,2.8,5.223149114017097,1.4508747538936382,3.9064360222630423,0.04836249179645444
84,5,player,212.32269287109375,436.88665771484375,55.53935241699219,116.161865234375,0.37153106927871704,2.8,0.2989796305168788,0.08304989736579967,0.22360931558313674,0.0027683299121933126
84,6,player,57.64352798461914,374.66412353515625,66.61312103271484,104.71817016601562,0.2816091477870941,2.8,0.16861845397759928,0.04683845943822202,0.12611112343484218,0.0015612819812740619
84,7,player,1653.7388916015625,344.2862548828125,74.132080078125,131.43792724609375,0.3478199541568756,2.8,0.11807464820663155,0.032798513390730984,0.08830899692918703,0.001093283779691029
84,8,player,1695.23583984375,165.0146484375,45.4569091796875,68.88655090332031,0.22922411561012268,2.8,0.04638299025734172,0.0128841639603727,0.03469021848817206,0.0004294721320124218
85,1,player,1525.22314453125,137.76605224609375,42.4915771484375,120.29158782958984,0.7071605920791626,2.8333333333333335,0.040556704863847465,0.01126575135106874,0.030332691900227443,0.0003755250450356283
85,2,player,753.585693359375,880.3519287109375,80.87554931640625,221.67303466796875,0.7923617362976074,2.8333333333333335,6.279728242278557,1.7443689561884879,4.696660210183606,0.05814563187295017
85,3,player,405.4069519042969,128.83226013183594,40.8564453125,133.38180541992188,0.44237449765205383,2.8333333333333335,0.022736017351498813,0.0063155603754163365,0.017004453682231784,0.0002105186791805466
85,4,player,1003.4024658203125,224.88711547851562,61.45556640625,126.19346618652344,0.7608601450920105,2.8333333333333335,7.497525371415661,2.0826459365043504,5.607460662022706,0.06942153121681235
85,5,player,212.30780029296875,436.5823669433594,54.93052673339844,115.5067138671875,0.37207701802253723,2.8333333333333335,0.4073427616054334,0.1131507671126204,0.30465498928093293,0.0037716922370873832
85,6,player,57.599815368652344,374.6866760253906,66.82232666015625,104.54864501953125,0.28419023752212524,2.8333333333333335,0.0657667271172922,0.018268535310358946,0.049187474121286656,0.0006089511770119708
85,7,player,1653.794921875,344.37249755859375,74.5672607421875,131.552734375,0.3525020480155945,2.8333333333333335,0.137510821023017,0.03819745028417139,0.1028454698437944,0.0012732483428057255
85,8,player,1695.29736328125,165.00015258789062,45.5770263671875,69.12590026855469,0.2301701158285141,2.8333333333333335,0.08451317081526541,0.02347588078201817,0.0632080929764063,0.0007825293594006133
86,1,player,1525.184814453125,137.77227783203125,42.5396728515625,120.35398864746094,0.70499587059021,2.8666666666666667,0.051921303122434564,0.014422584200676268,0.03883236806240126,0.0004807528066892072
86,2,player,749.8291625976562,880.0436401367188,78.7919921875,223.0062255859375,0.7935273051261902,2.8666666666666667,5.039602156055067,1.399889487793074,3.769159748370064,0.046662982926435635
86,3,player,405.40704345703125,128.84210205078125,40.839080810546875,133.3273468017578,0.453052818775177,2.8666666666666667,0.013159830094374375,0.0036555083595484375,0.009842344762772367,0.00012185027865161415
86,4,player,999.2586669921875,226.0726776123047,69.66766357421875,128.03097534179688,0.7312659025192261,2.8666666666666667,5.762821009849929,1.6007836138472022,4.3100610553731835,0.05335945379490655
86,5,player,212.2913818359375,436.44683837890625,54.72978210449219,115.26181030273438,0.36819988489151,2.8666666666666667,0.1825350238238333,0.050704173284398135,0.13651944005895958,0.0016901391094799319
86,6,player,57.525699615478516,374.69720458984375,67.0458755493164,104.50726318359375,0.2878273129463196,2.8666666666666667,0.10009228386570987,0.02780341218491941,0.07485983928627833,0.000926780406163977
86,7,player,1653.692626953125,344.3841857910156,74.45263671875,131.47991943359375,0.35336562991142273,2.8666666666666667,0.1376646317015645,0.038240175472656804,0.10296050611064479,0.0012746725157552223
86,8,player,1695.304931640625,164.99819946289062,45.6676025390625,69.38017272949219,0.2324656844139099,2.8666666666666667,0.010450900025283922,0.0029030277848010894,0.00781631376639752,9.676759282670263e-05
87,1,player,1525.20166015625,137.73025512695312,42.5086669921875,120.4887924194336,0.7086271643638611,2.9,0.060533434912718384,0.016814843031310662,0.04527345199848038,0.0005604947677103534
87,2,player,745.379150390625,879.8839721679688,74.5772705078125,223.3394775390625,0.745184600353241,2.9,5.953773191197287,1.653825886443691,4.452875756516443,0.05512752954812284
87,3,player,405.44171142578125,128.8540496826172,40.8106689453125,133.21466064453125,0.4374372363090515,2.9,0.049028715691994504,0.013619087692220696,0.036668978220535185,0.0004539695897406882
87,4,player,996.364013671875,226.9019775390625,72.04022216796875,127.78303527832031,0.7643857002258301,2.9,4.026036221214557,1.1183433947818215,3.011105480270775,0.037278113159393916
87,5,player,212.2664794921875,436.9288330078125,55.03886413574219,116.14324951171875,0.3722608685493469,2.9,0.64531649211082,0.17925458114189444,0.4826374923467061,0.005975152704729794
87,6,player,57.489585876464844,374.78900146484375,67.24458312988281,104.37118530273438,0.27767816185951233,2.9,0.13189474975832408,0.036637430488423356,0.09864516412532968,0.001221247682947441
87,7,player,1653.6767578125,344.4874267578125,74.5433349609375,131.65115356445312,0.36183425784111023,2.9,0.13966081423917057,0.03879467062199182,0.10445346738777737,0.001293155687399723
87,8,player,1695.386474609375,165.025634765625,45.6885986328125,69.59111022949219,0.23584029078483582,2.9,0.115033631080292,0.031953786411192224,0.08603459530148486,0.0010651262137064037
88,1,player,1525.2265625,137.7264404296875,42.473876953125,120.43113708496094,0.7070860266685486,2.933333333333333,0.033684387095928116,0.009356774193313365,0.02519282912797868,0.0003118924731104444
88,2,player,739.447509765625,878.3316040039062,68.45458984375,223.564208984375,0.7600179314613342,2.933333333333333,8.198080436542423,2.2772445657062286,6.131411535767695,0.07590815219020736
88,3,player,405.45208740234375,128.90179443359375,40.804840087890625,133.10330200195312,0.43779456615448,2.933333333333333,0.06532781382573567,0.018146614951593244,0.048859207273957234,0.000604887165053106
88,4,player,995.4237060546875,229.13446044921875,72.81597900390625,126.05311584472656,0.7204194068908691,2.933333333333333,3.238937898242508,0.89970497173403,2.4224281948244726,0.029990165724467558
88,5,player,212.20758056640625,437.43218994140625,55.58811950683594,117.139892578125,0.3839038014411926,2.933333333333333,0.6776114635474473,0.18822540654095757,0.5067911661178478,0.006274180218031897
88,6,player,57.036590576171875,374.797607421875,68.25447082519531,104.3406982421875,0.28463077545166016,2.933333333333333,0.6057923203981701,0.16827564455504726,0.4530770404511143,0.005609188151834889
88,7,player,1653.617919921875,344.4269104003906,74.6370849609375,131.76519775390625,0.3583608865737915,2.933333333333333,0.11285414935234346,0.03134837482009541,0.08440454305789226,0.0010449458273365099
88,8,player,1695.46484375,165.13235473632812,45.7694091796875,69.70181274414062,0.24478130042552948,2.933333333333333,0.17703270162695814,0.049175750451932815,0.1324042082004076,0.001639191681731088
89,1,player,1525.233642578125,137.78622436523438,42.4542236328125,120.40518188476562,0.7076893448829651,2.966666666666667,0.08049345519336988,0.022359293109269412,0.060201714724158875,0.0007453097703089877
89,2,player,732.3927001953125,877.3585205078125,71.16094970703125,223.5982666015625,0.7318538427352905,2.966666666666667,9.52202833692137,2.645007871367047,7.121603019246641,0.0881669290455691
89,3,player,405.41217041015625,128.7531280517578,40.838775634765625,133.4902801513672,0.43653666973114014,2.966666666666667,0.2058166992321166,0.057171305342254605,0.15393199587313128,0.0019057101780751721
89,4,player,994.1182861328125,229.30487060546875,71.58624267578125,123.57533264160156,0.7867503762245178,2.966666666666667,1.760236963663293,0.4889547121286925,1.3164956489792439,0.01629849040428991
89,5,player,212.13604736328125,437.5815734863281,55.84996032714844,117.4217529296875,0.38445591926574707,2.966666666666667,0.22145421381538155,0.06151505939316154,0.16562742116795864,0.0020505019797720713
89,6,player,57.126708984375,374.7249755859375,68.02424621582031,104.48745727539062,0.29722386598587036,2.966666666666667,0.15475717890236262,0.042988105250656286,0.11574416222305549,0.0014329368416885568
89,7,player,1653.6077880859375,344.43121337890625,74.262451171875,131.79266357421875,0.35815659165382385,2.966666666666667,0.014717998931793956,0.004088333036609432,0.011007712004333455,0.0001362777678869824
89,8,player,1695.4493408203125,165.10125732421875,45.82568359375,69.68600463867188,0.23711709678173065,2.966666666666667,0.0464596006237862,0.012905444617718389,0.03474751600900231,0.0004301814872572838
90,1,player,1525.2593994140625,137.74041748046875,42.483642578125,120.5141372680664,0.7075443863868713,3.0,0.07026495974954643,0.019518044374874005,0.05255173916667782,0.0006506014791624645
90,2,player,725.327392578125,874.904052734375,72.93609619140625,222.99127197265625,0.7051414251327515,3.0,10.000564646846886,2.7779346241241347,7.479504246695161,0.09259782080413749
90,3,player,405.43316650390625,128.6768798828125,40.829803466796875,133.56153869628906,0.4436835050582886,3.0,0.10574312626658647,0.02937309062960735,0.07908615062241749,0.0009791030209869082
90,4,player,993.6300048828125,229.5235595703125,70.86090087890625,121.99171447753906,0.7810723781585693,3.0,0.7153514826455614,0.1987087451793226,0.5350172356532016,0.00662362483931073
90,5,player,212.12307739257812,437.664794921875,55.837310791015625,117.56695556640625,0.3919519782066345,3.0,0.11261549278699484,0.03128208132972079,0.08422604985705189,0.0010427360443240226
90,6,player,57.23635482788086,374.70635986328125,67.81859588623047,104.55178833007812,0.30619823932647705,3.0,0.14870128513190894,0.04130591253664137,0.11121490964850812,0.001376863751221374
90,7,player,1653.4794921875,344.33734130859375,73.9219970703125,131.70010375976562,0.36291468143463135,3.0,0.21255426487635892,0.059042851354544144,0.15897107642788438,0.0019680950451514646
90,8,player,1695.47265625,164.9400634765625,45.6798095703125,69.91786193847656,0.2414037585258484,3.0,0.21776912980370636,0.060491424945473986,0.16287131663905433,0.0020163808315157923
91,1,player,1525.272216796875,137.708740234375,42.5340576171875,120.43701171875,0.7108271718025208,3.033333333333333,0.045690249182222725,0.012691735883950757,0.034172111761583746,0.0004230578627983571
91,2,player,720.195556640625,872.7529907226562,73.18212890625,222.2781982421875,0.7830270528793335,3.033333333333333,7.43998187346095,2.0666616315169306,5.564423408375393,0.06888872105056411
91,3,player,405.4524230957031,128.6217498779297,40.94647216796875,133.73397827148438,0.4535275995731354,3.033333333333333,0.07807957055401864,0.02168876959833851,0.05839635062236684,0.0007229589866112812
91,4,player,993.7306518554688,229.55288696289062,70.8770751953125,121.58946228027344,0.7816337943077087,3.033333333333333,0.14016796167631,0.038935544910086106,0.10483276711171653,0.0012978514970028656
91,5,player,212.0604248046875,437.4190368652344,55.75621032714844,117.32440185546875,0.38224923610687256,3.033333333333333,0.3391038532186282,0.09419551478295227,0.25361855053045534,0.0031398504927650644
91,6,player,57.1967658996582,374.6456298828125,67.76178741455078,104.72079467773438,0.3012593686580658,3.033333333333333,0.09692931992452591,0.026924811090146085,0.07249423263648899,0.0008974937030048663
91,7,player,1653.33935546875,344.15777587890625,73.578369140625,131.44210815429688,0.3564590513706207,3.033333333333333,0.3045511509947754,0.08459754194299317,0.22777630140309396,0.002819918064766429
91,8,player,1695.529296875,164.78482055664062,45.8184814453125,70.37396240234375,0.24818819761276245,3.033333333333333,0.2209534702827329,0.061375963967425805,0.16525291097666123,0.002045865465580853
92,1,player,1525.24951171875,137.69448852539062,42.5982666015625,120.29048919677734,0.7072756290435791,3.066666666666667,0.035843046737322734,0.009956401871478537,0.026807308362416182,0.00033188006238262115
92,2,player,716.4281005859375,871.8379516601562,73.1680908203125,223.7623291015625,0.7601093649864197,3.066666666666667,5.1837727946344785,1.4399368873984661,3.876986150336674,0.04799789624661601
92,3,player,405.43194580078125,128.6648406982422,40.94598388671875,133.5956268310547,0.45333099365234375,3.066666666666667,0.06378977078324362,0.017719380773123225,0.047708892279339395,0.0005906460257707799
92,4,player,994.0997314453125,229.09410095214844,70.411865234375,122.20053100585938,0.7849423289299011,3.066666666666667,0.7872838672948195,0.21868996313744984,0.58881605556571,0.007289665437915066
92,5,player,211.81898498535156,437.7720947265625,55.767120361328125,118.09454345703125,0.38606005907058716,3.066666666666667,0.5718862489989724,0.15885729138860344,0.4277184118161851,0.005295243046286833
92,6,player,57.25653839111328,374.69403076171875,67.55194091796875,104.5892333984375,0.2986380457878113,3.066666666666667,0.1028356300745685,0.02856545279849125,0.07691161039560193,0.0009521817599497177
92,7,player,1653.229736328125,344.000244140625,73.209228515625,131.18603515625,0.35306596755981445,3.066666666666667,0.25660665986828485,0.07127962774119023,0.19191822361952962,0.002375987591373031
92,8,player,1695.568603515625,164.79066467285156,45.8751220703125,70.35073852539062,0.24771720170974731,3.066666666666667,0.05313314935368797,0.014759208153802215,0.0397387177889504,0.0004919736051267453
93,1,player,1525.264892578125,137.67645263671875,42.586181640625,120.24695587158203,0.70611172914505,3.1,0.03169329232588216,0.008803692312745044,0.02370367303389486,0.00029345641042483376
93,2,player,711.3653564453125,869.7687377929688,73.31414794921875,224.933349609375,0.8069992661476135,3.1,7.312769256396707,2.0313247934435297,5.469280049658622,0.06771082644811742
93,3,player,405.4355163574219,128.6536865234375,40.93914794921875,133.6532745361328,0.46045956015586853,3.1,0.015659307612654532,0.004349807670181814,0.011711724480085617,0.00014499358900605996
93,4,player,994.5162353515625,228.06056213378906,71.19207763671875,126.77084350585938,0.7641823887825012,3.1,1.4898968449235541,0.41386023470098726,1.1143060589340803,0.013795341156699526
93,5,player,211.6572265625,437.70745849609375,55.25849914550781,118.07998657226562,0.38340139389038086,3.1,0.23290857221700892,0.06469682561583581,0.17419422967662926,0.0021565608538611863
93,6,player,57.40869903564453,374.7553405761719,67.28579711914062,104.49908447265625,0.29927685856819153,3.1,0.219342464814809,0.060928462448558054,0.16404802678618854,0.0020309487482852613
93,7,player,1653.1304931640625,343.88262939453125,72.8203125,131.04104614257812,0.3568671941757202,3.1,0.20576186012516262,0.05715607225698961,0.15389098125567194,0.0019052024085663135
93,8,player,1695.64453125,164.82884216308594,46.122802734375,70.30496215820312,0.25578606128692627,3.1,0.1136309754204407,0.031564159839011306,0.08498553763974406,0.0010521386613003732
94,1,player,1525.237060546875,137.65505981445312,42.6195068359375,120.24811553955078,0.7067363858222961,3.1333333333333333,0.046935937137592455,0.013037760315997904,0.03510377199090715,0.0004345920105332619
94,2,player,704.8618774414062,863.069580078125,81.37255859375,221.64434814453125,0.7687803506851196,3.1333333333333333,12.483750466561771,3.467708462933825,9.336699269152883,0.11559028209779376
94,3,player,405.43701171875,128.60231018066406,40.964569091796875,133.69268798828125,0.4711708426475525,3.1333333333333333,0.06872247232402964,0.01908957564556379,0.05139810018157671,0.0006363191881854574
94,4,player,994.8128662109375,226.5149688720703,75.07275390625,133.92300415039062,0.767703652381897,3.1333333333333333,2.104269793981425,0.5845193872170624,1.5738006218717653,0.01948397957390201
94,5,player,211.58535766601562,437.90899658203125,55.24449157714844,118.5594482421875,0.3922082483768463,3.1333333333333333,0.2860899429476503,0.07946942859656952,0.21396901262854148,0.0026489809532189747
94,6,player,57.418556213378906,374.7767333984375,67.25013732910156,104.4930419921875,0.30855023860931396,3.1333333333333333,0.031493904705396036,0.00874830686261001,0.02355454939869746,0.00029161022875366595
94,7,player,1653.104736328125,343.70556640625,72.88232421875,131.04708862304688,0.3498244881629944,3.1333333333333333,0.2392360031321364,0.06645444531448233,0.178926567106725,0.002215148177149403
94,8,player,1695.7353515625,164.82809448242188,46.1414794921875,70.33920288085938,0.2511632442474365,3.1333333333333333,0.12143654902349336,0.033732374728748155,0.09082339009843812,0.0011244124909582677
95,1,player,1525.21875,137.6300048828125,42.6607666015625,120.27762603759766,0.7074612975120544,3.1666666666666665,0.04149260035370262,0.01152572232047295,0.03103265580606926,0.0003841907440157637
95,2,player,701.3501586914062,857.301513671875,84.6988525390625,216.57965087890625,0.7710850238800049,3.1666666666666665,9.02915827800504,2.5080995216680666,6.7529814634731045,0.08360331738893526
95,3,player,405.42962646484375,128.5465087890625,40.99560546875,133.79144287109375,0.464937299489975,3.1666666666666665,0.07526055423588594,0.020905709509968316,0.05628798521825693,0.000696856983665608
95,4,player,994.8489990234375,225.2992706298828,75.64501953125,136.13473510742188,0.7678767442703247,3.1666666666666665,1.6261823311497563,0.4517173142082656,1.2162350908426123,0.015057243806942133
95,5,player,211.6031951904297,438.0052490234375,55.2969970703125,118.73236083984375,0.38760966062545776,3.1666666666666665,0.1308868077380001,0.03635744659388892,0.09789131602898117,0.0012119148864629596
95,6,player,57.38850402832031,374.76708984375,67.34356689453125,104.60128784179688,0.3203761577606201,3.1666666666666665,0.04219977628771351,0.011722160079920418,0.031561558481905935,0.0003907386693306792
95,7,player,1653.0462646484375,343.72796630859375,73.145751953125,131.20025634765625,0.34757158160209656,3.1666666666666665,0.08372075273152976,0.023255764647647156,0.0626154369982925,0.0007751921549215691
95,8,player,1695.80859375,164.82737731933594,46.1702880859375,70.34542846679688,0.2501961588859558,3.1666666666666665,0.09793407678647269,0.027203910218464633,0.07324569852678714,0.0009067970072821512
96,1,player,1525.222412109375,137.591552734375,42.6405029296875,120.28645324707031,0.7085759043693542,3.2,0.051645564581271494,0.014345990161464303,0.038626140947990086,0.00047819967204881477
96,2,player,704.0460815429688,853.6869506835938,86.483642578125,215.013427734375,0.7294439077377319,3.2,6.029109056603195,1.6747525157231098,4.5092200675759395,0.05582508385743754
96,3,player,405.42645263671875,128.55044555664062,40.99737548828125,133.83921813964844,0.46338599920272827,3.2,0.006761270565197128,0.0018781307125547576,0.005056809659381812,6.26043570851592e-05
96,4,player,996.431640625,223.51219177246094,76.036376953125,135.33291625976562,0.7707290649414062,3.2,3.191746387033105,0.8865962186203069,2.3871332768910474,0.02955320728734385
96,5,player,211.51028442382812,438.1585693359375,55.38435363769531,119.03518676757812,0.39360740780830383,3.2,0.23970189143629853,0.06658385873230514,0.1792750087870244,0.0022194619577435262
96,6,player,57.18815231323242,374.74951171875,67.74225616455078,104.65484619140625,0.322763055562973,3.2,0.2689118243128816,0.07469772897580043,0.20112135693947306,0.002489924299193372
96,7,player,1653.120361328125,343.7578125,73.1888427734375,131.32235717773438,0.3406897187232971,3.2,0.10680705219990051,0.029668625611083476,0.07988186954603958,0.0009889541870361255
96,8,player,1695.7916259765625,164.82977294921875,46.189697265625,70.58984375,0.2505466938018799,3.2,0.02291197642134831,0.006364437894818975,0.017136054912428204,0.00021214792982730124
97,1,player,1525.2484130859375,137.57545471191406,42.571533203125,120.24419403076172,0.7103371620178223,3.2333333333333334,0.040888698439120755,0.011357971788644654,0.03058099261561865,0.00037859905962148713
97,2,player,709.6271362304688,850.18115234375,82.0438232421875,215.52734375,0.7609626650810242,3.2333333333333334,8.812326616796764,2.4478685046657676,6.590811287278442,0.08159561682219196
97,3,player,405.3998718261719,128.54771423339844,41.02001953125,133.95108032226562,0.47041717171669006,3.2333333333333334,0.035727341204132894,0.00992426144559247,0.026720771246020854,0.0003308087148530811
97,4,player,998.2421875,222.69606018066406,76.288330078125,133.21505737304688,0.777184784412384,3.2333333333333334,2.6553908967506703,0.7376085824307418,1.985988610667535,0.024586952747691307
97,5,player,211.71905517578125,437.8634033203125,55.73646545410156,118.53717041015625,0.3868683874607086,3.2333333333333334,0.4833960881216871,0.13427669114491309,0.36153589538386227,0.00447588970483042
97,6,player,57.05785369873047,374.7528991699219,67.96701049804688,104.6007080078125,0.3174944221973419,3.2333333333333334,0.1742762559124114,0.04841007108678094,0.13034263986344002,0.0016136690362260257
97,7,player,1653.19580078125,343.75958251953125,73.2755126953125,131.49578857421875,0.34022411704063416,3.2333333333333334,0.10089502379900384,0.028026395499723286,0.07546021506025595,0.0009342131833241063
97,8,player,1695.79638671875,164.77203369140625,46.25927734375,70.53681945800781,0.24639637768268585,3.2333333333333334,0.0774629736555417,0.021517492682094914,0.05793519274943499,0.0007172497560698279
98,1,player,1525.2904052734375,137.55612182617188,42.47900390625,120.29408264160156,0.712900698184967,3.2666666666666666,0.061810828634228064,0.017169674620618906,0.046228825230105436,0.0005723224873539615
98,2,player,711.908203125,846.8819580078125,78.67974853515625,217.75,0.7659544348716736,3.2666666666666666,5.362929093355269,1.4897025259320191,4.010978614204833,0.04965675086440046
98,3,player,405.4153137207031,128.59161376953125,41.0262451171875,133.88632202148438,0.4694221615791321,3.2666666666666666,0.06222185774683974,0.01728384937412215,0.046536237271510884,0.0005761283124707363
98,4,player,999.7213134765625,222.02926635742188,76.09521484375,129.00738525390625,0.7981877326965332,3.2666666666666666,2.1693515228308318,0.6025976452307866,1.6224757801754401,0.020086588174359484
98,5,player,211.86062622070312,437.76165771484375,56.24995422363281,118.25625610351562,0.3856673538684845,3.2666666666666666,0.23310383437630272,0.06475106510452854,0.17434026784559578,0.0021583688368176103
98,6,player,57.0877685546875,374.72637939453125,67.86369323730469,104.58901977539062,0.3170371949672699,3.2666666666666666,0.05345235902669702,0.014847877507415837,0.03997745731908331,0.0004949292502471928
98,7,player,1653.190185546875,343.7212829589844,73.1309814453125,131.50482177734375,0.341593861579895,3.2666666666666666,0.05175636119257029,0.014376766997936191,0.038709006641477195,0.00047922556659787133
98,8,player,1695.81689453125,164.86734008789062,46.4642333984375,70.62522888183594,0.25614219903945923,3.2666666666666666,0.13034733943489807,0.03620759428747169,0.0974878432645427,0.0012069198095823854
99,1,player,1525.304443359375,137.56576538085938,42.45458984375,120.29867553710938,0.7137761116027832,3.3,0.02277194490507382,0.006325540251409394,0.01703132419395035,0.00021085134171364573
99,2,player,712.6762084960938,840.4312744140625,79.64111328125,226.26959228515625,0.7587614059448242,3.3,8.685880638211398,2.412744621725388,6.496241303762066,0.08042482072417932
99,3,player,405.46240234375,128.62879943847656,41.04559326171875,133.86268615722656,0.47030889987945557,3.3,0.08022500232041282,0.02228472286678134,0.06000093662069839,0.0007428240955593754
99,4,player,1001.510986328125,223.69076538085938,78.872802734375,122.81584167480469,0.8171485066413879,3.3,3.26514602498923,0.9069850069414528,2.4420294675747907,0.030232833564714987
99,5,player,211.90809631347656,438.03216552734375,56.745697021484375,118.72555541992188,0.3932480216026306,3.3,0.3672126870381455,0.10200352417726265,0.27464137767542224,0.0034001174725754096
99,6,player,57.06964874267578,374.5363464355469,67.88687133789062,104.98907470703125,0.333679735660553,3.3,0.2552383780567522,0.07089954946020895,0.1908948744406124,0.00236331831534029
99,7,player,1653.146240234375,343.810546875,73.6380615234375,131.73486328125,0.35130658745765686,3.3,0.1330309136209988,0.03695303156138856,0.0994949103882566,0.0012317677187129476
99,8,player,1695.777099609375,164.87936401367188,46.3836669921875,70.65031433105469,0.2574126124382019,3.3,0.055584031203351224,0.015440008667597562,0.04157175240749855,0.0005146669555865836
100,1,player,1525.308837890625,137.5796661376953,42.431640625,120.22591400146484,0.7154887914657593,3.3333333333333335,0.01949283721392609,0.0054146770038683584,0.014578852681850163,0.0001804892334622804
100,2,player,710.625244140625,838.7054443359375,78.39678955078125,225.90826416015625,0.8120862245559692,3.3333333333333335,3.583962110944699,0.9955450308179719,2.6804746307257394,0.03318483436059939
100,3,player,405.47119140625,128.6224822998047,41.059234619140625,133.8209228515625,0.46858862042427063,3.3333333333333335,0.014472048551832612,0.00402001348662017,0.01082376369977675,0.00013400044955400695
100,4,player,1002.7615966796875,224.7761688232422,82.86407470703125,119.68338012695312,0.7548635005950928,3.3333333333333335,2.2140910778192584,0.6150252993942384,1.6559368599592617,0.020500843313141483
100,5,player,212.01123046875,438.2688903808594,57.17439270019531,119.31402587890625,0.4017587900161743,3.3333333333333335,0.3452504323684623,0.09590289788012842,0.25821562744334364,0.0031967632626709783
100,6,player,57.0327262878418,374.427490234375,67.98303985595703,105.32025146484375,0.3394951820373535,3.3333333333333335,0.1536920641176129,0.042692240032670255,0.11494755414770397,0.0014230746677556892
100,7,player,1653.058349609375,343.83984375,73.86865234375,131.87936401367188,0.3449534773826599,3.3333333333333335,0.12387195919918484,0.03440887755532912,0.09264485332524548,0.0011469625851776486
100,8,player,1695.760986328125,164.86236572265625,46.3743896484375,70.73765563964844,0.26136401295661926,3.3333333333333335,0.03131638234333163,0.008698995095369897,0.023421778969443786,0.0002899665031789994
101,1,player,1525.31591796875,137.56507873535156,42.4249267578125,120.1292953491211,0.716682493686676,3.3666666666666667,0.021680204090615097,0.006022278914059749,0.01621480229279859,0.00020074263046865757
101,2,player,708.4873046875,840.2626342773438,81.43609619140625,221.04931640625,0.8195187449455261,3.3666666666666667,3.5364293663399864,0.9823414906499962,2.6449245015397365,0.03274471635499976
101,3,player,405.40679931640625,128.5460968017578,41.023895263671875,133.90817260742188,0.46788734197616577,3.3666666666666667,0.13357974111687343,0.03710548364357595,0.09990538296966144,0.0012368494547858606
101,4,player,1003.2429809570312,226.8711395263672,83.9525146484375,115.07443237304688,0.7759415507316589,3.3666666666666667,2.874103804080775,0.7983621678002153,2.1495657862521496,0.026612072260007082
101,5,player,212.17581176757812,438.4062194824219,57.75352478027344,119.78973388671875,0.3912937343120575,3.3666666666666667,0.28660048077135886,0.07961124465871079,0.2143508480503775,0.0026537081552903503
101,6,player,56.90361404418945,374.39410400390625,68.20880889892578,105.42300415039062,0.33188867568969727,3.3666666666666667,0.17830926261809477,0.04953035072724855,0.13335895862616307,0.0016510116909082791
101,7,player,1653.099365234375,344.00787353515625,73.5064697265625,132.07351684570312,0.3348403573036194,3.3666666666666667,0.2312626922404337,0.0642396367334538,0.1729632625553651,0.0021413212244484523
101,8,player,1695.708740234375,164.84173583984375,46.3668212890625,70.80181884765625,0.27107077836990356,3.3666666666666667,0.0751049129135231,0.02086247580931197,0.05617157979789488,0.0006954158603103965
102,1,player,1525.3193359375,137.59169006347656,42.4210205078125,120.12726593017578,0.715826153755188,3.4,0.03587329704682268,0.009964804735228523,0.026829932816770014,0.0003321601578409496
102,2,player,707.1123657226562,840.8260498046875,82.3714599609375,218.41961669921875,0.7925957441329956,3.4,1.9867391007056778,0.5518719724182438,1.4858984532927002,0.018395732413941396
102,3,player,405.4225769042969,128.61273193359375,41.02374267578125,133.69857788085938,0.4712812900543213,3.4,0.09155874682338852,0.02543298522871903,0.06847753700622686,0.0008477661742906314
102,4,player,1004.4244384765625,229.1597442626953,83.29376220703125,109.03359985351562,0.7975137829780579,3.4,3.443696164319042,0.9565822678664005,2.5755685798674555,0.03188607559554657
102,5,player,212.15109252929688,438.7427062988281,58.14796447753906,120.58270263671875,0.3868321478366852,3.4,0.45111628479672494,0.12531007911020137,0.3373935659677265,0.004177002637006697
102,6,player,56.93614196777344,374.39801025390625,68.04649353027344,105.462890625,0.3190506398677826,3.4,0.043804351023487086,0.012167875284301967,0.03276163307510825,0.0004055958428100641
102,7,player,1653.021484375,344.1344299316406,73.4852294921875,132.04595947265625,0.3449645936489105,3.4,0.19868744137808222,0.05519095593835617,0.14859996550503923,0.0018396985312785325
102,8,player,1695.6279296875,164.7028350830078,46.5318603515625,71.07321166992188,0.28800642490386963,3.4,0.21486292654300276,0.05968414626194521,0.16069774340616239,0.001989471542064833
103,1,player,1525.332763671875,137.54824829101562,42.4127197265625,120.06698608398438,0.7130202651023865,3.433333333333333,0.060795801746227396,0.016887722707285387,0.045469678303166214,0.0005629240902428443
103,2,player,702.694091796875,842.7224731445312,84.912353515625,220.7166748046875,0.7920113205909729,3.433333333333333,6.428694104702342,1.7857483624173172,4.808072999356663,0.05952494541391036
103,3,player,405.4250183105469,128.55271911621094,41.07843017578125,133.69129943847656,0.46570342779159546,3.433333333333333,0.08030725862120253,0.022307571839222922,0.06006245678208927,0.0007435857279740948
103,4,player,1006.8314819335938,230.83428955078125,79.5784912109375,104.6361083984375,0.8362055420875549,3.433333333333333,3.920571890929307,1.089047747480363,2.9322278434473277,0.036301591582678636
103,5,player,212.52935791015625,439.4428405761719,58.93858337402344,122.58123779296875,0.38645800948143005,3.433333333333333,1.064013389758692,0.29555927493297,0.7957843330126216,0.009851975831098966
103,6,player,56.75639343261719,374.46221923828125,68.37490844726562,105.48477172851562,0.31538906693458557,3.433333333333333,0.25520852615867423,0.0708912572662984,0.1908725479614254,0.002363041908876605
103,7,player,1653.0196533203125,344.2960205078125,73.56787109375,132.29156494140625,0.34225669503211975,3.433333333333333,0.216070570324898,0.06001960286802722,0.16160095008640002,0.0020006534289342334
103,8,player,1695.6041259765625,164.75074768066406,46.439453125,71.04330444335938,0.27936452627182007,3.433333333333333,0.07153263967355675,0.019870177687099096,0.053499847369555646,0.0006623392562366342
104,1,player,1525.3143310546875,137.6240234375,42.400390625,119.93072509765625,0.7128012180328369,3.466666666666667,0.10427059597084394,0.02896405443634554,0.07798483314792312,0.0009654684812115274
104,2,player,696.4264526367188,843.6351318359375,94.188720703125,223.02752685546875,0.8103766441345215,3.466666666666667,8.468604564853948,2.352390156903874,6.333738748079488,0.07841300523012991
104,3,player,405.434326171875,128.56520080566406,41.135650634765625,133.82089233398438,0.4580993950366974,3.466666666666667,0.020818232902385096,0.0057828424728847486,0.015570126977897667,0.00019276141576282684
104,4,player,1008.34375,231.66146850585938,76.64434814453125,100.54240417480469,0.813850462436676,3.466666666666667,2.3047093842668556,0.6401970511852376,1.7237110339022133,0.021339901706174797
104,5,player,212.9306182861328,439.3913269042969,58.6666259765625,122.939697265625,0.37726083397865295,3.466666666666667,0.5409133361658218,0.15025370449050607,0.40455351650788735,0.005008456816350251
104,6,player,56.66912841796875,374.47564697265625,68.43135070800781,105.55880737304688,0.31503114104270935,3.466666666666667,0.11805199469744768,0.03279222074929102,0.08829205418404064,0.001093074024976378
104,7,player,1652.9873046875,344.40380859375,73.604736328125,132.36151123046875,0.3438682556152344,3.466666666666667,0.15046976975777737,0.04179715826604927,0.11253757379163563,0.0013932386088683225
104,8,player,1695.597412109375,164.82069396972656,46.4608154296875,71.21511840820312,0.28927990794181824,3.466666666666667,0.09395239894553967,0.02609788859598324,0.07026776904261438,0.0008699296198661165
105,1,player,1525.328125,137.5191192626953,42.37060546875,119.82968139648438,0.7148346900939941,3.5,0.1414708093180325,0.0392974470327868,0.10580717753884503,0.0013099149010928886
105,2,player,690.19091796875,844.0945434570312,97.38128662109375,224.7801513671875,0.8071086406707764,3.5,8.359897249366393,2.3221936803795535,6.2524356560492595,0.0774064560126515
105,3,player,405.4385986328125,128.6144256591797,41.185150146484375,133.79928588867188,0.4703633785247803,3.5,0.06606415023575601,0.018351152843265557,0.04940991930875016,0.0006117050947755164
105,4,player,1008.5921020507812,233.1541748046875,80.1297607421875,96.21720886230469,0.7817044258117676,3.5,2.0232768146663407,0.5620213374073169,1.513225308963742,0.018734044580243827
105,5,player,213.10443115234375,439.1329345703125,58.51945495605469,123.32229614257812,0.35666486620903015,3.5,0.41637747250511387,0.11566040902919829,0.3114121235956527,0.003855346967639929
105,6,player,56.155479431152344,374.4954528808594,69.52273559570312,105.6102294921875,0.3052235245704651,3.5,0.6872911664651993,0.1909142129069998,0.5140306952481255,0.006363807096899971
105,7,player,1652.861572265625,344.56439208984375,73.489501953125,132.51266479492188,0.3314906358718872,3.5,0.272694220170046,0.07574839449167944,0.20395024179501334,0.0025249464830559725
105,8,player,1695.57177734375,164.8336944580078,46.417236328125,71.41201782226562,0.29471448063850403,3.5,0.03843104451578943,0.01067529014327484,0.02874289310768142,0.00035584300477582676
106,1,player,1525.3172607421875,137.53836059570312,42.40234375,119.8506851196289,0.7160519957542419,3.533333333333333,0.029544573424470862,0.008206825951241906,0.022096628560348344,0.0002735608650413959
106,2,player,682.766845703125,844.696533203125,97.94378662109375,221.88543701171875,0.8550593852996826,3.533333333333333,9.95902821220503,2.7663967256125086,7.448438806865794,0.09221322418708329
106,3,player,405.4320068359375,128.55484008789062,41.20062255859375,133.77281188964844,0.4650665521621704,3.533333333333333,0.08015566565161626,0.022265462681004516,0.05994907915794211,0.0007421820893668146
106,4,player,1006.0718994140625,233.6480255126953,85.14337158203125,94.33419799804688,0.8013505339622498,3.533333333333333,3.433755044206834,0.9538208456130094,2.568133534675321,0.0317940281871002
106,5,player,213.13470458984375,439.2704772949219,58.51469421386719,123.3765869140625,0.3783082664012909,3.533333333333333,0.1883051254428445,0.05230697928967903,0.14083494634158375,0.001743565976322628
106,6,player,56.02342987060547,374.44952392578125,69.67976379394531,105.71286010742188,0.3068474233150482,3.533333333333333,0.18693336567916802,0.05192593491088,0.1398089959737614,0.0017308644970293273
106,7,player,1652.703369140625,344.77392578125,73.1798095703125,132.52288818359375,0.334240198135376,3.533333333333333,0.35104599896678046,0.09751277749077235,0.26255017919265494,0.0032504259163590667
106,8,player,1695.5374755859375,164.7744598388672,46.404296875,71.46743774414062,0.29355111718177795,3.533333333333333,0.09152142214713936,0.025422617263094267,0.06844962157501167,0.0008474205754364725
107,1,player,1525.3162841796875,137.51380920410156,42.498291015625,119.7895736694336,0.713447093963623,3.566666666666667,0.03285270319942579,0.009125750888729387,0.024570805926743225,0.00030419169629098254
107,2,player,676.0916137695312,844.9993896484375,99.002685546875,219.84521484375,0.8572841882705688,3.566666666666667,8.934383628805382,2.481773230223717,6.6820987267277845,0.08272577434079137
107,3,player,405.435302734375,128.4904022216797,41.19158935546875,133.83218383789062,0.4555966258049011,3.566666666666667,0.08627008198821391,0.02396391166339275,0.06452210123925751,0.0007987970554464329
107,4,player,1004.5604248046875,233.94146728515625,88.51068115234375,92.99195861816406,0.8162541389465332,3.566666666666667,2.0586696945081835,0.5718526929189398,1.5396959338162601,0.019061756430631512
107,5,player,213.11578369140625,439.25177001953125,58.99391174316406,123.38299560546875,0.3627631664276123,3.566666666666667,0.03557597825704884,0.009882216182513568,0.026607565657588327,0.0003294072060837888
107,6,player,55.4766731262207,374.3824462890625,70.79401397705078,105.79339599609375,0.3012346923351288,3.566666666666667,0.736528917663043,0.20459136601751193,0.5508560128363859,0.006819712200583798
107,7,player,1652.568359375,344.9515380859375,73.3995361328125,132.70022583007812,0.33256661891937256,3.566666666666667,0.2982991159781718,0.08286086554949217,0.22310035318332144,0.002762028851649766
107,8,player,1695.4825439453125,164.91873168945312,46.486083984375,71.07627868652344,0.2967030704021454,3.566666666666667,0.20640993886638506,0.0573360941295514,0.1543756846567659,0.001911203137651732
108,1,player,1525.291748046875,137.51002502441406,42.5809326171875,119.84293365478516,0.7148013114929199,3.6,0.03319422473858451,0.009220617982940141,0.024826232684399114,0.00030735393276467025
108,2,player,669.82373046875,844.78955078125,102.03131103515625,214.4638671875,0.8604381084442139,3.6,8.385246882788412,2.329235245219003,6.271394854607306,0.07764117484063315
108,3,player,405.44976806640625,128.47479248046875,41.230560302734375,133.9075927734375,0.45075976848602295,3.6,0.028454934625982177,0.007904148507217271,0.021281678774165064,0.0002634716169072414
108,4,player,999.3966064453125,232.94525146484375,87.76116943359375,97.4591064453125,0.6962869167327881,3.6,7.031660630231641,1.9532390639532335,5.259036604670025,0.06510796879844089
108,5,player,212.9381866455078,439.0740966796875,59.647247314453125,123.29910278320312,0.36699211597442627,3.6,0.33588895887306086,0.09330248857585023,0.251214104705696,0.00311008295252833
108,6,player,55.39699935913086,374.380859375,70.9145736694336,105.82223510742188,0.3010367751121521,3.6,0.10654993477994085,0.029597204105539125,0.07968956932076135,0.000986573470184634
108,7,player,1652.52685546875,344.9686279296875,73.1337890625,132.60415649414062,0.3300400376319885,3.6,0.060013659609683294,0.016670461002689804,0.04488470779016171,0.0005556820334229915
108,8,player,1695.467041015625,164.9482421875,46.4339599609375,70.90008544921875,0.29453063011169434,3.6,0.044570739760479115,0.012380761044577531,0.033334821491500174,0.0004126920348192496
109,1,player,1525.258544921875,137.4713134765625,42.6412353515625,119.88813781738281,0.7128171324729919,3.6333333333333333,0.06819059971813062,0.018941833255036282,0.051000308301317535,0.0006313944418345405
109,2,player,664.631591796875,846.5677490234375,106.45989990234375,207.61688232421875,0.8475570678710938,3.6333333333333333,7.338060777026047,2.0383502158405684,5.488195785182832,0.06794500719468537
109,3,player,405.43572998046875,128.478271484375,41.199371337890625,133.89541625976562,0.44860100746154785,3.6333333333333333,0.019337609334586593,0.005371558148496275,0.014462756478912932,0.00017905193828320854
109,4,player,988.1505126953125,234.61077880859375,80.92730712890625,91.92054748535156,0.551163911819458,3.6333333333333333,15.200736906387244,4.222426918440901,11.368755691216519,0.1407475639480295
109,5,player,212.6795654296875,439.38604736328125,60.40129089355469,124.05422973632812,0.37449830770492554,3.6333333333333333,0.5417960750916357,0.1504989097476766,0.4052137241838985,0.005016630324922535
109,6,player,55.084693908691406,374.38214111328125,71.5758056640625,105.89227294921875,0.3012577295303345,3.6333333333333333,0.41757542305824297,0.11599317307173415,0.31230808063066723,0.003866439102391125
109,7,player,1652.51513671875,344.9097900390625,72.6298828125,132.37734985351562,0.3150232136249542,3.6333333333333333,0.08021513077373797,0.02228198077048277,0.05999355361005016,0.0007427326923494231
109,8,player,1695.488525390625,165.10479736328125,46.3289794921875,70.652587890625,0.29829007387161255,3.6333333333333333,0.21128592052104714,0.05869053347806865,0.1580224712913917,0.0019563511159356147
110,1,player,1525.24853515625,137.51100158691406,42.64990234375,119.96347045898438,0.7133902907371521,3.6666666666666665,0.054727219440884704,0.01520200540024575,0.04093093586940365,0.0005067335133415232
110,2,player,661.077392578125,847.714111328125,112.38250732421875,204.4580078125,0.8689435124397278,3.6666666666666665,4.993257824336677,1.3870160623157435,3.734498442919952,0.04623386874385795
110,3,player,405.4583740234375,128.48704528808594,41.15667724609375,133.79971313476562,0.4464949667453766,3.6666666666666665,0.032469766911369345,0.009019379697602596,0.02428440473902247,0.00030064598992008546
110,4,player,979.1173095703125,232.0664825439453,77.2177734375,94.93258666992188,0.5567513108253479,3.6666666666666665,12.547902525489665,3.4855284793026846,9.384679119704293,0.11618428264342241
110,5,player,212.54966735839844,439.4191589355469,60.7933349609375,124.0177001953125,0.3743553161621094,3.6666666666666665,0.17923563513313695,0.049787676425871376,0.13405180022110882,0.0016595892141957067
110,6,player,55.08952331542969,374.4532470703125,71.51542663574219,105.80099487304688,0.2972174286842346,3.6666666666666665,0.09529213852895493,0.02647003848026526,0.07126977125523645,0.0008823346160088388
110,7,player,1652.48095703125,344.8765563964844,72.6822509765625,132.31085205078125,0.31981024146080017,3.6666666666666665,0.06374193632727555,0.01770609342424321,0.04767311649775185,0.0005902031141414382
110,8,player,1695.52783203125,165.09976196289062,46.451416015625,70.75970458984375,0.30662065744400024,3.6666666666666665,0.05298492498997696,0.014718034719438043,0.03962785957274007,0.0004906011573145997
111,1,player,1525.231201171875,137.50018310546875,42.6669921875,119.8709487915039,0.7113515734672546,3.7,0.027320167506790064,0.0075889354185527955,0.020432977147134358,0.00025296451395176233
111,2,player,657.210205078125,849.5374755859375,119.50091552734375,203.22576904296875,0.8578963875770569,3.7,5.716594476775301,1.5879429102153613,4.275487852494073,0.05293143034051256
111,3,player,405.45733642578125,128.47482299804688,41.094940185546875,133.80548095703125,0.4526427984237671,3.7,0.016400747993764828,0.004555763331601341,0.012266253816680213,0.00015185877772004618
111,4,player,968.0350952148438,230.84732055664062,81.78857421875,90.52838134765625,0.5528996586799622,3.7,14.907007550731413,4.140835430758726,11.149073099224275,0.13802784769195886
111,5,player,212.4010009765625,439.2508544921875,60.8565673828125,123.70101928710938,0.37644970417022705,3.7,0.3002533901218243,0.08340371947828452,0.22456197082920748,0.0027801239826095113
111,6,player,55.426753997802734,374.4483642578125,70.86392974853516,105.64837646484375,0.29989638924598694,3.7,0.45094576123635544,0.12526271145454318,0.3372660299996147,0.00417542371515148
111,7,player,1652.474853515625,344.9946594238281,73.171630859375,132.5855712890625,0.32260558009147644,3.7,0.15812186130302305,0.04392273925083973,0.11826063576162264,0.0014640913083613387
111,8,player,1695.53466796875,165.1689453125,46.4605712890625,70.80857849121094,0.30328088998794556,3.7,0.09295292642609872,0.025820257340582978,0.06952025535537765,0.0008606752446861076
112,1,player,1525.230712890625,137.55142211914062,42.6805419921875,119.72645568847656,0.7078697681427002,3.7333333333333334,0.0685128743679326,0.01903135399109239,0.051241340152709654,0.000634378466369744
112,2,player,657.932373046875,850.617431640625,124.93109130859375,201.280517578125,0.8634703159332275,3.7333333333333334,1.7370658103289642,0.4825182806469345,1.299165753529815,0.016083942688231094
112,3,player,405.44677734375,128.3763427734375,41.161895751953125,133.96981811523438,0.4266579747200012,3.7333333333333334,0.1324289289114903,0.03678581358652508,0.09904468109119044,0.0012261937862174982
112,4,player,960.82177734375,224.18307495117188,91.08331298828125,102.653564453125,0.692521870136261,3.7333333333333334,13.130751892107307,3.6474310811409185,9.820596937022211,0.12158103603803018
112,5,player,212.3558807373047,439.2021179199219,61.153900146484375,123.53009033203125,0.3739163875579834,3.7333333333333334,0.0888023873991443,0.024667329833095636,0.0664160332064836,0.0008222443277698516
112,6,player,55.472816467285156,374.43780517578125,70.70431518554688,105.60977172851562,0.29172974824905396,3.7333333333333334,0.06318586330905905,0.017551628696960846,0.047257224930815744,0.0005850542898986928
112,7,player,1652.45068359375,345.03460693359375,73.3973388671875,132.59133911132812,0.32019585371017456,3.7333333333333334,0.06242791433278792,0.01734108731466331,0.04669034868062465,0.0005780362438221083
112,8,player,1695.541748046875,165.286865234375,46.448974609375,70.68121337890625,0.30594706535339355,3.7333333333333334,0.1579502410800535,0.04387506696668153,0.11813227959055987,0.0014625022322227125
113,1,player,1525.2239990234375,137.57131958007812,42.684814453125,119.55689239501953,0.7073091864585876,3.7666666666666666,0.028077833839347203,0.007799398288707556,0.02099964200577542,0.0002599799429569176
113,2,player,659.0191650390625,851.0169067382812,128.40594482421875,200.8897705078125,0.8636112809181213,3.7666666666666666,1.5481643326165697,0.43004564794904715,1.1578847904391636,0.014334854931634854
113,3,player,405.4715576171875,128.378662109375,41.180572509765625,134.006103515625,0.4309338331222534,3.7666666666666666,0.033277583139333704,0.009243773094259361,0.024888577115380603,0.00030812576980864426
113,4,player,955.3648681640625,222.26145935058594,98.9066162109375,107.71810913085938,0.6624854207038879,3.7666666666666666,7.735396454056134,2.148721237237815,5.785366393909115,0.07162404124126023
113,5,player,212.43922424316406,439.1055603027344,61.179534912109375,123.60302734375,0.36775532364845276,3.7666666666666666,0.17054499967861783,0.047373611021838284,0.12755200275126796,0.001579120367394604
113,6,player,55.63871383666992,374.38702392578125,70.3219985961914,105.54351806640625,0.28428637981414795,3.7666666666666666,0.23197426531622387,0.0644372959211733,0.17349545388956988,0.0021479098640391023
113,7,player,1652.3907470703125,344.9352722167969,73.40478515625,132.460205078125,0.30869707465171814,3.7666666666666666,0.15512099189534342,0.04308916441537317,0.11601626094168588,0.001436305480512434
113,8,player,1695.533203125,165.34886169433594,46.4388427734375,70.73651123046875,0.30777788162231445,3.7666666666666666,0.08367679329019766,0.023243553691721573,0.06258255937190473,0.000774785123057383
114,1,player,1525.3258056640625,137.75782775878906,42.471435546875,119.37557983398438,0.7018225193023682,3.8,0.28410578061232994,0.07891827239231387,0.21248504135919521,0.0026306090797437866
114,2,player,663.15478515625,849.8987426757812,134.69549560546875,201.980712890625,0.8789941668510437,3.8,5.728130025764176,1.5911472293789377,4.284115384108189,0.053038240979297734
114,3,player,405.54217529296875,128.55804443359375,40.945587158203125,133.13430786132812,0.4099785089492798,3.8,0.25776149566258216,0.07160041546182838,0.1927819347731174,0.002386680515394271
114,4,player,948.0068359375,222.7714385986328,102.66339111328125,110.31668090820312,0.7214334011077881,3.8,9.861750725066234,2.739375201407287,7.375684177116775,0.09131250671357591
114,5,player,212.4864959716797,439.640625,61.57672119140625,124.45346069335938,0.37574172019958496,3.8,0.7182015338726415,0.19950042607573376,0.5371488123200217,0.006650014202524435
114,6,player,55.73573684692383,374.41864013671875,69.8615493774414,105.3096923828125,0.2705911695957184,3.8,0.13643967336712873,0.037899909268646864,0.10204434973468199,0.001263330308954891
114,7,player,1653.734130859375,346.5518798828125,74.9566650390625,138.7364501953125,0.3247680962085724,3.8,2.810408799051724,0.7806691108477012,2.101927770056908,0.026022303694923282
114,8,player,1695.2269287109375,165.0483856201172,45.763916015625,70.08221435546875,0.2964218556880951,3.8,0.5736759917778688,0.1593544421605191,0.42905697510615004,0.0053118147386839515
115,1,player,1525.38427734375,137.83065795898438,42.3721923828125,119.24819946289062,0.7024371027946472,3.8333333333333335,0.12487888450926539,0.034688579030351496,0.09339794101567174,0.0011562859676783944
115,2,player,668.78759765625,847.55615234375,137.95086669921875,204.42730712890625,0.8772608041763306,3.8333333333333335,8.156772342176678,2.2657700950490773,6.100516873501993,0.07552566983496999
115,3,player,405.5479736328125,128.68528747558594,40.840850830078125,132.675537109375,0.42151251435279846,3.8333333333333335,0.17030845064597627,0.04730790295721563,0.1273750857914106,0.0015769300985738698
115,4,player,939.2649536132812,222.63796997070312,107.724609375,112.69956970214844,0.5841889977455139,3.8333333333333335,11.689805263248353,3.247168128680098,8.742901145794207,0.10823893762267099
115,5,player,212.5294189453125,440.00762939453125,61.925689697265625,125.19961547851562,0.3686167299747467,3.8333333333333335,0.49405247723689205,0.13723679923247,0.36950589612444956,0.004574559974415712
115,6,player,55.897247314453125,374.37066650390625,69.42683410644531,105.27499389648438,0.28066855669021606,3.8333333333333335,0.2252745997179711,0.06257627769943641,0.16848471908977572,0.0020858759233145672
115,7,player,1654.2906494140625,347.13177490234375,75.683837890625,141.01956176757812,0.3178245723247528,3.8333333333333335,1.0746449142332406,0.29851247617590015,0.8037357372847201,0.009950415872530103
115,8,player,1695.135498046875,165.23428344726562,45.6014404296875,69.52330017089844,0.2836187183856964,3.8333333333333335,0.27699329904816916,0.07694258306893588,0.20716555811577386,0.0025647527689645544
116,1,player,1525.4150390625,137.87171936035156,42.3115234375,119.27274322509766,0.7033616900444031,3.8666666666666667,0.06859954214775031,0.019055428374375086,0.05130615969541444,0.0006351809458125006
116,2,player,673.5493774414062,846.0684814453125,138.146484375,206.43365478515625,0.8690950274467468,3.8666666666666667,6.670281919016484,1.8528560886156902,4.988758505317785,0.06176186962052278
116,3,player,405.5178527832031,128.71240234375,40.72662353515625,132.45994567871094,0.4104539453983307,3.8666666666666667,0.054187856562416155,0.015052182378448931,0.040527541952912416,0.0005017394126149626
116,4,player,937.4962158203125,227.61268615722656,94.00714111328125,106.33383178710938,0.45610299706459045,3.8666666666666667,7.059415810350715,1.9609488362085319,5.279794931314497,0.06536496120695083
116,5,player,212.61117553710938,439.7685546875,61.69584655761719,124.72109985351562,0.35690921545028687,3.8666666666666667,0.3378322135220165,0.09384228153389347,0.25266748078120155,0.0031280760511297715
116,6,player,56.022518157958984,374.3945617675781,69.13109588623047,105.1712646484375,0.27487075328826904,3.8666666666666667,0.1705148832008389,0.04736524533356636,0.12752947839075457,0.001578841511118873
116,7,player,1654.51025390625,347.2710876464844,76.0833740234375,141.6705322265625,0.3152821362018585,3.8666666666666667,0.34772410876534104,0.09659003021259473,0.260065710290536,0.003219667673753146
116,8,player,1695.05029296875,165.29617309570312,45.5386962890625,69.40512084960938,0.29057037830352783,3.8666666666666667,0.14080629197727496,0.03911285888257637,0.10531017957445851,0.0013037619627525412
117,1,player,1525.40966796875,137.95437622070312,42.3011474609375,119.24939727783203,0.7028671503067017,3.9,0.11075047131621596,0.030764019810059988,0.08283118501656846,0.001025467327001996
117,2,player,679.75732421875,844.44384765625,136.02496337890625,207.6051025390625,0.8551768064498901,3.9,8.579945599966518,2.3833182222129214,6.417011620598503,0.07944394074043043
117,3,player,405.45977783203125,128.62428283691406,40.789703369140625,132.60855102539062,0.41693317890167236,3.9,0.14110759543930373,0.03919655428869548,0.10553552690267151,0.001306551809623178
117,4,player,921.1885986328125,225.75929260253906,95.42413330078125,112.38284301757812,0.4338238835334778,3.9,21.944672282511604,6.095742300697667,16.412600220641536,0.20319141002325486
117,5,player,212.7514190673828,439.916748046875,61.323211669921875,124.64053344726562,0.36213424801826477,3.9,0.2728050514966993,0.07577918097130536,0.20403313345239904,0.002525972699043503
117,6,player,56.120845794677734,374.4097900390625,68.94734954833984,105.35614013671875,0.2827327251434326,3.9,0.13303754671292164,0.036954874086922676,0.09949987133205902,0.0012318291362307515
117,7,player,1654.5447998046875,347.308349609375,76.328125,141.86102294921875,0.3121609091758728,3.9,0.06793899912270765,0.018871944200752125,0.0508121341543177,0.0006290648066917353
117,8,player,1695.01904296875,165.17230224609375,45.451904296875,69.55140686035156,0.2930716574192047,3.9,0.17081228489006206,0.04744785691390613,0.12775190755111407,0.001581595230463532
118,1,player,1525.402099609375,138.04588317871094,42.294921875,119.07260131835938,0.6960713863372803,3.933333333333333,0.12276828533053524,0.034102301480704235,0.09181940659508049,0.0011367433826901371
118,2,player,690.5836181640625,841.9344482421875,122.708251953125,210.98626708984375,0.8255676627159119,3.933333333333333,14.859194073507922,4.127553909307756,11.113313007812176,0.13758513031025804
118,3,player,405.43658447265625,128.50973510742188,40.8653564453125,132.8269500732422,0.4153737723827362,3.933333333333333,0.15626545374847264,0.043407070485686844,0.11687221333966967,0.0014469023495228897
118,4,player,905.9024047851562,216.72718811035156,84.674560546875,129.04837036132812,0.5513213276863098,3.933333333333333,23.73979353216229,6.594387092267303,17.755186112961965,0.219812903075576
118,5,player,212.76104736328125,440.01708984375,61.18943786621094,124.61514282226562,0.3642193377017975,3.933333333333333,0.1347794832401509,0.03743874534448636,0.10080267993467053,0.0012479581781495409
118,6,player,55.65418243408203,374.32855224609375,70.00869750976562,105.6873779296875,0.2919159531593323,3.933333333333333,0.6333419225774964,0.17592831182708235,0.4736816136698877,0.005864277060902724
118,7,player,1654.5107421875,347.338134765625,76.3560791015625,141.9290771484375,0.30882537364959717,3.933333333333333,0.06049490219955102,0.016804139499875283,0.04524463306655508,0.0005601379833291741
118,8,player,1695.028076171875,165.21815490722656,45.4295654296875,69.41275024414062,0.29583510756492615,3.933333333333333,0.06248625792754179,0.017357293868761607,0.04673398433322419,0.0005785764622920516
119,1,player,1525.401123046875,138.10385131835938,42.34375,119.11416625976562,0.7003440260887146,3.966666666666667,0.0775180234125461,0.021532784281262804,0.05797636491379188,0.0007177594760421005
119,2,player,700.054931640625,841.47021484375,114.103515625,211.70623779296875,0.8139057755470276,3.966666666666667,12.67894087793464,3.521928021648511,9.482683777261544,0.11739760072161817
119,3,player,405.39337158203125,128.51812744140625,40.9544677734375,132.8611602783203,0.4238985776901245,3.966666666666667,0.058857867671580806,0.016349407686550223,0.04402028152878521,0.000544980256218346
119,4,player,897.3739013671875,219.39083862304688,88.1561279296875,122.95127868652344,0.4473637044429779,3.966666666666667,11.946367585836573,3.318435440510159,8.934786209198665,0.11061451468367305
119,5,player,212.95021057128906,439.9580078125,60.729705810546875,124.20242309570312,0.3663488030433655,3.966666666666667,0.264972614132292,0.07360350392563667,0.1981751893664616,0.0024534501308545796
119,6,player,55.57721710205078,374.35601806640625,70.15864562988281,105.75070190429688,0.2882680892944336,3.966666666666667,0.10926372670167016,0.030351035194908376,0.08171923653656521,0.0010117011731636224
119,7,player,1654.35595703125,347.3628845214844,76.3309326171875,141.86529541015625,0.311484158039093,3.966666666666667,0.20958639150319383,0.05821844208422051,0.15675137961254307,0.0019406147361407024
119,8,player,1695.0548095703125,165.33900451660156,45.47119140625,69.17575073242188,0.30793362855911255,3.966666666666667,0.16548979082500467,0.04596938634027908,0.12377117062591037,0.0015323128780093175
120,1,player,1525.392333984375,138.34454345703125,42.3319091796875,118.77101135253906,0.7024092674255371,4.0,0.3220349192864969,0.08945414424624915,0.24085255497517566,0.0029818048082082944
120,2,player,715.1490478515625,841.428955078125,92.92388916015625,212.25006103515625,0.7488951086997986,4.0,20.181852155484542,5.60607004319015,15.09417260261541,0.186869001439671
120,3,player,404.9389343261719,129.5137481689453,42.705322265625,133.4012908935547,0.4549480974674225,4.0,1.4633193740893269,0.4064776039137019,1.0944285507142124,0.013549253463790016
120,4,player,888.1724853515625,225.33128356933594,98.4549560546875,109.90255737304688,0.47019267082214355,4.0,14.64403582276024,4.067787728544511,10.952394389013369,0.13559292428481656
120,5,player,212.85093688964844,440.0570068359375,60.48736572265625,124.65280151367188,0.3577601909637451,4.0,0.1874563079749327,0.05207119665970353,0.14020010880189374,0.0017357065553234448
120,6,player,55.34120178222656,374.294921875,70.51435852050781,105.79043579101562,0.29661694169044495,4.0,0.32596908026290733,0.09054696673969648,0.24379494620700692,0.0030182322246565386
120,7,player,1654.3173828125,347.3861389160156,76.0679931640625,141.73785400390625,0.3096291422843933,4.0,0.060223307939895894,0.01672869664997108,0.045041505494242545,0.0005576232216657007
120,8,player,1695.287841796875,165.8389129638672,44.3720703125,67.56988525390625,0.25726133584976196,4.0,0.7374629693117378,0.20485082480881606,0.551554597718308,0.006828360826960511
121,1,player,1525.3616943359375,138.56658935546875,42.367919921875,118.1581802368164,0.6984967589378357,4.033333333333333,0.299702400016943,0.08325066667137304,0.2241498808148025,0.0027750222223790915
121,2,player,727.2644653320312,842.0768432617188,76.440185546875,214.4315185546875,0.7943184971809387,4.033333333333333,16.22221624326444,4.506171178684567,12.132728457543594,0.15020570595615168
121,3,player,405.09063720703125,129.00108337402344,41.560943603515625,132.98902893066406,0.46029654145240784,4.033333333333333,0.7148458775945089,0.19856829933180803,0.5346390894924555,0.006618943311060244
121,4,player,881.2203369140625,226.20803833007812,96.55731201171875,103.09173583984375,0.5552238821983337,4.033333333333333,9.369084859239969,2.602523572011102,7.007215339028606,0.0867507857337031
121,5,player,212.61981201171875,439.81927490234375,60.56867980957031,124.5762939453125,0.3460655212402344,4.033333333333333,0.4433227895257328,0.12314521931270354,0.3315647469925536,0.00410484064375677
121,6,player,54.538997650146484,374.0201721191406,72.13849639892578,106.3846435546875,0.295871764421463,4.033333333333333,1.1337619067029001,0.3149338629730278,0.8479498203733152,0.010497795432434221
121,7,player,1654.22998046875,347.35711669921875,75.8863525390625,141.63302612304688,0.308471143245697,4.033333333333333,0.12313655124497798,0.03420459756804944,0.09209483569016222,0.0011401532522683105
121,8,player,1695.3984375,166.3299560546875,43.7073974609375,66.53071594238281,0.2862321734428406,4.033333333333333,0.6730017816899355,0.1869449393583154,0.5033435472836408,0.006231497978610491
122,1,player,1525.356201171875,138.66868591308594,42.3314208984375,117.97921752929688,0.6989820599555969,4.066666666666666,0.13670692159233314,0.0379741448867592,0.10224422687221625,0.0012658048295586355
122,2,player,734.5869750976562,842.622802734375,69.171875,215.37725830078125,0.7941336631774902,4.066666666666666,9.817828883005665,2.727174689723796,7.342834671532281,0.09090582299079288
122,3,player,404.861572265625,129.79156494140625,42.76824951171875,133.37432861328125,0.4541555941104889,4.066666666666666,1.1004047572550495,0.3056679881264026,0.8230017349638071,0.010188932937546717
122,4,player,873.0228271484375,222.83114624023438,98.6968994140625,108.67695617675781,0.572837769985199,4.066666666666666,11.85414054393686,3.2928168177602384,8.865808848828545,0.10976056059200756
122,5,player,212.600830078125,439.91192626953125,60.402374267578125,124.86618041992188,0.35467371344566345,4.066666666666666,0.12645381000989356,0.035126058336081546,0.09457584070295377,0.0011708686112027141
122,6,player,53.7959098815918,373.701904296875,73.6371841430664,107.17587280273438,0.30877411365509033,4.066666666666666,1.08085095657054,0.30023637682515,0.8083772872027568,0.010007879227504964
122,7,player,1654.3316650390625,347.2865905761719,76.11328125,141.5003662109375,0.31051909923553467,4.066666666666666,0.16545944971348492,0.04596095825374581,0.12374847825997987,0.0015320319417915216
122,8,player,1695.519287109375,166.61312866210938,43.5211181640625,65.99848937988281,0.2762831449508667,4.066666666666666,0.41165753689445966,0.11434931580401657,0.3078820450760216,0.003811643860133872
123,1,player,1525.4090576171875,138.6147003173828,42.336669921875,118.04498291015625,0.695128321647644,4.1,0.10101901710123529,0.02806083808367647,0.07555295066702936,0.0009353612694558791
123,2,player,743.3540649414062,841.8067626953125,67.8736572265625,210.5438232421875,0.769389271736145,4.1,11.772817141323566,3.2702269837009905,8.804986409628214,0.10900756612336596
123,3,player,404.754638671875,129.9976043701172,43.282928466796875,133.62945556640625,0.4596969485282898,4.1,0.3103801019274803,0.08621669497985564,0.2321358215696568,0.0028738898326618446
123,4,player,862.9453735351562,216.31597900390625,87.9139404296875,122.10577392578125,0.5034491419792175,4.1,16.044887908777902,4.456913307993862,12.000103143105012,0.1485637769331282
123,5,player,212.70440673828125,439.91717529296875,60.07737731933594,124.99383544921875,0.3749537169933319,4.1,0.13866618897048572,0.03851838582513492,0.1037095789991008,0.0012839461941711594
123,6,player,54.04047393798828,373.7106018066406,73.01974487304688,107.5367431640625,0.3183676600456238,4.1,0.32720414826729805,0.09089004118536056,0.24471866368797035,0.003029668039512008
123,7,player,1654.5589599609375,347.2515869140625,76.323486328125,141.46209716796875,0.30428197979927063,4.1,0.30749018461828287,0.08541394017174524,0.22997442873334775,0.0028471313390581645
123,8,player,1695.5792236328125,166.63742065429688,43.73974609375,65.84584045410156,0.25488829612731934,4.1,0.08647071421501842,0.024019642837505118,0.06467215572571822,0.0008006547612501678
124,1,player,1525.434814453125,138.59678649902344,42.3658447265625,117.92072296142578,0.6925855875015259,4.133333333333334,0.04194882009085695,0.011652450025238043,0.031373866285875136,0.00038841500084127705
124,2,player,752.2906494140625,845.198486328125,87.45025634765625,213.8109130859375,0.8053067922592163,4.133333333333334,12.78041045195014,3.5501140144305943,9.558573703136865,0.11833713381435587
124,3,player,404.72467041015625,130.01922607421875,43.393310546875,133.60447692871094,0.45634472370147705,4.133333333333334,0.04940974761199034,0.013724929892219538,0.03695395511577917,0.0004574976630739952
124,4,player,845.9339599609375,211.63037109375,79.939453125,130.6595001220703,0.5308480262756348,4.133333333333334,23.59235749343991,6.553432637066641,17.644917491471382,0.2184477545688931
124,5,player,212.83514404296875,439.7652587890625,59.760650634765625,124.64663696289062,0.3692685067653656,4.133333333333334,0.2679830409901394,0.07443973360837206,0.20042671228169634,0.0024813244536124593
124,6,player,54.442466735839844,373.83917236328125,72.09173583984375,107.76181030273438,0.3288576602935791,4.133333333333334,0.5643110219093187,0.1567530616414774,0.4220528374023889,0.0052251020547160335
124,7,player,1654.6871337890625,347.20086669921875,76.4287109375,141.39706420898438,0.3068602383136749,4.133333333333334,0.18430653829929777,0.05119626063869383,0.13784437025142957,0.0017065420212898337
124,8,player,1695.581298828125,166.73165893554688,43.75830078125,65.74945068359375,0.24739959836006165,4.133333333333334,0.126033018298367,0.03500917174954639,0.09426112713382502,0.0011669723916515732
125,1,player,1525.46630859375,138.49844360351562,42.3746337890625,117.949462890625,0.6935461163520813,4.166666666666667,0.13806881834544596,0.03835244954040166,0.1032628006136179,0.0012784149846800507
125,2,player,758.8246459960938,845.424560546875,98.39501953125,211.75177001953125,0.81610506772995,4.166666666666667,8.741589556855793,2.4282193213488314,6.537906460510083,0.08094064404496076
125,3,player,404.72119140625,130.09165954589844,43.336761474609375,133.4296417236328,0.45261260867118835,4.166666666666667,0.09695972442515016,0.026933256784763934,0.07251697241164853,0.0008977752261587946
125,4,player,838.2889404296875,216.74624633789062,80.632568359375,113.4140625,0.5193533897399902,4.166666666666667,12.299412801004419,3.4165035558345607,9.198831618570093,0.11388345186115162
125,5,player,213.0426788330078,439.3787841796875,59.20343017578125,123.68270874023438,0.37010467052459717,4.166666666666667,0.5865321693144213,0.16292560258733924,0.4386722156327166,0.005430853419577955
125,6,player,55.354042053222656,373.9112854003906,70.40829467773438,107.484619140625,0.3248545825481415,4.166666666666667,1.2226410142161863,0.3396225039489406,0.914423233181831,0.011320750131631314
125,7,player,1654.845947265625,347.2540283203125,76.6728515625,141.53488159179688,0.30501487851142883,4.166666666666667,0.22392455284641027,0.06220126467955841,0.16747500797188572,0.002073375489318606
125,8,player,1695.42529296875,166.70211791992188,43.8829345703125,65.8255615234375,0.2550870478153229,4.166666666666667,0.2122963053257679,0.05897119592382442,0.15877814636620738,0.00196570653079414
126,1,player,1525.47802734375,138.6132049560547,42.3045654296875,117.71737670898438,0.6913679838180542,4.2,0.15424102378809873,0.04284472883002742,0.11535812558358205,0.0014281576276675757
126,2,player,767.39794921875,845.1869506835938,114.03228759765625,211.10205078125,0.856032133102417,4.2,11.467443926394981,3.1854010906652723,8.57659527987281,0.1061800363555087
126,3,player,405.10614013671875,129.17672729492188,41.618438720703125,132.7308349609375,0.44901588559150696,4.2,1.327189647681467,0.36866379102262975,0.9926160128501564,0.012288793034087614
126,4,player,828.5010986328125,219.19390869140625,93.35150146484375,105.943603515625,0.3905050754547119,4.2,13.489953353798452,3.7472092649440145,10.089246653614476,0.12490697549813337
126,5,player,213.0187530517578,439.0802001953125,58.815216064453125,123.2872314453125,0.3636697232723236,4.2,0.40050510092191766,0.1112514169227549,0.29954104682609545,0.003708380564091817
126,6,player,56.37504196166992,373.9562683105469,68.25479888916016,107.1927490234375,0.3179194927215576,4.2,1.3664649721914073,0.37957360338650203,1.0219903498837208,0.01265245344621669
126,7,player,1654.82421875,347.26409912109375,76.7125244140625,141.539794921875,0.3104327619075775,4.2,0.03202116517565092,0.008894768104347478,0.023948891824915296,0.0002964922701449149
126,8,player,1695.3358154296875,166.62371826171875,43.968505859375,66.13868713378906,0.25979387760162354,4.2,0.15906400658419192,0.04418444627338664,0.11896527393759929,0.0014728148757795496
127,1,player,1525.4833984375,138.66357421875,42.29345703125,117.60725402832031,0.6914542317390442,4.233333333333333,0.06772866664484717,0.018813518512457546,0.05065482477060491,0.0006271172837485826
127,2,player,771.2366943359375,844.1219482421875,116.68597412109375,211.89801025390625,0.8619528412818909,4.233333333333333,5.326511022992211,1.479586395275614,3.9837412409608315,0.04931954650918696
127,3,player,405.2598876953125,128.79095458984375,40.98199462890625,132.61581420898438,0.4509866535663605,4.233333333333333,0.5552575902631355,0.15423821951753763,0.4152817016879417,0.005141273983917903
127,4,player,820.3980102539062,220.66015625,98.0205078125,102.47090148925781,0.6166442036628723,4.233333333333333,11.010279268313623,3.058410907864895,8.234678085963509,0.10194703026216281
127,5,player,212.98390197753906,438.6231689453125,58.579681396484375,122.43414306640625,0.3519571125507355,4.233333333333333,0.6128534460643063,0.17023706835119617,0.45835811419758166,0.005674568945039852
127,6,player,56.90312957763672,373.9671630859375,67.07026672363281,107.09417724609375,0.3148343563079834,4.233333333333333,0.7062363951200976,0.19617677642224934,0.5281999870014267,0.006539225880741621
127,7,player,1654.9033203125,347.39422607421875,76.8958740234375,141.80645751953125,0.30705296993255615,4.233333333333333,0.2036117527297084,0.05655882020269678,0.15228289831605304,0.0018852940067565526
127,8,player,1695.231201171875,166.43658447265625,43.7691650390625,66.56266784667969,0.2514825463294983,4.233333333333333,0.2866532218013864,0.07962589494482955,0.21439029349890928,0.0026541964981609757
128,1,player,1525.4837646484375,138.69711303710938,42.3310546875,117.67872619628906,0.6917160749435425,4.266666666666667,0.04484616947450439,0.012457269298473442,0.03354081763156489,0.00041524230994911327
128,2,player,772.3902587890625,841.8013305664062,115.4754638671875,214.0693359375,0.8490452766418457,4.266666666666667,3.4650245799947967,0.9625068277763325,2.591520276722131,0.032083560925877636
128,3,player,405.3248291015625,128.60995483398438,40.748443603515625,132.59014892578125,0.44855231046676636,4.266666666666667,0.2571136695745296,0.07142046377070266,0.1922974203334015,0.00238068212569008
128,4,player,812.9613037109375,223.25595092773438,106.37164306640625,99.70237731933594,0.6895957589149475,4.266666666666667,10.531670012269826,2.9254638922971736,7.87672230151529,0.0975154630765721
128,5,player,212.95108032226562,438.66363525390625,58.6741943359375,122.58303833007812,0.35589882731437683,4.266666666666667,0.06966574469512016,0.019351595748644486,0.05210358131734298,0.0006450531916214805
128,6,player,57.261070251464844,374.079833984375,66.38525390625,106.82412719726562,0.3104984164237976,4.266666666666667,0.5017392856609697,0.1393720237947138,0.37525492313258946,0.0046457341264904434
128,7,player,1654.84765625,347.4071960449219,77.0081787109375,141.82659912109375,0.31357529759407043,4.266666666666667,0.07641997058059533,0.021227769605720922,0.057155122203034675,0.0007075923201906949
128,8,player,1695.231689453125,166.4498291015625,43.74609375,66.60450744628906,0.2513963580131531,4.266666666666667,0.01772092688338565,0.004922479689829347,0.01325362642612861,0.00016408265632764432
129,1,player,1525.486572265625,138.69912719726562,42.3516845703125,117.68998718261719,0.6924917697906494,4.3,0.004620040536987102,0.0012833445936075282,0.003455366175468301,4.277815312025079e-05
129,2,player,778.9159545898438,838.9720458984375,111.815673828125,215.7484130859375,0.8524810671806335,4.3,9.510035727550063,2.6416765909861284,7.112633648427077,0.08805588636620397
129,3,player,405.323486328125,128.5808563232422,40.703216552734375,132.60462951660156,0.4612174332141876,4.3,0.038947929909765464,0.010818869419379295,0.029129475929334136,0.0003606289806459752
129,4,player,797.5787963867188,225.2097930908203,124.350341796875,98.80624389648438,0.5189715623855591,4.3,20.732620242527215,5.759061178479782,15.506096568056572,0.19196870594932539
129,5,player,214.4031524658203,432.39111328125,54.769012451171875,112.899658203125,0.3544335961341858,4.3,8.608548479752924,2.3912634665980343,6.4384039487704525,0.0797087822199342
129,6,player,56.189788818359375,373.43914794921875,70.06877136230469,108.73837280273438,0.31747645139694214,4.3,1.6689852889301189,0.4636070247028108,1.2482477737055022,0.015453567490093639
129,7,player,1654.927490234375,347.431884765625,77.073486328125,141.8623046875,0.30885130167007446,4.3,0.11173073792313895,0.031036316089760818,0.08356433444445457,0.0010345438696586903
129,8,player,1695.209228515625,166.42745971679688,43.61865234375,66.59645080566406,0.23938708007335663,4.3,0.0423847354840284,0.011773537634452333,0.03169989098043528,0.00039245125448174307
130,1,player,1525.49853515625,138.6588134765625,42.3331298828125,117.66703033447266,0.6906375288963318,4.333333333333333,0.056225136774027004,0.015618093548340834,0.042051240517198565,0.000520603118278026
130,2,player,791.58740234375,834.1219482421875,101.4658203125,217.15533447265625,0.8540652990341187,4.333333333333333,18.14118572802382,5.039218257784395,13.567941459747587,0.1679739419261459
130,3,player,405.36224365234375,128.5849609375,40.763916015625,132.6897430419922,0.47199198603630066,4.333333333333333,0.05211076586448181,0.014475212740133836,0.038974068799687095,0.0004825070913377928
130,4,player,780.5648193359375,225.765380859375,132.24444580078125,95.79737854003906,0.5138087868690491,4.333333333333333,22.760876353422244,6.322465653728401,17.023045933471444,0.2107488551242793
130,5,player,213.62046813964844,435.9228515625,56.44866943359375,118.33905029296875,0.36022189259529114,4.333333333333333,4.836724498880809,1.3435345830224468,3.617425886135309,0.04478448610074807
130,6,player,57.41936492919922,373.89031982421875,66.73980712890625,107.24948120117188,0.3168535530567169,4.333333333333333,1.7512014852504136,0.48644485701400375,1.3097379406350917,0.0162148285671334
130,7,player,1654.923828125,347.4141845703125,77.0933837890625,141.82171630859375,0.31012293696403503,4.333333333333333,0.024167491020347483,0.006713191950096523,0.018075064569044,0.00022377306500321662
130,8,player,1695.2105712890625,166.41928100585938,43.690185546875,66.66792297363281,0.2382001280784607,4.333333333333333,0.011081848983595526,0.0030782913843320904,0.008288205662484354,0.00010260971281106932
131,1,player,1525.43017578125,138.9158935546875,42.4801025390625,117.93901062011719,0.6933315396308899,4.366666666666666,0.355676646535277,0.09879906848202138,0.26601347845390605,0.0032933022827340347
131,2,player,800.8922119140625,831.2485961914062,92.02142333984375,217.411376953125,0.8243740200996399,4.366666666666666,13.020794433731771,3.6168873427032695,9.738358852882138,0.12056291142344189
131,3,player,405.41387939453125,129.26040649414062,40.973876953125,132.23719787597656,0.5013187527656555,4.366666666666666,0.9057480365749644,0.251596676826379,0.6774163784976104,0.008386555894212604
131,4,player,766.63525390625,225.3308563232422,129.32135009765625,93.29708862304688,0.4209936857223511,4.366666666666666,18.633759138069074,5.1760442050191875,13.936341149399528,0.1725348068339723
131,5,player,213.67758178710938,436.5540771484375,57.12559509277344,119.37042236328125,0.37556135654449463,4.366666666666666,0.8474357702869301,0.2353988250797028,0.6338041567143848,0.007846627502656732
131,6,player,58.26696014404297,373.955810546875,64.64306640625,106.98092651367188,0.3235984742641449,4.366666666666666,1.136665671059639,0.31574046418323304,0.850121569529947,0.010524682139441063
131,7,player,1654.068115234375,345.9200744628906,75.2777099609375,135.8521728515625,0.3166195750236511,4.366666666666666,2.302159774248518,0.6394888261801438,1.7218041596772846,0.021316294206004716
131,8,player,1695.7255859375,165.9838409423828,45.4844970703125,68.44808959960938,0.2726571261882782,4.366666666666666,0.9017474411690866,0.25048540032474625,0.6744243004115988,0.008349513344158179
131,31,player,745.430908203125,224.55099487304688,90.96636962890625,94.10078430175781,0.5356976389884949,4.366666666666666,0.0,0.0,0.0,0.0
132,1,player,1525.395263671875,139.01156616210938,42.5498046875,118.07249450683594,0.6915478110313416,4.4,0.13617115556873408,0.03782532099131502,0.10184352307295823,0.0012608440330438631
132,2,player,814.4766845703125,827.927734375,80.87554931640625,214.00634765625,0.852148175239563,4.4,18.698140028552032,5.1939277857088975,13.984492144946449,0.17313092619030057
132,3,player,405.4316101074219,129.62728881835938,40.92584228515625,131.79632568359375,0.49725982546806335,4.4,0.49111712196746793,0.13642142276874109,0.367310519865361,0.004547380758958141
132,5,player,213.8426513671875,436.62091064453125,56.79022216796875,119.31027221679688,0.3702685832977295,4.4,0.23811233412729105,0.06614231503535863,0.1780861658503597,0.002204743834512005
132,6,player,58.739906311035156,373.8878173828125,63.58578872680664,107.10406494140625,0.31889069080352783,4.4,0.6388600857598419,0.1774611349332894,0.47780869313129093,0.005915371164443117
132,7,player,1653.8037109375,345.3199768066406,74.72412109375,133.5887451171875,0.32512232661247253,4.4,0.8767978666922891,0.2435549629700803,0.655764309216891,0.008118498765669531
132,8,player,1695.884765625,165.79022216796875,46.1220703125,69.00370788574219,0.2594430446624756,4.4,0.33513733004327806,0.09309370278979946,0.2506519553448592,0.00310312342632672
132,31,player,742.997802734375,226.23342895507812,64.18756103515625,90.69526672363281,0.5290403962135315,4.4,3.9552167988077587,1.0986713330021551,2.9581390539394006,0.03662237776673935
133,1,player,1525.408935546875,139.09823608398438,42.5478515625,118.0743637084961,0.6928840279579163,4.433333333333334,0.11731605755306682,0.03258779376474078,0.08774164076328997,0.0010862597921580221
133,2,player,827.90966796875,825.71728515625,75.75628662109375,210.2564697265625,0.8441076278686523,4.433333333333334,18.202284324887568,5.056190090246546,13.613637601000327,0.16853966967488426
133,3,player,405.419189453125,129.6495361328125,40.9725341796875,131.82601928710938,0.481524795293808,4.433333333333334,0.03406796558766948,0.009463323774352633,0.025479710625097452,0.00031544412581175333
133,5,player,213.91397094726562,436.552490234375,56.5130615234375,119.08636474609375,0.3562913239002228,4.433333333333334,0.13214503994320473,0.03670695553977909,0.09883235820554705,0.0012235651846592985
133,6,player,58.88595199584961,373.9090576171875,63.118751525878906,107.08059692382812,0.3026852607727051,4.433333333333334,0.1973265521405659,0.054812931150157194,0.14758214529280808,0.0018270977050052334
133,7,player,1653.64599609375,344.97735595703125,74.3717041015625,132.54278564453125,0.3259878158569336,4.433333333333334,0.5043101605425334,0.1400861557062593,0.37717770152295177,0.00466953852354196
133,8,player,1695.8248291015625,165.57135009765625,46.320556640625,69.74623107910156,0.2692350447177887,4.433333333333334,0.3034200206001138,0.08428333905558717,0.22693031971213967,0.002809444635186229
133,31,player,743.8786010742188,227.12069702148438,63.51513671875,90.12107849121094,0.4010767936706543,4.433333333333334,1.671622433145945,0.4643395647627625,1.250220115473988,0.015477985492092028
134,1,player,1525.4150390625,139.05616760253906,42.5489501953125,118.14754486083984,0.694243311882019,4.466666666666667,0.05683711044076146,0.01578808623354485,0.042508940637226204,0.0005262695411181598
134,2,player,837.2387084960938,824.77001953125,75.81298828125,208.302001953125,0.8353700637817383,4.466666666666667,12.537647918735722,3.4826799774265895,9.377009615284011,0.11608933258088591
134,3,player,405.4505615234375,129.7350311279297,41.102935791015625,131.75921630859375,0.47321856021881104,4.466666666666667,0.12176522541765422,0.03382367372712617,0.09106920986689386,0.0011274557909042016
134,5,player,213.85183715820312,437.33526611328125,56.750274658203125,120.21633911132812,0.36359620094299316,4.466666666666667,1.0499122558728256,0.29164229329800706,0.7852379794308955,0.009721409776600201
134,6,player,59.053131103515625,373.8057556152344,62.87202072143555,107.18548583984375,0.2945631146430969,4.466666666666667,0.26275968322888227,0.07298880089691173,0.19652012021044737,0.002432960029897049
134,7,player,1653.5926513671875,344.86199951171875,74.25634765625,132.19186401367188,0.32482045888900757,4.466666666666667,0.16993201378215775,0.04720333716171048,0.12709354557633404,0.0015734445720570105
134,8,player,1695.7724609375,165.53244018554688,46.2911376953125,69.99339294433594,0.2609681785106659,4.466666666666667,0.08723147682380397,0.02423096578438999,0.0652411363147225,0.0008076988594796635
134,31,player,738.368408203125,225.92068481445312,57.17950439453125,91.5936279296875,0.5061597228050232,4.466666666666667,7.540161791339955,2.0944893864833207,5.639348789858311,0.0698163128827771
135,1,player,1525.4071044921875,138.979736328125,42.52197265625,118.04998016357422,0.6919136643409729,4.5,0.10274259273554506,0.02853960909320696,0.07684202700737228,0.0009513203031068953
135,2,player,852.946044921875,823.7138671875,90.632080078125,202.99700927734375,0.8151378631591797,4.5,21.049112770629996,5.846975769619443,15.742803923249603,0.19489919232064742
135,3,player,405.4346008300781,129.53843688964844,41.32177734375,132.1134033203125,0.4729187786579132,4.5,0.26372363328680604,0.07325656480189056,0.1972410663576348,0.0024418854933963433
135,5,player,213.5662841796875,438.27783203125,57.59657287597656,121.57626342773438,0.37745946645736694,4.5,1.3168341673834731,0.3657872687176314,0.9848710642796941,0.012192908957254337
135,6,player,58.67152404785156,373.739501953125,63.31623840332031,107.35675048828125,0.26777637004852295,4.5,0.517865369260586,0.14385149146127388,0.3873157531982118,0.004795049715375779
135,7,player,1653.643310546875,344.8079833984375,74.0797119140625,131.98916625976562,0.3192792534828186,4.5,0.09901571166103594,0.02750436435028776,0.07405466211268029,0.0009168121450095888
135,8,player,1695.852294921875,165.73776245117188,46.4166259765625,69.78059387207031,0.26629966497421265,4.5,0.2945506439620228,0.08181962332278411,0.22029684024645202,0.0027273207774261275
135,31,player,728.48291015625,226.539794921875,51.9322509765625,95.858154296875,0.6567909121513367,4.5,13.243424793662243,3.678729109350623,9.904865923367229,0.12262430364502033
136,1,player,1525.369140625,139.15834045410156,42.5208740234375,117.79639434814453,0.6873411536216736,4.533333333333333,0.2441400301823026,0.06781667505063961,0.18259432912246193,0.0022605558350213125
136,2,player,865.2858276367188,824.2611083984375,104.4871826171875,200.73760986328125,0.8468027710914612,4.533333333333333,16.51527727425266,4.587577020625739,12.35191120404065,0.15291923402085741
136,3,player,405.26849365234375,129.40826416015625,41.082244873046875,131.9688262939453,0.45962920784950256,4.533333333333333,0.2821694010431828,0.07838038917866189,0.21103680721221468,0.00261267963928872
136,5,player,213.55657958984375,438.3013610839844,57.833648681640625,121.46490478515625,0.3769683837890625,4.533333333333333,0.03403068052193219,0.00945296681164783,0.025451824818908668,0.00031509889372159324
136,6,player,58.09272003173828,373.70892333984375,64.41935729980469,107.69613647460938,0.25159546732902527,4.533333333333333,0.7749763972091198,0.21527122144697772,0.579611197837885,0.007175707381565899
136,7,player,1653.7816162109375,344.8211975097656,74.06982421875,132.03680419921875,0.31448894739151,4.533333333333333,0.1857654291155444,0.05160150808765122,0.13893548664744074,0.0017200502695883678
136,8,player,1695.887451171875,165.8203887939453,46.5048828125,69.7393798828125,0.2717769742012024,4.533333333333333,0.12006102396713521,0.03335028443531533,0.08979462363736532,0.0011116761478438405
136,31,player,718.5577392578125,224.4306640625,48.98529052734375,94.59259033203125,0.6361728310585022,4.533333333333333,13.566899193334953,3.768583109259709,10.146795077518743,0.12561943697532318
137,1,player,1525.359619140625,139.2183380126953,42.5196533203125,117.6206283569336,0.6852700114250183,4.566666666666666,0.08122438115607825,0.022562328098910622,0.06074838024107172,0.0007520776032970181
137,2,player,873.123779296875,824.510009765625,117.62274169921875,200.54583740234375,0.8472018241882324,4.566666666666666,10.485114042566956,2.912531678490821,7.841902710282366,0.09708438928302701
137,3,player,405.2220458984375,129.31349182128906,40.933837890625,131.97125244140625,0.4607667922973633,4.566666666666666,0.14111673363628913,0.039199092676746976,0.10554236143507773,0.001306636422558228
137,5,player,213.4603271484375,438.2259826660156,57.919464111328125,121.1849365234375,0.36899083852767944,4.566666666666666,0.1634634144887991,0.04540650402466642,0.12225562715938748,0.001513550134155542
137,6,player,57.931095123291016,373.89007568359375,64.93053436279297,107.70645141601562,0.2523985207080841,4.566666666666666,0.32460282066688884,0.0901674501852469,0.2427731094596458,0.0030055816728415527
137,7,player,1653.71923828125,344.7755126953125,73.5245361328125,131.87255859375,0.31706565618515015,4.566666666666666,0.10337930324820825,0.028716473124502293,0.07731822801717039,0.0009572157708167397
137,8,player,1695.85595703125,165.90863037109375,46.494140625,69.69564819335938,0.27307650446891785,4.566666666666666,0.1252739575229027,0.03479832153413964,0.09369341935990448,0.001159944051137984
137,31,player,711.8152465820312,222.19236755371094,49.0716552734375,92.98648071289062,0.6468124985694885,4.566666666666666,9.498902552902093,2.6385840424728038,7.104307055879631,0.08795280141575981
138,1,player,1525.352783203125,139.22616577148438,42.5362548828125,117.56253051757812,0.6839653253555298,4.6,0.013895408709743021,0.0038598357527063944,0.010392490036735733,0.00012866119175687936
138,2,player,882.3690185546875,823.9578857421875,135.89166259765625,200.41986083984375,0.8109583258628845,4.6,12.38348640791929,3.4398573355331363,9.261710958103489,0.11466191118443747
138,3,player,405.27471923828125,129.51466369628906,40.834197998046875,131.71182250976562,0.49295151233673096,4.6,0.2780466525407964,0.07723518126133233,0.20795336982436904,0.002574506042044402
138,5,player,213.65524291992188,438.38433837890625,57.300933837890625,121.2799072265625,0.37112191319465637,4.6,0.3357829288688023,0.09327303579688952,0.2511348039966726,0.0031091011932296393
138,6,player,58.29124069213867,373.97528076171875,64.3573226928711,107.665771484375,0.2364974021911621,4.6,0.4948300790272315,0.13745279972978652,0.3700874708753179,0.004581759990992868
138,7,player,1653.67919921875,344.7090759277344,73.2249755859375,131.7293701171875,0.3104332387447357,4.6,0.10371478076838406,0.028809661324551126,0.07756913440350297,0.0009603220441517007
138,8,player,1695.725341796875,165.87979125976562,46.5965576171875,69.59568786621094,0.2719520628452301,4.6,0.178846960363925,0.04967971121220139,0.13376110717630954,0.0016559903737400404
138,31,player,698.724853515625,219.0496826171875,59.00372314453125,94.45564270019531,0.6134868264198303,4.6,18.000002935733974,5.000000815481659,13.462349692504208,0.16666669384938804
139,1,player,1525.3782958984375,139.17828369140625,42.483642578125,117.60929870605469,0.6836798191070557,4.633333333333334,0.07254215576669447,0.020150598824081795,0.054254872727861364,0.0006716866274694087
139,2,player,886.8897705078125,823.3177490234375,144.54095458984375,202.286865234375,0.8222181797027588,4.633333333333334,6.1048249147833396,1.6957846985509275,4.565848578345051,0.056526156618365554
139,3,player,405.29150390625,129.5100860595703,40.872589111328125,131.658447265625,0.5030076503753662,4.633333333333334,0.023261807316918657,0.006461613143588516,0.017397696305834015,0.00021538710478628882
139,5,player,213.82040405273438,438.75189208984375,57.011077880859375,122.05487060546875,0.3782007694244385,4.633333333333334,0.5387780075683658,0.1496605576578794,0.4029564867523981,0.004988685255262762
139,6,player,58.31725311279297,374.07257080078125,64.51716613769531,107.64199829101562,0.24203824996948242,4.633333333333334,0.13465220295100486,0.037403389708612456,0.10070748596345193,0.0012467796569537773
139,7,player,1654.9552001953125,346.4735107421875,75.823974609375,138.30770874023438,0.3119230270385742,4.633333333333334,2.9114236460493683,0.8087287905692689,2.1774776018693482,0.026957626352309586
139,8,player,1695.673583984375,166.08880615234375,46.5845947265625,68.92288208007812,0.26301905512809753,4.633333333333334,0.2879068353188759,0.07997412092190997,0.215327881321092,0.0026658040307303943
139,31,player,683.83740234375,218.7687530517578,67.98297119140625,96.89620971679688,0.6542067527770996,4.633333333333334,19.9089963878198,5.530276774394389,14.89010153812575,0.1843425591464839
140,1,player,1525.3916015625,139.13424682617188,42.3912353515625,117.58193969726562,0.6874707341194153,4.666666666666667,0.061509034225578366,0.017085842840438435,0.04600311071889171,0.0005695280946812791
140,2,player,887.5301513671875,822.5755615234375,146.119140625,201.66033935546875,0.819588840007782,4.666666666666667,1.310682705151782,0.3640785292088283,0.9802703352698752,0.012135950973627569
140,3,player,405.39044189453125,129.65802001953125,40.985748291015625,131.36593627929688,0.5055961012840271,4.666666666666667,0.237956491487736,0.06609902541326,0.1779696098632152,0.002203300847108659
140,5,player,214.02789306640625,438.9162292480469,56.760223388671875,122.07489013671875,0.3831671476364136,4.666666666666667,0.35390100191508955,0.09830583386530266,0.2646854592923579,0.00327686112884341
140,6,player,58.16581726074219,374.2640380859375,64.7069091796875,107.53848266601562,0.22410589456558228,4.666666666666667,0.3263981222639351,0.0906661450733153,0.24411583023526118,0.003022204835777166
140,7,player,1654.0517578125,345.36407470703125,74.1685791015625,134.136962890625,0.3097217381000519,4.666666666666667,1.9130072615673779,0.5313909059909383,1.4307538066226306,0.01771303019969788
140,8,player,1695.629638671875,166.24600219726562,46.651611328125,68.52864074707031,0.26746228337287903,4.666666666666667,0.21823951340626824,0.060622087057296735,0.1632231203898602,0.0020207362352432172
140,31,player,675.9297485351562,218.57257080078125,71.545166015625,98.48773193359375,0.7071691155433655,4.666666666666667,10.57628068968406,2.937855747134461,7.910086992705294,0.09792852490448169
141,1,player,1525.4244384765625,139.05209350585938,42.365478515625,117.7223129272461,0.6899764537811279,4.7,0.11829362252462104,0.03285933959017251,0.08847276961594587,0.0010953113196724132
141,2,player,891.541259765625,820.6080322265625,144.697021484375,198.38104248046875,0.8508445024490356,4.7,5.9735670212455885,1.659324172568219,4.467679724205539,0.055310805752273776
141,3,player,405.4588623046875,129.73741149902344,40.977142333984375,131.2523193359375,0.5025861263275146,4.7,0.1401325672567409,0.03892571312687247,0.10480629533528941,0.0012975237708957445
141,5,player,214.083740234375,439.16552734375,56.93254089355469,122.48049926757812,0.3985554873943329,4.7,0.3415885832806633,0.09488571757796203,0.25547690050439836,0.0031628572525987234
141,6,player,58.56302261352539,374.38409423828125,64.02953338623047,107.08453369140625,0.23209361732006073,4.7,0.5548174185551815,0.15411594959866154,0.41495249366067744,0.005137198319955366
141,7,player,1653.6568603515625,344.88104248046875,73.683349609375,132.48623657226562,0.3037489056587219,4.7,0.8342071449004501,0.2317242069167917,0.6239103593889195,0.0077241402305596955
141,8,player,1695.57470703125,166.39761352539062,46.4649658203125,68.22525024414062,0.26421689987182617,4.7,0.2156092776237996,0.059891466006611,0.16125594549529196,0.0019963822002203595
141,31,player,666.2376098632812,218.20899963378906,74.2752685546875,100.30770874023438,0.744205117225647,4.7,12.968109566722054,3.6022526574227927,9.69895540913159,0.12007508858075933
142,1,player,1525.453125,138.88134765625,42.3641357421875,117.95722198486328,0.6867116093635559,4.733333333333333,0.23149746519747044,0.06430485144374179,0.1731388511737257,0.0021434950481247187
142,2,player,903.0030517578125,818.61962890625,123.6859130859375,196.08148193359375,0.7557353377342224,4.733333333333333,15.554032800946684,4.320564666929634,11.632988585759175,0.1440188222309873
142,3,player,405.43841552734375,129.75450134277344,41.077728271484375,131.47091674804688,0.515009343624115,4.733333333333333,0.03563048201201315,0.009897356114448098,0.02664832946254422,0.0003299118704816021
142,5,player,214.20040893554688,438.4979248046875,56.29450988769531,121.26473999023438,0.382530152797699,4.733333333333333,0.9061543305185361,0.2517095362551489,0.6777202490672897,0.008390317875171601
142,6,player,58.893577575683594,374.5233154296875,63.53193664550781,106.57925415039062,0.23145262897014618,4.733333333333333,0.47957344108761496,0.1332148447465597,0.35867690634328103,0.004440494824885307
142,7,player,1653.668212890625,344.73834228515625,73.8131103515625,131.88330078125,0.3068277835845947,4.733333333333333,0.1914019137235102,0.05316719825653061,0.1431510596726103,0.0017722399418843473
142,8,player,1695.62109375,166.45425415039062,46.5697021484375,68.03981018066406,0.25516340136528015,4.733333333333333,0.0978880256300917,0.02719111823058103,0.07321125648957424,0.0009063706076860311
142,31,player,658.6966552734375,218.29931640625,74.29180908203125,99.23490905761719,0.7297278046607971,4.733333333333333,10.083450726704822,2.8009585351957837,7.5414954250117585,0.09336528450652579
143,1,player,1525.5068359375,138.6790008544922,42.302978515625,118.26022338867188,0.690054714679718,4.766666666666667,0.2799193688067521,0.07775538022409781,0.20935398966521843,0.0025918460074699176
143,2,player,910.1907958984375,816.773681640625,112.0198974609375,193.75164794921875,0.7750406861305237,4.766666666666667,9.92233596031484,2.756204433420789,7.420996371010933,0.09187348111402598
143,3,player,405.408935546875,129.74447631835938,40.966339111328125,131.36663818359375,0.4940189719200134,4.766666666666667,0.04163335162277192,0.011564819895214422,0.03113792483355997,0.00038549399650714605
143,5,player,214.17376708984375,438.48388671875,56.41853332519531,121.38955688476562,0.38401928544044495,4.766666666666667,0.040264362357316105,0.011184545099254473,0.030114046544059057,0.0003728181699751478
143,6,player,58.926544189453125,374.66583251953125,63.515865325927734,106.32919311523438,0.2267177551984787,4.766666666666667,0.19558586866978492,0.054329407963829145,0.14628027386138212,0.001810980265460965
143,7,player,1653.6248779296875,344.65216064453125,73.9462890625,131.66107177734375,0.31157171726226807,4.766666666666667,0.12897763967650175,0.0358271221323616,0.0964634335915496,0.0011942374044120489
143,8,player,1695.446533203125,166.29490661621094,46.4324951171875,68.0352783203125,0.26147881150245667,4.766666666666667,0.3160195266489275,0.08778320184692431,0.23635359352979118,0.0029261067282308002
143,31,player,654.4267578125,218.32196044921875,75.34906005859375,99.47344970703125,0.723961353302002,4.766666666666667,5.709200054195723,1.5858889039432562,4.269957503254861,0.05286296346477502
144,1,player,1525.5146484375,138.5521697998047,42.2838134765625,118.53805541992188,0.6958138346672058,4.8,0.16990246106306156,0.047195128073072655,0.12707144285555907,0.001573170935769083
144,2,player,923.9757080078125,813.9244384765625,94.88482666015625,192.93603515625,0.7897262573242188,4.8,18.820881792392292,5.22802272010897,14.076291715901258,0.1742674240036317
144,3,player,405.3985900878906,129.72601318359375,40.99578857421875,131.3899383544922,0.5073404312133789,4.8,0.02829762142114522,0.007860450394762561,0.02116402293920076,0.0002620150131587511
144,5,player,214.15560913085938,438.3911437988281,56.5391845703125,121.19940185546875,0.37922632694244385,4.8,0.12635743371801642,0.035099287143893446,0.09450376008452555,0.0011699762381297773
144,6,player,59.17816925048828,374.76641845703125,63.059478759765625,105.92813110351562,0.2207975834608078,4.8,0.36232346694805684,0.10064540748557134,0.2709846899064595,0.0033548469161856992
144,7,player,1653.5244140625,344.63165283203125,74.4161376953125,131.61676025390625,0.3122066557407379,4.8,0.13709656902611123,0.038082380285030894,0.10253564738081482,0.0012694126761676919
144,8,player,1695.3349609375,166.1381072998047,46.0445556640625,67.78558349609375,0.2567085325717926,4.8,0.25730862381254754,0.07147461772570765,0.19244322820552262,0.0023824872575235797
144,31,player,648.4432373046875,218.3704833984375,75.54144287109375,98.33738708496094,0.7685334086418152,4.8,8.000603947373136,2.222389985381427,5.983717251342483,0.07407966617938064
145,1,player,1525.506103515625,138.39300537109375,42.2987060546875,118.81103515625,0.6968363523483276,4.833333333333333,0.21311925284466346,0.05919979245685096,0.15939363555904282,0.0019733264152283583
145,2,player,944.25244140625,811.7035522460938,74.48089599609375,195.1541748046875,0.7593443989753723,4.833333333333333,27.273395924761275,7.5759433124336875,20.39799629767582,0.2525314437477887
145,3,player,405.40814208984375,129.7764892578125,41.0523681640625,131.22921752929688,0.5071998834609985,4.833333333333333,0.06868747618346413,0.019079854495406702,0.051371926281279956,0.0006359951498468878
145,5,player,214.2622833251953,438.4422302246094,56.61553955078125,121.2843017578125,0.3840768337249756,4.833333333333333,0.15814237293809846,0.04392843692724957,0.11827597658157182,0.0014642812309083137
145,6,player,59.59015655517578,375.05322265625,62.056732177734375,105.305419921875,0.20830771327018738,4.833333333333333,0.6711869807008096,0.18644082797244713,0.5019862427529059,0.006214694265748216
145,7,player,1653.413330078125,344.623291015625,74.6055908203125,131.6251220703125,0.32226869463920593,4.833333333333333,0.1489464313735244,0.041374008714867884,0.11139825653140661,0.0013791336238289245
145,8,player,1695.4212646484375,166.26968383789062,46.175048828125,67.80006408691406,0.25962552428245544,4.833333333333333,0.21039397896644824,0.05844277193512451,0.157355380893898,0.0019480923978374767
145,31,player,644.6378173828125,219.14862060546875,75.834716796875,96.40632629394531,0.7947199940681458,4.833333333333333,5.193368017211043,1.4426022270030674,3.8841624959274714,0.04808674090010208
146,1,player,1525.5050048828125,138.2227783203125,42.347412109375,119.14356994628906,0.6988025903701782,4.866666666666666,0.22760894625334788,0.06322470729259663,0.17023059599184562,0.002107490243086547
146,2,player,954.902099609375,811.77099609375,67.47894287109375,198.251708984375,0.7938556671142578,4.866666666666666,14.239544160828757,3.9554289335635433,10.649871760541265,0.1318476311187843
146,3,player,405.37396240234375,129.95346069335938,40.76922607421875,130.89266967773438,0.501112699508667,4.866666666666666,0.24099467622583595,0.06694296561828776,0.18024189312454358,0.0022314321872762507
146,5,player,214.34449768066406,439.07574462890625,57.1864013671875,121.71505737304688,0.3991091251373291,4.866666666666666,0.8541513795173791,0.23726427208816084,0.638826815887347,0.007908809069605333
146,6,player,59.91790008544922,375.4088134765625,61.1881103515625,104.76959228515625,0.2073846161365509,4.866666666666666,0.6465919414314256,0.17960887261984046,0.4835914113449621,0.005986962420661327
146,7,player,1653.40673828125,344.6316223144531,74.7685546875,131.63629150390625,0.3325798213481903,4.866666666666666,0.014204508374057987,0.003945696770571663,0.01062366820852274,0.00013152322568572164
146,8,player,1695.612548828125,166.56683349609375,46.3802490234375,67.8228759765625,0.2804471254348755,4.866666666666666,0.4725103144765102,0.13125286513236395,0.3533943360736754,0.004375095504412116
146,31,player,642.2215576171875,219.41201782226562,76.448974609375,95.70768737792969,0.7763975262641907,4.866666666666666,3.249829178156088,0.90273032726558,2.430573872317918,0.03009101090885256
147,1,player,1525.508056640625,138.03445434570312,42.39794921875,119.40546417236328,0.6974436640739441,4.9,0.2518339831497178,0.06995388420825494,0.18834869959311817,0.0023317961402752182
147,2,player,966.6806640625,809.0914306640625,63.38018798828125,192.826171875,0.7841228246688843,4.9,16.151064799783427,4.486406888828729,12.079513709930387,0.14954689629429443
147,3,player,405.29534912109375,130.01992797851562,40.648406982421875,130.83709716796875,0.5177361965179443,4.9,0.1376456846578728,0.03823491240496467,0.10294633546141335,0.0012744970801655184
147,5,player,214.5748291015625,439.06805419921875,57.387237548828125,121.5858154296875,0.4069806635379791,4.9,0.30813911788902437,0.08559419941361789,0.23045977124407538,0.0028531399804539955
147,6,player,60.121612548828125,375.7530822753906,60.720306396484375,104.03326416015625,0.20924018323421478,4.9,0.5348580471234889,0.14857167975652472,0.4000247162144637,0.004952389325217605
147,7,player,1653.3564453125,344.7338562011719,74.9547119140625,131.75714111328125,0.327676385641098,4.9,0.15233801687313256,0.04231611579809238,0.11393485111813104,0.0014105371932697786
147,8,player,1695.615478515625,166.5758056640625,46.4326171875,67.94374084472656,0.27606019377708435,4.9,0.01261969332576658,0.0035054703682684944,0.009438372047504789,0.00011684901227561918
147,31,player,638.9705810546875,219.5936279296875,78.9906005859375,95.14381408691406,0.770892322063446,4.9,4.353536037186625,1.2093155658851737,3.25604527625801,0.04031051886284005
148,1,player,1525.500732421875,137.97012329101562,42.4298095703125,119.47016906738281,0.699273943901062,4.933333333333334,0.0865703186581376,0.024047310738371554,0.06474665070491266,0.0008015770246123823
148,2,player,976.9814453125,803.2258911132812,62.45855712890625,184.3211669921875,0.7719528675079346,4.933333333333334,15.849162847492185,4.402545235414496,11.853718765945592,0.14675150784714933
148,3,player,405.2288513183594,129.9364013671875,40.6937255859375,130.89312744140625,0.5182098746299744,4.933333333333334,0.1427507723884016,0.03965299233011155,0.10676447240753598,0.0013217664110037135
148,5,player,214.49600219726562,439.4399719238281,57.72981262207031,122.06207275390625,0.4044678509235382,4.933333333333334,0.5083237922830817,0.14120105341196712,0.3801795295904865,0.004706701780398888
148,6,player,59.97896194458008,375.92041015625,61.048912048339844,103.77078247070312,0.21434231102466583,4.933333333333334,0.2939951273803996,0.08166531316122212,0.21988136484300366,0.002722177105374061
148,7,player,1653.311279296875,344.8793029785156,75.168212890625,132.0203857421875,0.3337579369544983,4.933333333333334,0.20363217816666254,0.05656449393518404,0.15229817466772258,0.0018854831311727947
148,8,player,1695.6357421875,166.47113037109375,46.21337890625,67.9334716796875,0.2594585120677948,4.933333333333334,0.1425557788270304,0.03959882745195289,0.10661863512515675,0.0013199609150650916
148,31,player,633.8462524414062,220.03097534179688,87.2696533203125,94.99513244628906,0.7334856390953064,4.933333333333334,6.876456216661144,1.9101267268503177,5.142957951973913,0.06367089089501037
149,1,player,1525.507080078125,138.0131072998047,42.4259033203125,119.4608383178711,0.6996141076087952,4.966666666666667,0.058095600286632236,0.016137666746286732,0.04345017550535747,0.0005379222248762225
149,2,player,984.646484375,801.526611328125,64.217041015625,179.69525146484375,0.7627797722816467,4.966666666666667,10.497462859732224,2.915961905481173,7.851138491829802,0.09719873018270542
149,3,player,405.22943115234375,129.879150390625,40.762725830078125,130.92398071289062,0.5119335651397705,4.966666666666667,0.07655205971191549,0.021264461031087634,0.05725391274672292,0.0007088153677029186
149,5,player,214.54232788085938,439.74639892578125,58.077117919921875,122.52468872070312,0.40302222967147827,4.966666666666667,0.41436767686937753,0.11510213246371598,0.3099089809708791,0.003836737748790519
149,6,player,60.0167236328125,375.992919921875,61.12786865234375,103.49520874023438,0.21656249463558197,4.966666666666667,0.10930934649045054,0.030363707358458482,0.0817533559504138,0.0010121235786152791
149,7,player,1653.3212890625,344.94537353515625,75.474853515625,132.120849609375,0.33011120557785034,4.966666666666667,0.08934853365571238,0.02481903712658677,0.06682450046704029,0.0008273012375528895
149,8,player,1695.60205078125,166.38226318359375,46.2086181640625,67.91600036621094,0.2618282735347748,4.966666666666667,0.1270736199916744,0.03529822777546511,0.09503940166721746,0.0011766075925154994
149,31,player,632.144775390625,220.22930908203125,90.30328369140625,95.1807861328125,0.7200754284858704,4.966666666666667,2.290384716660861,0.6362179768502391,1.7129974976194848,0.021207265895007894
150,1,player,1525.484619140625,137.99859619140625,42.4420166015625,119.59822845458984,0.7013790011405945,5.0,0.035754010790230405,0.00993166966395289,0.026740717648000952,0.00033105565546509515
150,2,player,993.59375,800.9793701171875,72.56622314453125,177.24139404296875,0.7969262003898621,5.0,11.98540879271596,3.3292802201988776,8.963985447737796,0.1109760073399622
150,3,player,405.26422119140625,130.03146362304688,40.819091796875,130.6365203857422,0.5169133543968201,5.0,0.2088972107114814,0.058027002975411496,0.15623593565108634,0.0019342334325137096
150,5,player,214.85684204101562,440.27508544921875,58.7672119140625,123.17105102539062,0.4216154217720032,5.0,0.8225147263569008,0.2284763128769169,0.6151655037493744,0.007615877095897203
150,6,player,60.2100944519043,376.1805419921875,60.64551544189453,103.10824584960938,0.2133704274892807,5.0,0.36024919094930324,0.10006921970813978,0.2694333218898159,0.003335640656937981
150,7,player,1653.375244140625,345.1124267578125,75.7591552734375,132.39419555664062,0.3305073082447052,5.0,0.23472180610862653,0.0652005016968407,0.17555036216229658,0.002173350056561349
150,8,player,1695.71728515625,166.24945068359375,46.3990478515625,68.20140075683594,0.25769972801208496,5.0,0.23510304667029458,0.0653064018528596,0.1758354951023559,0.002176880061761979
150,31,player,635.0438842773438,219.9402618408203,87.0274658203125,94.97720336914062,0.7132760286331177,5.0,3.895508279344904,1.0820856331513622,2.913482562965374,0.03606952110504528
151,1,player,1525.497802734375,137.9714813232422,42.4219970703125,119.4428482055664,0.6963992714881897,5.033333333333333,0.040312450333703335,0.01119790287047315,0.03015001193564489,0.0003732634290157703
151,2,player,1004.28076171875,802.298828125,87.40264892578125,181.62652587890625,0.8246179819107056,5.033333333333333,14.397697908979456,3.999360530272071,10.768156244737552,0.13331201767573522
151,3,player,405.281494140625,130.09442138671875,40.667938232421875,130.5633087158203,0.5085761547088623,5.033333333333333,0.08728913770420874,0.024246982695613536,0.065284261359666,0.0008082327565204484
151,5,player,215.07388305664062,440.21588134765625,58.70375061035156,122.93777465820312,0.42951932549476624,5.033333333333333,0.3008002201254983,0.0835556167015273,0.22497094946982446,0.002785187223384233
151,6,player,59.885292053222656,376.12725830078125,61.40290832519531,103.00048828125,0.22839096188545227,5.033333333333333,0.4400860532376137,0.12224612589933713,0.32914396539998103,0.004074870863311223
151,7,player,1653.4609375,345.08074951171875,75.906982421875,132.34561157226562,0.3405371904373169,5.033333333333333,0.1221551288059064,0.03393198022386289,0.09136082180594098,0.0011310660074620922
151,8,player,1695.756591796875,165.96954345703125,46.478271484375,68.5618896484375,0.2627086639404297,5.033333333333333,0.37792555243274195,0.1049793201202061,0.28265361748814327,0.003499310670673524
151,31,player,639.1251831054688,218.94419860839844,90.809814453125,96.25265502929688,0.7540655136108398,5.033333333333333,5.617117495113628,1.560310415309341,4.201088202768089,0.05201034717697785
152,1,player,1525.473388671875,137.93446350097656,42.4913330078125,119.47683715820312,0.6982312798500061,5.066666666666666,0.05929032677491695,0.016469535215254707,0.04434372123585602,0.0005489845071751549
152,2,player,1012.94921875,801.9155883789062,102.63385009765625,181.47412109375,0.8204395771026611,5.066666666666666,11.601590458811316,3.2226640163364766,8.67692457069978,0.10742213387788217
152,3,player,405.24090576171875,130.02073669433594,40.600799560546875,130.66110229492188,0.5112718939781189,5.066666666666666,0.1124790697322732,0.031244186036742557,0.08412401793653836,0.0010414728678914149
152,5,player,214.97457885742188,440.42388916015625,59.09864807128906,123.29818725585938,0.4215131103992462,5.066666666666666,0.30818804534708755,0.08560779037419099,0.23049636449087943,0.002853593012473023
152,6,player,60.06660461425781,376.39044189453125,60.936065673828125,102.45333862304688,0.21066203713417053,5.066666666666666,0.4273161568623488,0.11869893246176355,0.31959325526095245,0.003956631082058771
152,7,player,1653.42578125,345.11883544921875,76.1702880859375,132.52291870117188,0.3415595293045044,5.066666666666666,0.06930190540194014,0.019250529278316705,0.05183146292857656,0.0006416843092772212
152,8,player,1695.773193359375,165.7429656982422,46.54736328125,68.68624877929688,0.2700820863246918,5.066666666666666,0.3037607454305031,0.0843779848418064,0.22718515060477873,0.00281259949472687
152,31,player,641.02294921875,217.76473999023438,96.78546142578125,97.8099365234375,0.7595701217651367,5.066666666666666,2.9875610212207104,0.8298780614501973,2.2344213686500813,0.02766260204833981
153,1,player,1525.435302734375,137.9144744873047,42.644287109375,119.54196166992188,0.691632866859436,5.1,0.057510776083534665,0.015975215578759628,0.04301278069165387,0.0005325071859586523
153,2,player,1026.345947265625,800.6875610351562,119.97247314453125,182.2728271484375,0.7966302633285522,5.1,17.98736153013232,4.996489313925644,13.452895081667652,0.16654964379752088
153,3,player,405.2192687988281,129.90443420410156,40.5626220703125,130.81765747070312,0.5255895853042603,5.1,0.1581718794934392,0.043936633192622,0.11829804477609583,0.0014645544397540614
153,5,player,215.1444854736328,439.74652099609375,58.6612548828125,121.9609375,0.4280206859111786,5.1,0.9337406271280088,0.25937239642444687,0.6983522663510535,0.008645746547481532
153,6,player,60.444366455078125,376.5238342285156,60.11354446411133,102.03167724609375,0.2169438749551773,5.1,0.5356558790190086,0.14879329972750238,0.40062142122676137,0.004959776657583395
153,7,player,1653.44970703125,345.0806884765625,75.798583984375,132.54168701171875,0.35146164894104004,5.1,0.060206939033225965,0.016724149731451657,0.04502926305481288,0.0005574716577150532
153,8,player,1695.75732421875,165.6243438720703,46.2838134765625,68.45831298828125,0.2688508629798889,5.1,0.16001776794808373,0.04444937998557881,0.11967859987703129,0.0014816459995192885
153,31,player,643.4193115234375,216.5272674560547,95.58343505859375,98.93624877929688,0.7252513766288757,5.1,3.606077781529296,1.0016882726470266,2.697015121977681,0.0333896090882341
154,1,player,1525.3858642578125,137.91815185546875,42.72216796875,119.54939270019531,0.6912491321563721,5.133333333333334,0.0662849459400258,0.018412484983340503,0.04957505422523431,0.0006137494994446976
154,2,player,1038.9420166015625,799.2879028320312,123.39324951171875,185.2044677734375,0.8588497638702393,5.133333333333334,16.945388381389733,4.707052328163814,12.67359482551498,0.15690174427213077
154,3,player,405.22540283203125,129.8629150390625,40.706085205078125,131.1076202392578,0.5432718396186829,5.133333333333334,0.05611629854593553,0.015587860707204313,0.041969839514560334,0.0005195953569068224
154,5,player,215.09043884277344,440.14593505859375,58.7730712890625,122.56735229492188,0.4422076344490051,5.133333333333334,0.5389085625603308,0.14969682293342523,0.40305412990069145,0.004989894097780956
154,6,player,60.634395599365234,376.74615478515625,59.598060607910156,101.77713012695312,0.21530269086360931,5.133333333333334,0.3910479370973784,0.10862442697149399,0.29246795650718455,0.003620814232383217
154,7,player,1653.4981689453125,345.104248046875,76.10009765625,132.80471801757812,0.3499144911766052,5.133333333333334,0.07204782673859234,0.020013285205164537,0.053885159997078665,0.0006671095068388333
154,8,player,1695.687744140625,165.69097900390625,46.4739990234375,68.53424072265625,0.2830229699611664,5.133333333333334,0.12881421439368557,0.03578172622046821,0.0963412064833832,0.001192724207348968
154,31,player,651.513671875,215.54953002929688,106.27935791015625,103.10289001464844,0.663909912109375,5.133333333333334,10.901335493518749,3.0281487481996523,8.153198144080026,0.1009382916066574
155,1,player,1525.401123046875,137.81729125976562,42.6763916015625,119.66240692138672,0.6982241868972778,5.166666666666667,0.13639145387749663,0.037886514965971285,0.10200828598326268,0.0012628838321990384
155,2,player,1048.113525390625,799.5849609375,121.3194580078125,187.57366943359375,0.832756519317627,5.166666666666667,12.269311046411252,3.4081419573364586,9.176318269647984,0.11360473191121488
155,3,player,405.24072265625,129.83969116210938,40.918792724609375,131.234619140625,0.5478756427764893,5.166666666666667,0.03719931532656413,0.010333143146267813,0.027821672753939323,0.00034443810487559256
155,5,player,215.14154052734375,439.9502258300781,58.78117370605469,122.22406005859375,0.4364675283432007,5.166666666666667,0.2704487271710383,0.07512464643639952,0.20227081918088144,0.0025041548812133082
155,6,player,60.57636260986328,376.8268127441406,59.665618896484375,101.80914306640625,0.21586306393146515,5.166666666666667,0.13285809663553133,0.03690502684320315,0.09936565914871658,0.0012301675614401005
155,7,player,1653.5186767578125,345.0469665527344,75.70654296875,132.705078125,0.34962624311447144,5.166666666666667,0.08134945751896322,0.022597071533045337,0.06084192587778277,0.0007532357177681752
155,8,player,1695.6099853515625,165.68240356445312,46.4521484375,68.51043701171875,0.28556305170059204,5.166666666666667,0.10459869452887118,0.029055192924686436,0.07823022074799854,0.0009685064308228778
155,31,player,655.388671875,213.8370361328125,111.59307861328125,104.6600341796875,0.6971745491027832,5.166666666666667,5.664517055377204,1.573476959827001,4.236538722293972,0.05244923199423318
156,1,player,1525.377685546875,137.87155151367188,42.6683349609375,119.54009246826172,0.6900396943092346,5.2,0.07902810309146796,0.0219522508587411,0.059105765879656096,0.0007317416952913674
156,2,player,1057.3125,799.1793823242188,103.51715087890625,187.7022705078125,0.7468211650848389,5.2,12.311552711376105,3.4198757531600292,9.20791115701477,0.11399585843866723
156,3,player,405.2346496582031,130.04002380371094,41.17852783203125,130.98016357421875,0.5551385283470154,5.2,0.26798031117153503,0.0744389753254264,0.2004246706279879,0.0024812991775142045
156,5,player,215.20448303222656,440.01849365234375,58.75,122.42852783203125,0.4335850477218628,5.2,0.12415440323488977,0.03448733423191382,0.09285609553397041,0.0011495778077304567
156,6,player,60.293609619140625,376.9159240722656,60.223941802978516,102.00396728515625,0.21225053071975708,5.2,0.3963890462286844,0.11010806839685679,0.2964626157929663,0.0036702689465618796
156,7,player,1653.57373046875,345.22723388671875,75.7923583984375,132.86312866210938,0.34657397866249084,5.2,0.252018451191714,0.07000512533103166,0.18848666475330292,0.002333504177701047
156,8,player,1695.627685546875,165.97616577148438,46.6895751953125,68.15638732910156,0.274074524641037,5.2,0.39349077247515857,0.10930299235421072,0.29429497310346914,0.003643433078473678
156,31,player,658.633544921875,212.22535705566406,110.68524169921875,107.40542602539062,0.716422438621521,5.2,4.8442847441674495,1.345634651157625,3.6230802555358728,0.04485448837192067
157,1,player,1525.360107421875,137.93408203125,42.683837890625,119.50572967529297,0.6885464787483215,5.233333333333333,0.08684790747365258,0.024124418742681272,0.06495426165467379,0.0008041472914227062
157,2,player,1069.09228515625,796.8192138671875,84.0948486328125,190.00872802734375,0.8020544648170471,5.233333333333333,16.063331844594423,4.4620366234984505,12.013897513836762,0.1487345541166145
157,3,player,405.31329345703125,130.01170349121094,41.28668212890625,131.01730346679688,0.5525193214416504,5.233333333333333,0.11176184798800036,0.031044957774444545,0.08358760191688867,0.0010348319258148145
157,5,player,215.26515197753906,439.87750244140625,58.714111328125,122.31625366210938,0.4373801350593567,5.233333333333333,0.20522599485345566,0.05700722079262657,0.15349020322793808,0.0019002406930875458
157,6,player,60.45219802856445,377.1731872558594,59.800254821777344,101.51092529296875,0.2082098424434662,5.233333333333333,0.40408194281125603,0.11224498411423778,0.3022161961847367,0.003741499470474579
157,7,player,1653.4100341796875,345.2466125488281,75.530029296875,132.79901123046875,0.34689822793006897,5.233333333333333,0.22040049836111864,0.06122236065586629,0.1648393387452852,0.002040745355195536
157,8,player,1695.640380859375,166.16839599609375,46.7926025390625,67.7855224609375,0.27131396532058716,5.233333333333333,0.2575837293121737,0.07155103592004826,0.1926489818629816,0.002385034530668267
157,31,player,661.63818359375,211.57293701171875,104.0211181640625,108.51066589355469,0.7096104621887207,5.233333333333333,4.111006356077531,1.1419462100215363,3.074655340402948,0.03806487366738441
158,1,player,1525.3623046875,137.90040588378906,42.6580810546875,119.34982299804688,0.6850245594978333,5.266666666666667,0.045122856015534,0.012534126670981667,0.033747753762844925,0.0004178042223660541
158,2,player,1077.201171875,795.35498046875,74.1915283203125,191.86822509765625,0.7709502577781677,5.266666666666667,11.017429340272786,3.0603970389646626,8.24002568337138,0.10201323463215506
158,3,player,405.2823486328125,130.00604248046875,41.123992919921875,130.84193420410156,0.5442432165145874,5.266666666666667,0.04206180993009562,0.011683836091693227,0.03145837231251005,0.0003894612030564395
158,5,player,215.25888061523438,439.96142578125,58.79154968261719,122.69973754882812,0.43678799271583557,5.266666666666667,0.11252361610392593,0.03125656002886831,0.08415733453292239,0.0010418853342956068
158,6,player,60.15741729736328,377.3016357421875,60.426513671875,101.35293579101562,0.19973275065422058,5.266666666666667,0.4299330511151467,0.11942584753198518,0.32155045191615583,0.003980861584399492
158,7,player,1654.664794921875,347.0760498046875,77.96435546875,139.36325073242188,0.3415120840072632,5.266666666666667,2.9661293946694096,0.8239248318526138,2.2183924795358476,0.027464161061753697
158,8,player,1695.606201171875,166.09869384765625,46.6865234375,67.78303527832031,0.2707899510860443,5.266666666666667,0.10379808774384772,0.028832802151068808,0.07763144037309201,0.0009610934050356235
158,31,player,665.4874267578125,211.04783630371094,95.36883544921875,109.15969848632812,0.6938188076019287,5.266666666666667,5.194346479394078,1.4428740220539105,3.8848942958119457,0.04809580073513018
159,1,player,1525.3798828125,137.84893798828125,42.6151123046875,118.82505798339844,0.6853260397911072,5.3,0.07271868269776842,0.020199634082713448,0.054386898666119315,0.0006733211360904459
159,2,player,1086.468017578125,793.9442138671875,69.8306884765625,193.16534423828125,0.733256459236145,5.3,12.53311149670051,3.481419860194586,9.373616788071212,0.11604732867315246
159,3,player,405.33148193359375,129.95069885253906,41.03057861328125,130.7958984375,0.5402572154998779,5.3,0.0989516443229226,0.0274865678674785,0.0740067456255203,0.0009162189289159467
159,5,player,215.26971435546875,439.78302001953125,58.91680908203125,122.16131591796875,0.4341087341308594,5.3,0.2389790636945897,0.06638307324849714,0.17873439999595298,0.0022127691082832303
159,6,player,59.563968658447266,377.1815185546875,61.62439727783203,101.78652954101562,0.20727220177650452,5.3,0.8095683514294553,0.22488009761929312,0.6054828038550572,0.00749600325397641
159,7,player,1653.528564453125,345.9066467285156,75.8695068359375,135.3919677734375,0.32936134934425354,5.3,2.180077529032331,0.6055770913978697,1.630497848105323,0.020185903046595587
159,8,player,1695.5179443359375,165.92364501953125,46.59521484375,68.11012268066406,0.262333482503891,5.3,0.2621166402779227,0.07281017785497852,0.19603918311815774,0.0024270059284992756
159,31,player,672.01904296875,211.66390991210938,86.619384765625,108.80784606933594,0.6922113299369812,5.3,8.771940864219392,2.436650240060942,6.5606064519941,0.08122167466869779
160,1,player,1525.441650390625,137.85662841796875,42.5645751953125,118.90171813964844,0.6884208917617798,5.333333333333333,0.08322477213086543,0.023117992258573732,0.06224448904285712,0.000770599741952455
160,2,player,1094.8087158203125,791.7523193359375,72.694580078125,193.41937255859375,0.7592268586158752,5.333333333333333,11.530693107184968,3.20297030755138,8.623899860466453,0.10676567691837896
160,3,player,405.29888916015625,129.83233642578125,40.975128173828125,130.9740447998047,0.5164154767990112,5.333333333333333,0.1641483317580009,0.045596758821666916,0.12276788239741994,0.001519891960722225
160,5,player,215.11044311523438,439.9779052734375,58.94622802734375,122.57638549804688,0.41967037320137024,5.333333333333333,0.3365245542317058,0.0934790428421405,0.251689471682666,0.0031159680947380054
160,6,player,59.28913879394531,377.18212890625,62.17106246948242,101.88775634765625,0.19636858999729156,5.333333333333333,0.36746561189169974,0.1020737810810277,0.27483054224592973,0.003402459369367578
160,7,player,1652.885986328125,345.34381103515625,74.64208984375,133.59170532226562,0.3344767093658447,5.333333333333333,1.142144633467683,0.3172623981854675,0.8542193304110157,0.010575413272848878
160,8,player,1695.6383056640625,165.60848999023438,46.3427734375,68.19062805175781,0.24638916552066803,5.333333333333333,0.4510669902448734,0.1252963861791315,0.3373566981684639,0.004176546205971035
160,31,player,679.9974975585938,210.95260620117188,74.8211669921875,109.59629821777344,0.7227805256843567,5.333333333333333,10.710003379910376,2.9750009388639933,8.010099288485272,0.09916669796213276
161,1,player,1525.517578125,137.8299102783203,42.5186767578125,119.03158569335938,0.6871044635772705,5.366666666666666,0.1076221517781452,0.029895042160595887,0.08049148919975306,0.0009965014053531927
161,2,player,1100.6142578125,791.4212036132812,74.4488525390625,194.3575439453125,0.7494101524353027,5.366666666666666,7.774987447576473,2.159718735437909,5.814976822382233,0.07199062451459672
161,3,player,405.30023193359375,129.67813110351562,41.039581298828125,131.26182556152344,0.5097571611404419,5.366666666666666,0.20618997033259728,0.0572749917590548,0.1542111683878626,0.0019091663919684866
161,5,player,214.96649169921875,440.1181335449219,59.12615966796875,122.5693359375,0.4068642258644104,5.366666666666666,0.2686995952763921,0.07463877646566447,0.20096262910401805,0.00248795921552214
161,6,player,59.01934051513672,377.2331848144531,62.67304611206055,101.89959716796875,0.1906663477420807,5.366666666666666,0.3671394850875888,0.101983190302108,0.27458662933676437,0.0033994396767369215
161,7,player,1654.13037109375,346.91302490234375,76.8695068359375,139.24948120117188,0.34642839431762695,5.366666666666666,2.6777745640756243,0.7438262677987845,2.0027295388776625,0.024794208926626062
161,8,player,1695.464111328125,165.26556396484375,46.2313232421875,68.23542785644531,0.238322451710701,5.366666666666666,0.5142772844573148,0.14285480123814298,0.38463219517211267,0.0047618267079380825
161,31,player,685.583740234375,210.4136505126953,67.38299560546875,110.51559448242188,0.743927001953125,5.366666666666666,7.503837340828394,2.0843992613412206,5.61218143566839,0.06947997537804043
162,1,player,1525.598876953125,137.6022186279297,42.4281005859375,119.3854751586914,0.6866816282272339,5.4,0.32326230355981267,0.08979508432217019,0.24177052573071203,0.002993169477405742
162,2,player,1107.814208984375,789.1521606445312,69.9976806640625,194.9677734375,0.7675087451934814,5.4,10.093524829662977,2.8037568971286047,7.549029929164276,0.09345856323762232
162,3,player,405.2474365234375,129.57896423339844,40.97869873046875,131.31417846679688,0.5314337015151978,5.4,0.15021243198206605,0.0417256755505739,0.11234510876048766,0.001390855851685829
162,5,player,214.8240966796875,439.63262939453125,58.58123779296875,121.52703857421875,0.41111236810684204,5.4,0.6764936680826676,0.18791490780074102,0.5059551577302357,0.006263830260024845
162,6,player,59.126609802246094,376.99609375,62.357666015625,102.26092529296875,0.19723312556743622,5.4,0.34794177029238715,0.09665049174788531,0.26022850113019785,0.0032216830582629183
162,7,player,1654.5174560546875,347.434814453125,77.269287109375,141.0494384765625,0.34989693760871887,5.4,0.8686781999912186,0.24129949999756073,0.6496915439564259,0.008043316666585544
162,8,player,1695.361083984375,164.72457885742188,46.156005859375,69.09791564941406,0.2513013184070587,5.4,0.7363312807993131,0.2045364668886981,0.55070819860652,0.006817882229623427
162,31,player,690.3585815429688,210.164306640625,70.3720703125,113.74769592285156,0.7665660381317139,5.4,6.392960158307121,1.7758222661964225,4.7813472880342305,0.05919407553988212
163,1,player,1525.63037109375,137.514892578125,42.4217529296875,119.41552734375,0.6911031603813171,5.433333333333334,0.12412175134589,0.03447826426274722,0.09283167491862913,0.0011492754754249034
163,2,player,1116.6500244140625,786.9686279296875,72.4892578125,187.63446044921875,0.7558040022850037,5.433333333333334,12.169432058831594,3.380397794119887,9.101617956401851,0.1126799264706625
163,3,player,405.245361328125,129.52572631835938,40.910614013671875,131.2303466796875,0.5299289226531982,5.433333333333334,0.0712364770028624,0.019787910278572886,0.05327834488130669,0.0006595970092857605
163,5,player,214.49972534179688,439.67376708984375,58.25486755371094,121.59085083007812,0.40574049949645996,5.433333333333334,0.43717869980671553,0.12143852772408764,0.32696953194537576,0.0040479509241362404
163,6,player,59.32159423828125,376.78741455078125,62.00129318237305,102.51242065429688,0.19918160140514374,5.433333333333334,0.3818617225035243,0.10607270069542342,0.28559751133811845,0.003535756689847435
163,7,player,1654.6090087890625,347.5610656738281,77.393798828125,141.40673828125,0.34191542863845825,5.433333333333334,0.2085186323882622,0.05792184233007283,0.15595279382097804,0.0019307280776690876
163,8,player,1695.2437744140625,164.57415771484375,46.095947265625,69.64530944824219,0.26370295882225037,5.433333333333334,0.2550534087941222,0.07084816910947839,0.19075653441340348,0.0023616056369826044
163,31,player,696.0226440429688,209.93638610839844,70.20751953125,118.13253784179688,0.6952376365661621,5.433333333333334,7.579334499448027,2.1053706942911186,5.668646379244051,0.07017902314303703
164,1,player,1525.671630859375,137.4561309814453,42.444580078125,119.5872573852539,0.6938008069992065,5.466666666666667,0.09600158567344842,0.02666710713151345,0.07180037258800398,0.0008889035710504451
164,2,player,1122.76123046875,784.93115234375,74.5321044921875,183.69232177734375,0.7780539989471436,5.466666666666667,8.6132302451143,2.3925639569761943,6.441905479447872,0.0797521318992062
164,3,player,405.2716369628906,129.4381103515625,40.96820068359375,131.433349609375,0.5388618111610413,5.466666666666667,0.12230261042219566,0.033972947339498794,0.09147112451526779,0.0011324315779832892
164,5,player,214.27346801757812,439.6923828125,58.16563415527344,121.61785888671875,0.39968568086624146,5.466666666666667,0.30354240677762934,0.08431733521600815,0.2270218533371688,0.002810577840533595
164,6,player,59.31829071044922,376.6298828125,62.185359954833984,103.05908203125,0.20423050224781036,5.466666666666667,0.2106760884367021,0.058521135676861694,0.1575663728783818,0.0019507045225620496
164,7,player,1651.712646484375,344.82647705078125,73.842041015625,134.42657470703125,0.3429705798625946,5.466666666666667,5.325956409812007,1.4794323360588908,3.9833264412187073,0.04931441120196285
164,8,player,1695.373779296875,164.46337890625,46.3148193359375,69.57273864746094,0.26393234729766846,5.466666666666667,0.22837252164748523,0.0634368115687459,0.1708016802860632,0.0021145603856248555
164,31,player,699.8519287109375,209.92825317382812,71.5614013671875,121.67295837402344,0.8164303302764893,5.466666666666667,5.120004479136029,1.4222234664266749,3.8292933046405917,0.04740744888088899
165,1,player,1525.59423828125,137.68914794921875,42.5091552734375,119.37406158447266,0.6970081925392151,5.5,0.32829314196904535,0.09119253943584593,0.24553313100101468,0.0030397513145281867
165,2,player,1130.71923828125,783.8184814453125,80.2625732421875,187.23492431640625,0.8075366020202637,5.5,10.743854618443631,2.9844040606787865,8.035416907170452,0.09948013535595919
165,3,player,405.22882080078125,129.45809936523438,40.879730224609375,131.40496826171875,0.5421918034553528,5.5,0.0631793427435258,0.017549817428757164,0.04725234814642215,0.0005849939142919034
165,5,player,214.12484741210938,439.6304626464844,57.955841064453125,121.40325927734375,0.40247106552124023,5.5,0.21527200928084214,0.05979778035578948,0.16100369973792653,0.0019932593451929756
165,6,player,59.4166259765625,376.5606689453125,61.946624755859375,103.28121948242188,0.2052934318780899,5.5,0.1607835528457671,0.04466209801271308,0.12025133667705623,0.001488736600423764
165,7,player,1651.90576171875,344.54217529296875,73.1583251953125,131.88888549804688,0.34084266424179077,5.5,0.4595314454152425,0.12764762372645624,0.3436873335504068,0.00425492079088186
165,8,player,1695.3988037109375,164.5834503173828,46.316162109375,69.608154296875,0.2648083567619324,5.5,0.16399258287200547,0.04555349524222374,0.12265139652933568,0.0015184498414074527
165,31,player,705.2884521484375,209.87213134765625,71.73126220703125,123.26942443847656,0.752345085144043,5.5,7.269358923084503,2.019266367523473,5.4368131056584685,0.06730887891744886
166,1,player,1525.5703125,137.79754638671875,42.5379638671875,119.17633819580078,0.6905965209007263,5.533333333333333,0.14842396067862162,0.041228877966283786,0.11100749641742334,0.0013742959322094546
166,2,player,1139.847900390625,783.103515625,90.7742919921875,189.84149169921875,0.779534101486206,5.533333333333333,12.242970177410053,3.40082504928057,9.156617717877817,0.11336083497601859
166,3,player,405.16943359375,129.3358612060547,40.957366943359375,131.5189666748047,0.5266504883766174,5.533333333333333,0.18170776736605687,0.05047437982390469,0.13590072817542653,0.0016824793274634836
166,5,player,214.19515991210938,439.4685363769531,57.79585266113281,120.9432373046875,0.40075406432151794,5.533333333333333,0.23603589793626545,0.06556552720451818,0.17653318220820985,0.0021855175734839315
166,6,player,59.81768798828125,376.38690185546875,61.21696472167969,103.70269775390625,0.20616213977336884,5.533333333333333,0.5844136971776607,0.16233713810490574,0.43708779296230255,0.005411237936830173
166,7,player,1653.35595703125,346.5360107421875,75.1005859375,137.7666015625,0.3476504683494568,5.533333333333333,3.2964614294954373,0.9156837304153992,2.465450515211836,0.030522791013846532
166,8,player,1695.470703125,164.5860595703125,46.4407958984375,69.63316345214844,0.25112777948379517,5.533333333333333,0.09619729313170751,0.026721470314363196,0.07194674379971554,0.0008907156771454367
166,31,player,715.7862548828125,210.42724609375,66.42095947265625,124.221435546875,0.7629668116569519,5.533333333333333,14.05582872812491,3.9043968689235857,10.512469483008354,0.1301465622974524
167,1,player,1525.5928955078125,137.78921508789062,42.529296875,119.16214752197266,0.6893555521965027,5.566666666666666,0.03218414651052958,0.008940040697369327,0.02407078690078397,0.0002980013565789765
167,2,player,1146.30078125,783.1001586914062,95.6339111328125,191.20068359375,0.7888781428337097,5.566666666666666,8.627906181529106,2.396640605980307,6.452881732551077,0.07988802019934328
167,3,player,405.15679931640625,129.3851776123047,40.820465087890625,131.3762969970703,0.535541832447052,5.566666666666666,0.06806860159339054,0.018907944887052927,0.05090906490413896,0.0006302648295684287
167,5,player,214.18679809570312,439.1150207519531,57.61756896972656,120.00341796875,0.40438202023506165,5.566666666666666,0.47280469209958426,0.13133463669432896,0.3536145035101819,0.004377821223144283
167,6,player,60.14558410644531,376.44000244140625,60.56003952026367,103.576171875,0.20238453149795532,5.566666666666666,0.4441292885681253,0.12336924682447924,0.33216793423502916,0.004112308227482627
167,7,player,1653.84033203125,347.35235595703125,75.6273193359375,139.98638916015625,0.3563624918460846,5.566666666666666,1.2691805816756938,0.3525501615765816,0.9492305570425387,0.011751672052552679
167,8,player,1695.47021484375,164.761962890625,46.4525146484375,69.42179870605469,0.2499433308839798,5.566666666666666,0.23519463933787443,0.06533184426052067,0.17590399800897386,0.0021777281420173483
167,31,player,726.1630859375,211.0589599609375,54.44415283203125,123.47401428222656,0.6993507742881775,5.566666666666666,13.90015764179616,3.861154900498933,10.396041801932304,0.12870516334996399
168,1,player,1525.54931640625,137.90377807617188,42.5950927734375,118.98582458496094,0.6860671639442444,5.6,0.16388599492049816,0.04552388747791615,0.122571678526993,0.001517462915930533
168,2,player,1153.885009765625,782.9453125,96.6668701171875,195.425048828125,0.7929064631462097,5.6,10.14270086377947,2.8174169066054087,7.585809088041461,0.09391389688684662
168,3,player,405.1412353515625,129.45445251464844,40.694122314453125,131.15895080566406,0.5222868323326111,5.6,0.09493378294600328,0.02637049526277869,0.07100175417828482,0.0008790165087592865
168,5,player,213.90447998046875,439.09027099609375,57.6497802734375,119.88470458984375,0.3959587812423706,5.6,0.37892471227954627,0.10525686452209618,0.28340089732495294,0.003508562150736527
168,6,player,60.34295654296875,376.3736572265625,60.110469818115234,103.55767822265625,0.1934041529893875,5.6,0.27840956810811185,0.07733599114114217,0.20822479735099206,0.0025778663713713966
168,7,player,1654.0499267578125,347.628173828125,76.16259765625,140.70523071289062,0.36627739667892456,5.6,0.4631825493407769,0.12866181926132692,0.34641802409444233,0.004288727308710882
168,8,player,1695.4046630859375,164.8438720703125,46.625,69.33790588378906,0.268330842256546,5.6,0.140271472655369,0.03896429795982472,0.1049101838211516,0.0012988099319941528
168,31,player,734.836181640625,210.60708618164062,49.92889404296875,122.96717834472656,0.707947313785553,5.6,11.612199528247956,3.225610980068877,8.684859180665015,0.10752036600229552
169,1,player,1525.564453125,137.88584899902344,42.5787353515625,118.9887466430664,0.6877066493034363,5.633333333333334,0.03137319822149251,0.00871477728374792,0.02346427203028522,0.00029049257612493736
169,2,player,1160.4222412109375,785.3053588867188,98.56494140625,192.322998046875,0.8172689080238342,5.633333333333334,9.292845427211493,2.5813459520031925,6.950195243088268,0.08604486506677507
169,3,player,405.08367919921875,129.5626678466797,40.53271484375,131.00759887695312,0.5455886721611023,5.633333333333334,0.16388300807338052,0.04552305779816125,0.12256944463956194,0.0015174352599387434
169,5,player,213.77818298339844,439.002197265625,57.468536376953125,119.62905883789062,0.4073098301887512,5.633333333333334,0.20587251746437127,0.057186810406769796,0.15397374278642623,0.0019062270135590373
169,6,player,60.539878845214844,376.29486083984375,59.72055435180664,103.47116088867188,0.1984710991382599,5.633333333333334,0.28359364701036693,0.07877601305843526,0.21210201244173216,0.002625867101947903
169,7,player,1654.072021484375,347.764892578125,76.0849609375,140.92111206054688,0.36741870641708374,5.633333333333334,0.18517322959059182,0.05143700821960884,0.13849257577009008,0.0017145669406536674
169,8,player,1695.462158203125,164.97540283203125,46.664306640625,69.18174743652344,0.2549959123134613,5.633333333333334,0.19193265461805142,0.053314626282792064,0.14354800513667526,0.0017771542094264432
169,31,player,743.37646484375,209.73886108398438,48.828125,124.44781494140625,0.7587369680404663,5.633333333333334,11.477749163755176,3.18826365659866,8.584302651338618,0.10627545521995778
170,1,player,1525.550048828125,137.9424591064453,42.6090087890625,118.9620590209961,0.6874480247497559,5.666666666666667,0.07810308458214553,0.021695301272818202,0.05841393695668322,0.0007231767090939375
170,2,player,1164.115966796875,787.9830932617188,99.845458984375,189.6170654296875,0.8105885982513428,5.666666666666667,6.099976027605905,1.6944377854460846,4.56222205589184,0.056481259514869285
170,3,player,405.0831298828125,129.61744689941406,40.442047119140625,130.8355712890625,0.5460217595100403,5.666666666666667,0.07324669968531151,0.020346305468142086,0.05478180689781611,0.0006782101822714005
170,5,player,213.80807495117188,438.8448486328125,57.33235168457031,119.29608154296875,0.4086398184299469,5.666666666666667,0.214147671610707,0.0594854643363075,0.16016279838130695,0.001982848811210243
170,6,player,60.69541931152344,376.30828857421875,59.39903259277344,103.25311279296875,0.19633181393146515,5.666666666666667,0.20874085422378724,0.05798357061771868,0.15611899535271276,0.0019327856872572823
170,7,player,1654.029052734375,347.9267578125,76.1409912109375,141.08901977539062,0.36427995562553406,5.666666666666667,0.2239197198121375,0.0621999221700382,0.16747139330594996,0.002073330739001266
170,8,player,1695.557861328125,164.9378662109375,46.5792236328125,69.11140441894531,0.23800230026245117,5.666666666666667,0.1374516251599117,0.038181006988864355,0.10280119677270971,0.0012727002329621406
170,31,player,747.1788330078125,210.3399658203125,50.41290283203125,123.73980712890625,0.7557761669158936,5.666666666666667,5.147140239660214,1.4297611776833927,3.8495883622943547,0.04765870592277959
171,1,player,1525.5179443359375,137.9779815673828,42.599365234375,118.86341094970703,0.6896592974662781,5.7,0.06401924015181584,0.01778312226439329,0.0478805143004277,0.0005927707421464409
171,2,player,1171.08056640625,789.0338745117188,102.4647216796875,189.004150390625,0.7849413156509399,5.7,9.417494999252284,2.6159708331256346,7.043421679429534,0.08719902777085418
171,3,player,405.054931640625,129.63577270507812,40.443572998046875,130.75860595703125,0.5441640615463257,5.7,0.04496539429602197,0.012490387304450547,0.033629986852538166,0.00041634624348168344
171,5,player,213.6068572998047,438.8636779785156,57.006439208984375,118.78204345703125,0.3846028447151184,5.7,0.2702159564246,0.07505998789572223,0.20209672803223414,0.0025019995965240654
171,6,player,60.334896087646484,375.8311767578125,60.139060974121094,104.06338500976562,0.2123386263847351,5.7,0.7995730790513076,0.22210363306980765,0.5980072577394884,0.007403454435660229
171,7,player,1653.937255859375,348.05926513671875,76.2210693359375,141.12521362304688,0.37186193466186523,5.7,0.21553205811898754,0.05987001614416321,0.16119819239488561,0.001995667204805433
171,8,player,1695.57568359375,165.07505798339844,46.4862060546875,68.95938110351562,0.24098558723926544,5.7,0.18497531504668976,0.05138203195741382,0.13834455386093703,0.0017127343985804547
171,31,player,755.44287109375,210.47909545898438,51.0426025390625,123.57380676269531,0.7267681360244751,5.7,11.051101229257323,3.0697503414603675,8.265209165059437,0.10232501138201189
172,1,player,1525.5994873046875,137.654296875,42.55908203125,119.26072692871094,0.6914278864860535,5.733333333333333,0.4463086502447802,0.1239746250679945,0.3337978966912755,0.004132487502266469
172,2,player,1182.3720703125,789.1412353515625,106.657958984375,188.0174560546875,0.7709724307060242,5.733333333333333,15.098128861905755,4.19392468386271,11.29201429395088,0.1397974894620898
172,3,player,405.0341796875,129.59996032714844,40.472076416015625,130.70477294921875,0.5335708856582642,5.733333333333333,0.055341628571752705,0.015372674603264639,0.0413904574930136,0.0005124224867754861
172,5,player,213.42034912109375,438.88555908203125,56.85453796386719,118.42141723632812,0.379516065120697,5.733333333333333,0.2510834044248484,0.06974539011801344,0.18778733561433927,0.0023248463372671064
172,6,player,60.455345153808594,375.529541015625,59.934295654296875,104.24148559570312,0.20613910257816315,5.733333333333333,0.43427184551882453,0.12063106819967348,0.32479547180391566,0.004021035606655768
172,7,player,1653.848388671875,348.0596923828125,76.1712646484375,141.08956909179688,0.37250158190727234,5.733333333333333,0.11882235708727033,0.033006210302019535,0.08886821452794458,0.001100207010067314
172,8,player,1695.583251953125,165.0566864013672,46.3843994140625,68.83770751953125,0.2500154674053192,5.733333333333333,0.026566698060475364,0.007379638350132046,0.019869451174103884,0.00024598794500440066
172,31,player,767.495361328125,210.05575561523438,58.71697998046875,124.37501525878906,0.8092423677444458,5.733333333333333,16.12487050277929,4.47913069521647,12.059922780557553,0.14930435650721513
173,1,player,1525.63037109375,137.50218200683594,42.5130615234375,119.4604721069336,0.6917293071746826,5.766666666666667,0.20753665821147232,0.05764907172540898,0.1552183672875962,0.0019216357241802924
173,2,player,1190.8931884765625,788.8062133789062,109.966796875,187.409423828125,0.781829833984375,5.766666666666667,11.402070013450238,3.167241670402844,8.527701594689999,0.10557472234676109
173,3,player,405.0231018066406,129.58148193359375,40.54437255859375,130.82205200195312,0.527557909488678,5.766666666666667,0.02880649794770087,0.008001804985472464,0.021544615863282955,0.00026672683284908116
173,5,player,213.3691864013672,438.7655029296875,56.86407470703125,118.12924194335938,0.3737821578979492,5.766666666666667,0.1744910290832378,0.048469730300899384,0.13050327047781024,0.0016156576766966403
173,6,player,60.64250946044922,375.30511474609375,59.49688720703125,104.39523315429688,0.20469160377979279,5.766666666666667,0.39072807058309994,0.10853557516197221,0.2922287257200756,0.0036178525053990607
173,7,player,1653.8436279296875,348.2243347167969,75.956298828125,141.38043212890625,0.3696061074733734,5.766666666666667,0.22022910147603236,0.061174750410008985,0.16471114961045694,0.0020391583470002923
173,8,player,1695.6368408203125,165.1183624267578,46.602294921875,69.07687377929688,0.2561396658420563,5.766666666666667,0.10924462421780176,0.03034572894938938,0.08170494963234806,0.0010115242983129756
173,31,player,776.7962646484375,211.34814453125,61.6583251953125,125.64122009277344,0.8304163813591003,5.766666666666667,12.555370834456301,3.487603009571195,9.390264729177774,0.11625343365237276
174,1,player,1525.6370849609375,137.47409057617188,42.5224609375,119.54048156738281,0.6931232810020447,5.8,0.038617839200737324,0.010727177555760367,0.028882598383199877,0.00035757258519201096
174,2,player,1199.57275390625,788.4539794921875,114.1973876953125,186.44476318359375,0.8219050765037537,5.8,11.614673738009358,3.226298260558155,8.686709662419906,0.10754327535193811
174,3,player,405.0186767578125,129.41522216796875,40.76422119140625,131.3251190185547,0.5265756845474243,5.8,0.22237841945437647,0.06177178318177124,0.1663186421385505,0.0020590594393923673
174,5,player,213.64669799804688,438.2266845703125,56.74195861816406,117.06475830078125,0.3565194010734558,5.8,0.8103722937389558,0.22510341492748773,0.6060840788960523,0.007503447164249564
174,6,player,60.730262756347656,375.45196533203125,59.0557861328125,104.24774169921875,0.17943455278873444,5.8,0.22873437159331367,0.06353732544258713,0.17107231082564414,0.00211791084808623
174,7,player,1653.804443359375,348.2218017578125,76.394775390625,141.35589599609375,0.36638426780700684,5.8,0.05250156732269404,0.014583768700748343,0.039266352412616355,0.0004861256233582764
174,8,player,1695.6868896484375,165.10385131835938,46.772216796875,69.15582275390625,0.2561708688735962,5.8,0.0696743956863066,0.019353998801751832,0.052110051464539876,0.0006451332933917254
174,31,player,786.3380126953125,213.68020629882812,68.7347412109375,121.34452819824219,0.8317896723747253,5.8,13.133429916338912,3.6481749767608087,9.822599853289478,0.12160583255869319
175,1,player,1525.5743408203125,137.68756103515625,42.55517578125,119.35494232177734,0.689941942691803,5.833333333333333,0.297497049366662,0.08263806926851722,0.22250048099222056,0.002754602308950564
175,2,player,1204.27734375,787.603271484375,115.1619873046875,188.98065185546875,0.8140583038330078,5.833333333333333,6.392343215026038,1.7756508930627883,4.780885871098782,0.05918836310209273
175,3,player,405.0321044921875,129.43319702148438,40.771636962890625,131.34921264648438,0.5264456868171692,5.833333333333333,0.029999088509015434,0.008333080141393176,0.022436564116498164,0.0002777693380464382
175,5,player,213.90953063964844,437.7309875488281,56.5755615234375,116.20233154296875,0.35621699690818787,5.833333333333333,0.7501820700059679,0.2083839083349911,0.5610673173512571,0.006946130277833012
175,6,player,60.80253219604492,375.55096435546875,58.739479064941406,103.92684936523438,0.1717212051153183,5.833333333333333,0.1638852432135438,0.045523678670428835,0.12257111631920216,0.0015174559556809558
175,7,player,1653.861328125,348.205810546875,76.5362548828125,141.3271484375,0.3673305809497833,5.833333333333333,0.07900665302164471,0.02194629250601242,0.05908972319666764,0.0007315430835337447
175,8,player,1695.70166015625,165.19586181640625,46.8631591796875,69.10111999511719,0.2552448809146881,5.833333333333333,0.12459887116132255,0.03461079754481182,0.09318851673823933,0.0011536932514937233
175,31,player,794.4740600585938,214.4386444091797,74.2720947265625,120.05746459960938,0.8279539942741394,5.833333333333333,10.925567553783255,3.034879876050904,8.171321500515656,0.10116266253502977
176,1,player,1525.5614013671875,137.52980041503906,42.611083984375,119.50228118896484,0.687980055809021,5.866666666666666,0.21164412405587288,0.05879003445996469,0.15829037465030404,0.0019596678153321495
176,2,player,1206.9749755859375,787.6021118164062,110.038330078125,187.54931640625,0.7784494161605835,5.866666666666666,3.6069026999159592,1.001917416643322,2.69763208519867,0.03339724722144395
176,3,player,405.0595703125,129.44630432128906,40.74334716796875,131.24374389648438,0.5248342156410217,5.866666666666666,0.04069093519688052,0.011303037554689034,0.030433083866221948,0.00037676791848963317
176,5,player,214.01370239257812,437.3895568847656,56.31355285644531,115.42303466796875,0.34795358777046204,5.866666666666666,0.47728946186489446,0.1325804060735818,0.3569686995670679,0.004419346869119377
176,6,player,60.85741424560547,375.5230407714844,58.60661697387695,103.716064453125,0.16465674340724945,5.866666666666666,0.08233272073363573,0.022870200203787702,0.06157731649315978,0.0007623400067929207
176,7,player,1653.8360595703125,348.10601806640625,76.435546875,141.12503051757812,0.3719533681869507,5.866666666666666,0.13763978169460167,0.03823327269294491,0.10294192058680966,0.0012744424230981591
176,8,player,1695.7266845703125,165.2964630126953,46.857421875,68.77035522460938,0.24906402826309204,5.866666666666666,0.13860909764344542,0.03850252712317928,0.10366687992778567,0.0012834175707726382
176,31,player,797.30029296875,215.1298828125,77.39898681640625,120.15376281738281,0.8195895552635193,5.866666666666666,3.890232226455953,1.0806200629044314,2.90953655977633,0.036020668763480916
177,1,player,1525.570556640625,137.46995544433594,42.6141357421875,119.52544403076172,0.6893479228019714,5.9,0.08094739751802134,0.02248538819945037,0.06054122190849209,0.0007495129399816964
177,2,player,1208.9755859375,786.32275390625,105.427978515625,187.38775634765625,0.7537078857421875,5.9,3.175121854535891,0.8819782929266363,2.3746996528105186,0.029399276430888556
177,3,player,405.03070068359375,129.36582946777344,40.77801513671875,131.42156982421875,0.5205323100090027,5.9,0.11431421102032019,0.031753947505644496,0.08549653514351262,0.001058464916854841
177,5,player,213.9923095703125,437.2440185546875,55.99690246582031,115.286376953125,0.35011959075927734,5.9,0.196684840384699,0.05463467788463861,0.1471022038122403,0.0018211559294879958
177,6,player,60.89204788208008,375.622314453125,58.48792266845703,103.46566772460938,0.16762211918830872,5.9,0.1405808688766585,0.03905024135462736,0.10514158379033273,0.001301674711820942
177,7,player,1653.9339599609375,348.1043395996094,76.217529296875,141.131103515625,0.380158931016922,5.9,0.1309181777539739,0.03636616048721497,0.09791477792098494,0.0012122053495738604
177,8,player,1695.679931640625,165.44064331054688,46.8741455078125,68.43568420410156,0.24781766533851624,5.9,0.20266001787292703,0.056294449409146394,0.1515710880178987,0.0018764816469715897
177,31,player,799.1248779296875,216.26266479492188,76.7481689453125,118.64898681640625,0.8268309235572815,5.9,2.871512636441827,0.7976423990116186,2.1476278307423127,0.02658807996705457
178,1,player,1525.5450439453125,137.534912109375,42.625,119.58816528320312,0.6900314688682556,5.933333333333334,0.09330996948517416,0.02591943596810393,0.06978729078496616,0.0008639811989367947
178,2,player,1212.14404296875,783.6680908203125,104.547119140625,191.66351318359375,0.7586793303489685,5.933333333333334,5.526834178580391,1.5352317162723308,4.133564570527086,0.051174390542410846
178,3,player,405.03680419921875,129.38671875,40.751495361328125,131.3632049560547,0.5192791819572449,5.933333333333334,0.029098087108519223,0.008082801974588672,0.021762697786019063,0.0002694267324862881
178,5,player,214.106201171875,437.1966552734375,55.76673889160156,115.111572265625,0.3512537479400635,5.933333333333334,0.16492316258204556,0.04581198960612377,0.12334738471989527,0.00152706632020412
178,6,player,60.97301483154297,375.6846008300781,58.31474304199219,103.335693359375,0.17530377209186554,5.933333333333334,0.13658497337803283,0.0379402703827869,0.10215302080346457,0.0012646756794262254
178,7,player,1653.9200439453125,348.045654296875,76.196044921875,141.03884887695312,0.3844047784805298,5.933333333333334,0.08064183244701632,0.02240050901306009,0.060312687288003396,0.000746683633768667
178,8,player,1695.6461181640625,165.40672302246094,46.86474609375,68.3175048828125,0.24489225447177887,5.933333333333334,0.064038693807268,0.017788526057574444,0.047895063848748864,0.0005929508685858127
178,31,player,800.8973388671875,217.94671630859375,75.219970703125,115.32159423828125,0.8249390721321106,5.933333333333334,3.26901453049118,0.9080595918031056,2.444922754539274,0.03026865306010341
179,1,player,1525.543212890625,137.56825256347656,42.6405029296875,119.61386108398438,0.688731849193573,5.966666666666667,0.04464544870387545,0.012401513528854291,0.03339069692245149,0.0004133837842951416
179,2,player,1202.257080078125,782.59375,79.1011962890625,195.0584716796875,0.7333071231842041,5.966666666666667,13.297302910681008,3.6936952529669465,9.945161808577355,0.12312317509889778
179,3,player,405.0298767089844,129.37936401367188,40.73968505859375,131.27810668945312,0.5129529237747192,5.966666666666667,0.013509113870202238,0.003752531630611733,0.010103576960839295,0.0001250843876870573
179,5,player,214.2007598876953,437.0966796875,55.517547607421875,115.07357788085938,0.3494036793708801,5.966666666666667,0.1839929589118174,0.051109155253282613,0.1376098416579754,0.0017036385084427477
179,6,player,61.519256591796875,375.68890380859375,57.16837692260742,103.12728881835938,0.17558838427066803,5.966666666666667,0.73038203401438,0.20288389833732776,0.5462587081863244,0.006762796611244235
179,7,player,1653.959716796875,348.032470703125,75.7330322265625,141.0274658203125,0.3780952990055084,5.966666666666667,0.055897245417490395,0.015527012615969555,0.041806007884814804,0.0005175670871989833
179,8,player,1695.62744140625,165.50323486328125,46.8397216796875,68.28196716308594,0.24246272444725037,5.966666666666667,0.13143641771110862,0.0365101160308635,0.09830237383152107,0.0012170038676954458
179,31,player,803.1473388671875,218.15878295898438,71.481201171875,117.89356994628906,0.8275655508041382,5.966666666666667,3.021723464202364,0.8393676289451011,2.259971739692313,0.027978920964836604
180,1,player,1525.3055419921875,137.884765625,43.15478515625,119.62834167480469,0.6871212124824524,6.0,0.5292267921256707,0.14700744225713075,0.3958130544575656,0.004900248075237674
180,2,player,1197.460205078125,780.3347778320312,68.99072265625,196.3817138671875,0.7322283387184143,6.0,7.089327419383635,1.9692576164954543,5.302166068813993,0.06564192054984824
180,3,player,405.1690673828125,129.30435180664062,40.745635986328125,131.52139282226562,0.503585934638977,6.0,0.21141184282143377,0.058725511894842715,0.15811664961169206,0.001957517063161417
180,5,player,214.3424835205078,437.5115051269531,56.02130126953125,115.91033935546875,0.3447659909725189,6.0,0.5861242395474546,0.16281228876318182,0.4383671216173159,0.005427076292106041
180,6,player,61.341583251953125,375.4443054199219,57.735416412353516,103.70538330078125,0.17943896353244781,6.0,0.40421809251525603,0.11228280347646001,0.3023180236640057,0.003742760115881987
180,7,player,1653.85205078125,348.1285400390625,74.9237060546875,141.31536865234375,0.3574449419975281,6.0,0.19293255094884526,0.05359237526356813,0.1442958357958918,0.001786412508785598
180,8,player,1695.747802734375,164.83877563476562,46.422607421875,69.83819580078125,0.23902679979801178,6.0,0.9028815037779119,0.25080041771608663,0.6752724751295536,0.008360013923869525
180,31,player,807.427978515625,215.74716186523438,64.26263427734375,120.86302185058594,0.8090155124664307,6.0,6.569290561448176,1.8248029337356042,4.91322624144208,0.060826764457853254
181,1,player,1525.1494140625,137.97628784179688,43.4090576171875,119.38396453857422,0.682701051235199,6.033333333333333,0.24197597926730616,0.06721554979647393,0.18097581771032042,0.002240518326549123
181,2,player,1200.811279296875,773.166259765625,79.2825927734375,193.018310546875,0.737891674041748,6.033333333333333,10.58032600317826,2.9389794453272944,7.913112515815993,0.09796598151090946
181,3,player,405.2132568359375,129.3803253173828,40.522247314453125,131.35546875,0.4876054525375366,6.033333333333333,0.11751465133346119,0.03264295870373922,0.08789017067897782,0.0010880986234579702
181,5,player,214.42523193359375,437.59893798828125,56.1258544921875,116.13003540039062,0.3400488495826721,6.033333333333333,0.16095814227653116,0.04471059507681421,0.12038191354295748,0.001490353169227135
181,6,player,61.26177215576172,375.37164306640625,57.906219482421875,103.98165893554688,0.17932561039924622,6.033333333333333,0.1443137626980772,0.04008715630502144,0.10793344566770563,0.0013362385435007097
181,7,player,1653.869384765625,348.16607666015625,74.7200927734375,141.38424682617188,0.3626595437526703,6.033333333333333,0.05528175313586908,0.01535604253774141,0.04134567616388081,0.0005118680845913786
181,8,player,1695.755126953125,164.56500244140625,46.1656494140625,70.22068786621094,0.23104645311832428,6.033333333333333,0.3661828415192068,0.10171745597755745,0.2738711477729766,0.0033905818659185696
181,31,player,812.5831298828125,213.97811889648438,55.07086181640625,121.53704833984375,0.7549536228179932,6.033333333333333,7.28730938401977,2.0242526066721584,5.4502384024828645,0.06747508688907171
182,1,player,1525.055908203125,138.04339599609375,43.5623779296875,119.38691711425781,0.6832670569419861,6.066666666666666,0.15388915665799358,0.04274698796055377,0.11509496127368243,0.0014248995986851204
182,2,player,1205.4952392578125,767.0781860351562,91.489013671875,186.0579833984375,0.7246220111846924,6.066666666666666,10.270530747706232,2.8529252076961753,7.681414105702759,0.09509750692320551
182,3,player,405.2517395019531,129.5257110595703,40.4464111328125,131.1793212890625,0.4902465045452118,6.066666666666666,0.20108428564643752,0.05585674601289931,0.1503925849737292,0.0018618915337633038
182,5,player,214.77713012695312,437.14617919921875,55.912200927734375,115.36273193359375,0.34145331382751465,6.066666666666666,0.7667127924137737,0.21297577567049267,0.5734307800972437,0.00709919252234973
182,6,player,61.30462646484375,375.4651794433594,57.656864166259766,103.81610107421875,0.17676208913326263,6.066666666666666,0.13756512039685787,0.03821253344357163,0.1028860807904323,0.0012737511147857166
182,7,player,1653.81787109375,348.33074951171875,74.7071533203125,141.7076416015625,0.3698962330818176,6.066666666666666,0.23069968843661393,0.06408324678794831,0.17254218739708363,0.0021361082262649363
182,8,player,1695.84765625,164.68197631835938,46.3409423828125,70.091796875,0.2500222325325012,6.066666666666666,0.19941765519950008,0.05539379311097224,0.14914609840564624,0.001846459770365735
182,31,player,814.942626953125,213.42633056640625,49.65728759765625,121.53985595703125,0.777226448059082,6.066666666666666,3.2399142708345403,0.8999761863429279,2.4231584318867134,0.02999920621143082
183,1,player,1525.008544921875,137.9847412109375,43.594970703125,119.33258819580078,0.6780686974525452,6.1,0.1008012494614974,0.028000347072638168,0.07539008046482273,0.0009333449024212689
183,2,player,1213.0450439453125,762.7255249023438,109.53369140625,187.33837890625,0.7274870276451111,6.1,11.65203824654931,3.236677290708142,8.714654884531777,0.10788924302360435
183,3,player,405.2686462402344,129.44024658203125,40.5772705078125,131.41627502441406,0.48352769017219543,6.1,0.11648580829643722,0.03235716897123256,0.08712069054097082,0.0010785722990410815
183,5,player,214.76235961914062,437.4527587890625,56.063385009765625,115.97415161132812,0.34472543001174927,6.1,0.4103915367254789,0.11399764909041081,0.30693519317569484,0.0037999216363470137
183,6,player,61.40320587158203,375.56524658203125,57.40365982055664,103.74703979492188,0.18034391105175018,6.1,0.18781484101784354,0.052170789171623204,0.140468258602603,0.0017390263057207673
183,7,player,1653.779541015625,348.3350830078125,74.6910400390625,141.69204711914062,0.37011197209358215,6.1,0.05157620592052927,0.014326723866813686,0.038574267037276934,0.0004775574622271212
183,8,player,1695.702392578125,164.53799438476562,45.761962890625,70.27935791015625,0.2314906269311905,6.1,0.27346877426957616,0.0759635484082156,0.20452953715295671,0.0025321182802738444
183,31,player,818.8551635742188,211.6369171142578,48.3846435546875,124.52188110351562,0.7610958814620972,6.1,5.752468548951503,1.5979079302643064,4.302318365036401,0.05326359767547669
184,1,player,1525.0130615234375,137.94578552246094,43.559814453125,119.52368927001953,0.681694507598877,6.133333333333334,0.052435107268585364,0.014565307574607046,0.03921664639355795,0.00048551025248691276
184,2,player,1210.267822265625,758.033447265625,100.4346923828125,190.12713623046875,0.7470176815986633,6.133333333333334,7.290185725575699,2.0250515904376942,5.452389641902206,0.06750171968125804
184,3,player,405.30584716796875,129.4261016845703,40.646820068359375,131.41250610351562,0.4829753637313843,6.133333333333334,0.053214199731446685,0.014781722147624079,0.03979933603062528,0.0004927240715874807
184,5,player,214.61456298828125,437.34881591796875,55.92189025878906,116.19989013671875,0.35178473591804504,6.133333333333334,0.24159045045617758,0.06710845846004933,0.18068747755335535,0.0022369486153350293
184,6,player,61.99858856201172,375.86090087890625,56.1308708190918,102.96884155273438,0.16140888631343842,6.133333333333334,0.8888117425635349,0.24689215071209303,0.6647495854259284,0.008229738357069957
184,7,player,1653.7998046875,348.2491455078125,74.4381103515625,141.53683471679688,0.375119149684906,6.133333333333334,0.11805489824196193,0.03279302728943387,0.08829422576877645,0.0010931009096478209
184,8,player,1695.6812744140625,164.59259033203125,45.384033203125,70.57914733886719,0.249334916472435,6.133333333333334,0.07826892884697148,0.021741369124158746,0.05853797324132065,0.0007247123041386416
184,31,player,823.62109375,207.8252716064453,50.31011962890625,131.13064575195312,0.7738035917282104,6.133333333333334,8.159667725364121,2.2665743681567,6.102682354313512,0.07555247893855842
185,1,player,1525.024658203125,138.01150512695312,43.5506591796875,119.53511047363281,0.6816091537475586,6.166666666666667,0.08922875743956614,0.024785765955435038,0.06673491885350596,0.0008261921985144984
185,2,player,1207.220458984375,754.595703125,92.2196044921875,192.8641357421875,0.7449440360069275,6.166666666666667,6.142417356162726,1.706227043378535,4.593964273295155,0.05687423477928429
185,3,player,405.3155212402344,129.40248107910156,40.75897216796875,131.42559814453125,0.480113685131073,6.166666666666667,0.034128390715693575,0.009480108532137104,0.025524903073486434,0.00031600361773790237
185,5,player,214.6517791748047,437.22821044921875,55.730743408203125,115.94876098632812,0.35410258173942566,6.166666666666667,0.16875997806384174,0.046877771684400486,0.12621697045862937,0.0015625923894800105
185,6,player,62.29228973388672,375.8807678222656,55.521854400634766,102.8026123046875,0.16611208021640778,6.166666666666667,0.3935942151300698,0.10933172642501938,0.2943723387127142,0.0036443908808339665
185,7,player,1653.767333984375,348.2436828613281,74.781005859375,141.97833251953125,0.3566795587539673,6.166666666666667,0.04402545163921942,0.012229292122005395,0.032926996037372425,0.0004076430707335117
185,8,player,1695.6197509765625,164.62069702148438,45.14501953125,70.50682067871094,0.24663758277893066,6.166666666666667,0.09043841088222206,0.02512178080061724,0.06763962857549422,0.000837392693353905
185,31,player,827.106689453125,205.55650329589844,52.76300048828125,132.95968627929688,0.7685360908508301,6.166666666666667,5.560747463632178,1.5446520732311606,4.158928594311903,0.05148840244103851
186,1,player,1525.006591796875,138.02304077148438,43.56103515625,119.642822265625,0.6844169497489929,6.2,0.028660150030833415,0.007961152786342615,0.021435161057043566,0.0002653717595447529
186,2,player,1204.12158203125,750.4444580078125,78.4644775390625,199.79827880859375,0.7757906317710876,6.2,6.926432141023083,1.9240089280619674,5.1803353553203815,0.06413363093539869
186,3,player,405.3473205566406,129.3019561767578,41.0325927734375,131.7045440673828,0.48708832263946533,6.2,0.1409726348854995,0.03915906524597208,0.10543458879857821,0.0013053021748657314
186,5,player,214.643798828125,436.994873046875,55.75971984863281,115.72952270507812,0.3587559163570404,6.2,0.3121691027407307,0.08671363965020297,0.2334738299374409,0.002890454655006755
186,6,player,62.01729965209961,375.87298583984375,56.22034454345703,102.84036254882812,0.17661462724208832,6.2,0.3678261229890658,0.10217392305251828,0.2751001714497748,0.0034057974350839306
186,7,player,1652.7364501953125,345.84332275390625,72.6826171875,135.16082763671875,0.3394539952278137,6.2,3.492895057378803,0.9702486270496674,2.612364835135822,0.03234162090165547
186,8,player,1695.548583984375,164.60333251953125,45.0260009765625,70.36091613769531,0.24884597957134247,6.2,0.0979462549873474,0.02720729305204094,0.07325480670301279,0.0009069097684013615
186,31,player,831.248291015625,204.06996154785156,56.41607666015625,132.43423461914062,0.8172269463539124,6.2,5.8834806433614455,1.6343001787115126,4.40030338399396,0.054476672623716894
187,1,player,1525.023681640625,138.0536651611328,43.568115234375,119.73379516601562,0.681273877620697,6.233333333333333,0.0468909934853224,0.01302527596814511,0.035070158265093986,0.00043417586560483545
187,2,player,1201.062744140625,747.2691040039062,75.3228759765625,200.0921630859375,0.7316897511482239,6.233333333333333,5.895120888578933,1.6375335801608146,4.409009218775421,0.05458445267202696
187,3,player,405.35546875,129.20822143554688,41.201690673828125,131.99264526367188,0.4932572543621063,6.233333333333333,0.12580184217961146,0.03494495616100318,0.0940882286202859,0.0011648318720334353
187,5,player,214.75924682617188,437.0629577636719,56.06166076660156,116.204833984375,0.36843839287757874,6.233333333333333,0.17920513022648737,0.049779202840690935,0.13402898535146018,0.0016593067613563585
187,6,player,62.03287887573242,375.8902587890625,56.25859832763672,102.79183959960938,0.1818859875202179,6.233333333333333,0.03110120568314201,0.008639223800872781,0.023260846582072194,0.00028797412669575835
187,7,player,1652.396240234375,344.9057922363281,72.216796875,132.37164306640625,0.3335675597190857,6.233333333333333,1.3335187926449275,0.3704218868458132,0.9973496322310458,0.012347396228193728
187,8,player,1695.4832763671875,164.83453369140625,44.977294921875,69.853759765625,0.24072954058647156,6.233333333333333,0.3212264947606428,0.08922958187795633,0.2402479276478412,0.002974319395931867
187,31,player,835.594482421875,202.93499755859375,62.98443603515625,132.3450164794922,0.8226772546768188,6.233333333333333,6.006004233514154,1.668334509309487,4.491939781060445,0.055611150310316035
188,1,player,1525.032470703125,138.07797241210938,43.5540771484375,119.72672271728516,0.6799578666687012,6.266666666666667,0.034559640549437325,0.00959990015262148,0.025847438357920593,0.0003199966717540482
188,2,player,1201.4349365234375,746.34326171875,77.598388671875,200.9830322265625,0.7388331294059753,6.266666666666667,1.3341921599200413,0.37060893331112255,0.9978532491338561,0.012353631110370708
188,3,player,405.35760498046875,129.11907958984375,41.334869384765625,132.15924072265625,0.4823511242866516,6.266666666666667,0.11922243859421809,0.03311734405394947,0.08916743876536637,0.0011039114684649784
188,5,player,214.73426818847656,436.9942626953125,56.11505126953125,116.36038208007812,0.3674772083759308,6.266666666666667,0.09773318463372599,0.027148106842701664,0.07309544963958352,0.0009049368947567189
188,6,player,62.11334228515625,375.965576171875,56.20766067504883,102.66696166992188,0.18462099134922028,6.266666666666667,0.1473626582840826,0.0409340717455785,0.11021373965995013,0.001364469058185945
188,7,player,1652.2850341796875,344.54412841796875,72.29736328125,131.30673217773438,0.3276888430118561,6.266666666666667,0.5059107822351543,0.14053077284309842,0.37837481960278785,0.0046843590947699305
188,8,player,1695.460693359375,165.34915161132812,45.10009765625,68.85630798339844,0.2323683202266693,6.266666666666667,0.688738526015349,0.19131625722648585,0.5151131873157363,0.0063772085742161725
188,31,player,838.652099609375,203.79409790039062,67.47833251953125,128.56480407714844,0.8235880136489868,6.266666666666667,4.246531604689972,1.179592112413881,3.176015784370556,0.03931973708046256
189,1,player,1525.0526123046875,138.06629943847656,43.498291015625,119.67581939697266,0.6823270320892334,6.3,0.031126356298457947,0.008646210082904985,0.023279656933357894,0.0002882070027634985
189,2,player,1207.551513671875,746.041259765625,86.336669921875,202.10736083984375,0.8125383853912354,6.3,8.1882084331203,2.2745023425334168,6.124028183514437,0.07581674475111362
189,3,player,405.4014587402344,129.20260620117188,41.22412109375,132.13714599609375,0.47520819306373596,6.3,0.12613714007005614,0.03503809446390448,0.09433900066007064,0.0011679364821301453
189,5,player,214.77899169921875,436.9065246582031,56.12028503417969,116.224853515625,0.36395061016082764,6.3,0.1316728639253304,0.036575795534814,0.09847921389264146,0.0012191931844937956
189,6,player,62.104408264160156,375.9921875,56.1505126953125,102.54574584960938,0.17409159243106842,6.3,0.03753264511219037,0.010425734753386214,0.028070972832003167,0.0003475244917795392
189,7,player,1652.184326171875,344.40655517578125,73.3310546875,131.2694091796875,0.33655354380607605,6.3,0.22796229361870043,0.0633228593385279,0.17049486738181618,0.002110761977950922
189,8,player,1695.489990234375,165.47244262695312,45.2039794921875,68.56124877929688,0.2327386885881424,6.3,0.16943795700929223,0.047066099169247845,0.12672403646747377,0.001568869972308256
189,31,player,841.7661743164062,207.17535400390625,76.876953125,120.28617858886719,0.8352299928665161,6.3,6.146177468499056,1.7072715190275156,4.59677649212287,0.05690905063425032
190,1,player,1525.095458984375,138.03799438476562,43.3843994140625,119.58406066894531,0.6828778386116028,6.333333333333333,0.06866065282529031,0.01907240356258064,0.05135186487190394,0.0006357467854193525
190,2,player,1212.585693359375,745.7457275390625,91.04931640625,201.398681640625,0.8145662546157837,6.333333333333333,6.742601425713699,1.8729448404760274,5.042846856982134,0.062431494682534026
190,3,player,405.36895751953125,129.07440185546875,41.225799560546875,132.34486389160156,0.4761850833892822,6.333333333333333,0.17683976495980744,0.04912215693327984,0.13225990928607062,0.0016374052311093222
190,5,player,214.72650146484375,436.9498596191406,56.090179443359375,116.4808349609375,0.36121270060539246,6.333333333333333,0.09101009891418607,0.025280583031718352,0.06806719873916571,0.0008426861010572754
190,6,player,62.117454528808594,375.89642333984375,56.19289016723633,102.46054077148438,0.17651726305484772,6.333333333333333,0.1292254090259612,0.035895946951655884,0.09664874231829905,0.001196531565055192
190,7,player,1652.28173828125,344.26422119140625,73.1290283203125,131.39718627929688,0.3277337849140167,6.333333333333333,0.230611624262095,0.06405878451724861,0.17247632347933936,0.002135292817241613
190,8,player,1695.435546875,165.37741088867188,45.2457275390625,68.96879577636719,0.23429256677627563,6.333333333333333,0.14643801657536015,0.04067722682648893,0.1095221925492336,0.0013559075608829596
190,31,player,844.8577270507812,205.98858642578125,80.355712890625,121.0108642578125,0.8160907030105591,6.333333333333333,4.427699294328337,1.2299164706467602,3.3115125839879,0.040997215688225196
191,1,player,1525.13916015625,138.05322265625,43.2874755859375,119.52739715576172,0.6850172877311707,6.366666666666666,0.061877147423533035,0.017188096506536955,0.04627842559606063,0.0005729365502178964
191,2,player,1215.197265625,745.243896484375,94.5736083984375,201.70166015625,0.7924087047576904,6.366666666666666,3.555717582595972,0.9876993284988811,2.6593503165304235,0.032923310949962585
191,3,player,405.4117431640625,129.0797119140625,41.2874755859375,132.55111694335938,0.4679705500602722,6.366666666666666,0.05764597468577696,0.016012770746049156,0.04311389683412462,0.0005337590248683032
191,5,player,214.62783813476562,437.2394714355469,56.34043884277344,116.9146728515625,0.3540725111961365,6.366666666666666,0.40908313105650085,0.11363420307125023,0.3059566258544379,0.003787806769041661
191,6,player,62.09210205078125,375.93994140625,56.18642044067383,102.52505493164062,0.17310091853141785,6.366666666666666,0.06734031683948935,0.018705643566524818,0.05036437476893496,0.0006235214522174917
191,7,player,1652.4686279296875,344.0860290527344,72.71142578125,131.26885986328125,0.32944533228874207,6.366666666666666,0.3452630374657854,0.0959063992960515,0.2582250548989177,0.0031968799765350387
191,8,player,1695.4803466796875,165.3450927734375,45.10498046875,69.06480407714844,0.2339300513267517,6.366666666666666,0.07385964077335452,0.020516566881487366,0.055240230560167726,0.0006838855627162431
191,31,player,845.7119750976562,206.6367645263672,83.6614990234375,119.01974487304688,0.7522962689399719,6.366666666666666,1.4337615989536519,0.39826711082045885,1.0723220484858762,0.013275570360681915
192,1,player,1525.1083984375,138.13812255859375,43.3187255859375,119.34749603271484,0.6836580038070679,6.4,0.12073812639820716,0.033538368443946434,0.09030103409392601,0.0011179456147982403
192,2,player,1217.966064453125,743.9520263671875,100.2767333984375,200.69903564453125,0.8248260021209717,6.4,4.085196475497923,1.1347767987494228,3.0553519192244316,0.0378258932916483
192,3,player,405.3638610839844,129.00352478027344,41.375244140625,132.66090393066406,0.47416937351226807,6.4,0.12031462346874976,0.03342072874131938,0.08998429278268782,0.0011140242913773384
192,5,player,214.4491424560547,437.38299560546875,56.29254150390625,117.12631225585938,0.35868746042251587,6.4,0.3064509125447696,0.08512525348465821,0.22919714863349816,0.0028375084494886727
192,6,player,61.78016662597656,375.8291015625,56.8216552734375,103.00814819335938,0.1717940866947174,6.4,0.4426246003101362,0.12295127786392672,0.3310425655570674,0.004098375928797652
192,7,player,1652.7750244140625,344.3095397949219,73.1181640625,131.43609619140625,0.34308069944381714,6.4,0.5070902869350188,0.1408584130375052,0.3792569808330055,0.004695280434583615
192,8,player,1695.4580078125,165.16363525390625,45.3265380859375,69.72891235351562,0.2440612018108368,6.4,0.24445165389727466,0.0679032371936874,0.182827395052423,0.0022634412397896323
192,31,player,844.9932250976562,208.16851806640625,82.1688232421875,115.17546081542969,0.7628231644630432,6.4,2.2623123063490804,0.6284200850969668,1.6920019119144636,0.020947336169899376
193,1,player,1525.096435546875,138.26927185058594,43.3399658203125,119.20667266845703,0.6847237348556519,6.433333333333334,0.1760827936616187,0.048911887128227416,0.13169376424932872,0.0016303962376075748
193,2,player,1219.560302734375,744.048828125,102.4063720703125,198.67584228515625,0.7931062579154968,6.433333333333334,2.13552208565001,0.593200579347225,1.5971744669003898,0.01977335264490743
193,3,player,405.36834716796875,128.89825439453125,41.385498046875,132.90948486328125,0.4761604964733124,6.433333333333334,0.14088083288637518,0.03913356469065977,0.10536592933118286,0.001304452156355321
193,5,player,214.2871856689453,437.9000549316406,56.664520263671875,118.03021240234375,0.35190486907958984,6.433333333333334,0.7244613131632933,0.20123925365647036,0.5418305525458165,0.006707975121882322
193,6,player,61.46021270751953,375.75091552734375,57.4847297668457,103.36917114257812,0.16917720437049866,6.433333333333334,0.4403861832340555,0.12232949534279319,0.3293684350836658,0.004077649844759759
193,7,player,1652.83056640625,344.27386474609375,73.270263671875,131.74331665039062,0.3404422700405121,6.433333333333334,0.08826255318387655,0.02451737588441015,0.066012286773338,0.0008172458628136688
193,8,player,1695.5423583984375,165.02560424804688,45.66748046875,70.14376831054688,0.25523117184638977,6.433333333333334,0.21628852960972395,0.0600801471138122,0.16176396362153836,0.0020026715704603995
193,31,player,845.3289794921875,211.0567626953125,80.56573486328125,110.24815368652344,0.7646891474723816,6.433333333333334,3.887769448585393,1.0799359579403869,2.9076946280262734,0.035997865264679435
194,1,player,1525.1361083984375,138.24072265625,43.28857421875,119.21289825439453,0.6878885626792908,6.466666666666667,0.06535202124936278,0.018153339235934103,0.04887731220445008,0.0006051113078644679
194,2,player,1220.239013671875,744.00830078125,103.083984375,198.3695068359375,0.796222448348999,6.466666666666667,0.9090953342926856,0.2525264817479682,0.6799198498893525,0.008417549391598911
194,3,player,405.4663391113281,129.0274658203125,41.37158203125,132.70941162109375,0.4703366160392761,6.466666666666667,0.21682690995494083,0.060229697209705786,0.16216662269335955,0.0020076565736568525
194,5,player,214.1682586669922,438.201904296875,56.78167724609375,118.72543334960938,0.3451933264732361,6.466666666666667,0.43378699117050834,0.12049638643625231,0.3244328452637829,0.004016546214541729
194,6,player,61.29186248779297,375.6324462890625,57.917083740234375,103.7442626953125,0.16967236995697021,6.466666666666667,0.2752425463798341,0.07645626288328725,0.20585615584898467,0.0025485420961095656
194,7,player,1652.7646484375,344.3079833984375,73.359375,131.61270141601562,0.3451094925403595,6.466666666666667,0.09924265720013757,0.027567404777815992,0.07422439654102722,0.0009189134925938631
194,8,player,1695.626220703125,164.9417724609375,45.916259765625,70.21734619140625,0.2610853612422943,6.466666666666667,0.15854570433459678,0.04404047342627688,0.11857763143801894,0.0014680157808758907
194,31,player,846.500244140625,207.691162109375,86.22113037109375,117.66340637207031,0.8000566959381104,6.466666666666667,4.764734017164506,1.3235372269901404,3.563583614950302,0.044117907566337856
195,1,player,1525.14697265625,138.26785278320312,43.2689208984375,119.2187728881836,0.6870337128639221,6.5,0.039075085652913163,0.010854190459142545,0.02922457675158268,0.0003618063486380835
195,2,player,1217.7618408203125,744.36376953125,101.79296875,197.7027587890625,0.7931106686592102,6.5,3.3460622508215963,0.9294617363393323,2.5025473759241503,0.030982057877977632
195,3,player,405.4311828613281,128.9917755126953,41.494384765625,132.92550659179688,0.4621780812740326,6.5,0.06698349480729034,0.018606526335358427,0.05009750464715755,0.0006202175445119454
195,5,player,213.83883666992188,438.4906921386719,57.21461486816406,119.8824462890625,0.3248412311077118,6.5,0.5857451978853355,0.1627069994125932,0.4380836332522477,0.00542356664708642
195,6,player,61.087974548339844,375.54998779296875,58.35309982299805,103.96939086914062,0.17185716331005096,6.5,0.2940616467151814,0.08168379075421706,0.2199311151985643,0.0027227930251405587
195,7,player,1654.02978515625,346.5990295410156,76.154052734375,138.81396484375,0.3496319055557251,6.5,3.499290368728217,0.9720251024245047,2.6171479408989518,0.032400836747483376
195,8,player,1695.54296875,164.84677124023438,46.0784912109375,70.42724609375,0.25714027881622314,6.5,0.16889443906544022,0.046915121962622285,0.1263175349435345,0.0015638373987540706
195,31,player,851.685791015625,204.31240844726562,91.26055908203125,122.57818603515625,0.7028144598007202,6.5,8.275312234515424,2.298697842920951,6.1891738303298425,0.0766232614306981
196,1,player,1525.19482421875,138.2359161376953,43.2572021484375,119.18097686767578,0.687425971031189,6.533333333333333,0.07692144338124794,0.021367067605902207,0.05753017781984588,0.0007122355868634044
196,2,player,1214.15234375,743.613037109375,102.03662109375,197.06524658203125,0.7636831402778625,6.533333333333333,4.929404782787592,1.3692791063298866,3.686742229916383,0.04564263687766272
196,3,player,405.4533386230469,128.99110412597656,41.49652099609375,132.8970489501953,0.4417453408241272,6.533333333333333,0.02963723633518012,0.008232565648661145,0.022165931910572628,0.0002744188549553705
196,5,player,213.90582275390625,438.3280029296875,57.18428039550781,119.49444580078125,0.3134438097476959,6.533333333333333,0.23524289239948118,0.06534524788874477,0.1759400868691481,0.002178174929624818
196,6,player,61.00928497314453,375.52825927734375,58.47951126098633,103.9041748046875,0.1598844975233078,6.533333333333333,0.10915031437775381,0.030319531771598282,0.08163441453017599,0.0010106510590532725
196,7,player,1654.5430908203125,347.4019470214844,77.06103515625,141.4503173828125,0.3442092537879944,6.533333333333333,1.2741856168477872,0.3539404491243853,0.9529738638603525,0.011798014970812802
196,8,player,1695.6009521484375,164.8203125,46.119384765625,70.62623596191406,0.24697190523147583,6.533333333333333,0.08521756519726266,0.023671545888128517,0.06373491530669835,0.0007890515296042811
196,31,player,856.57958984375,202.6053466796875,86.78271484375,123.57025146484375,0.5323729515075684,6.533333333333333,6.929974022292832,1.924992783970231,5.1829843573451555,0.0641664261323408
197,1,player,1525.22412109375,138.16397094726562,43.226806640625,119.20210266113281,0.6857930421829224,6.566666666666666,0.10386503667398725,0.028851399076107568,0.07768151202654093,0.0009617133025369155
197,2,player,1212.3157958984375,743.5877685546875,102.60302734375,195.79058837890625,0.7498341202735901,6.566666666666666,2.4558116744049943,0.6821699095569428,1.836721674869339,0.022738996985231345
197,3,player,405.405517578125,129.0308074951172,41.4609375,132.859130859375,0.44071945548057556,6.566666666666666,0.08310475219656784,0.02308465338793551,0.0621547251505203,0.0007694884462645143
197,5,player,214.00006103515625,438.41644287109375,57.40509033203125,120.02316284179688,0.30934783816337585,6.566666666666666,0.17279936740769491,0.047999824279915254,0.12923806284874065,0.001599994142663836
197,6,player,61.06004333496094,375.52545166015625,58.3293342590332,103.76583862304688,0.1495673656463623,6.566666666666666,0.0679708449764522,0.018880790271236722,0.05083595192928675,0.0006293596757078885
197,7,player,1654.685302734375,347.6246643066406,77.352783203125,142.24481201171875,0.34779199957847595,6.566666666666666,0.35331662811146486,0.09814350780874023,0.26424840133611077,0.0032714502602913297
197,8,player,1695.61181640625,164.7736358642578,45.9725341796875,70.74533081054688,0.254658967256546,6.566666666666666,0.06407781075515992,0.01779939187643331,0.04792431973461202,0.0005933130625477748
197,31,player,861.14697265625,200.77691650390625,79.858154296875,122.59590148925781,0.41833215951919556,6.566666666666666,6.5780407652255395,1.8272335458959832,4.919770590548696,0.06090778486319922
198,1,player,1525.2421875,138.24142456054688,43.1993408203125,119.01912689208984,0.6853567361831665,6.6,0.10634024849010672,0.029538957913918532,0.07953274322636851,0.0009846319304639476
198,2,player,1208.62744140625,742.9111938476562,104.213134765625,195.4171142578125,0.793336033821106,6.6,5.013843926960044,1.392734424155568,3.7498949577600347,0.04642448080518543
198,3,player,405.34808349609375,128.97775268554688,41.446136474609375,132.8714141845703,0.4374672770500183,6.6,0.10454329659812389,0.02903980461058997,0.0781887881816471,0.0009679934870196622
198,5,player,214.02224731445312,438.36029052734375,57.276275634765625,119.67550659179688,0.3169420659542084,6.6,0.08072709806320849,0.0224241939064468,0.06037645814104292,0.0007474731302148908
198,6,player,61.34491729736328,375.5891418457031,57.453277587890625,103.69921875,0.1481730341911316,6.6,0.39029771433776334,0.10841603176048982,0.2919068587577334,0.0036138677253496477
198,7,player,1654.65869140625,347.5078430175781,77.1251220703125,142.2314453125,0.36246541142463684,6.6,0.1601987046384134,0.044499640177337055,0.11981392391037278,0.0014833213392445631
198,8,player,1695.53759765625,164.77395629882812,45.6961669921875,70.78799438476562,0.25763675570487976,6.6,0.09923603230058359,0.027565564527939884,0.0742194417243646,0.0009188521509313262
199,1,player,1525.2454833984375,138.2555389404297,43.17236328125,119.08554077148438,0.6890836358070374,6.633333333333334,0.019379505181937907,0.005383195883871641,0.014494090726453216,0.0001794398627957255
199,2,player,1199.533935546875,741.118896484375,100.2362060546875,194.14923095703125,0.7636890411376953,6.633333333333334,12.392497883873993,3.442360523298331,9.268450714812717,0.11474535077661369
199,3,player,405.26690673828125,128.8653564453125,41.51361083984375,133.10475158691406,0.45268604159355164,6.633333333333334,0.18537772853454682,0.05149381348181856,0.13864552220599344,0.0017164604493939916
199,5,player,214.008056640625,438.47686767578125,57.13887023925781,119.88278198242188,0.31824538111686707,6.633333333333334,0.15702150707220716,0.04361708529783532,0.11743767181579827,0.0014539028432612108
199,6,player,61.286376953125,375.55419921875,57.31204605102539,103.87344360351562,0.15299208462238312,6.633333333333334,0.09115549559093523,0.02532097099748201,0.06817594210512772,0.0008440323665827531
199,7,player,1654.5748291015625,347.400390625,77.0068359375,142.06588745117188,0.3597117066383362,6.633333333333334,0.1822475673463013,0.05062432426286147,0.13630444900392127,0.0016874774754287545
199,8,player,1695.487548828125,164.7668914794922,45.5518798828125,70.83163452148438,0.2612742483615875,6.633333333333334,0.06758182199831446,0.018772728332865127,0.050544998456179886,0.0006257576110955187
199,31,player,889.5567016601562,200.86651611328125,89.540771484375,112.1964111328125,0.4251490831375122,6.633333333333334,18.99288610049718,5.27580169458255,28.409870294765376,0.3517201129721734
200,1,player,1525.238525390625,138.21109008789062,43.181640625,119.16499328613281,0.6878600716590881,6.666666666666667,0.060154653842543766,0.01670962606737327,0.04499015853226274,0.000556987535579107
200,2,player,1193.3955078125,739.005859375,92.6773681640625,194.48858642578125,0.7295017242431641,6.666666666666667,8.680122926565897,2.411145257379416,6.491935064042157,0.08037150857931358
200,3,player,405.2820129394531,128.78440856933594,41.609619140625,133.24072265625,0.45634710788726807,6.666666666666667,0.11010087362677128,0.030583576007436466,0.08234534558165447,0.0010194525335812119
200,5,player,214.04547119140625,438.3382568359375,57.09617614746094,119.545654296875,0.3121238052845001,6.666666666666667,0.19196424529113332,0.05332340146975925,0.14357163205993184,0.0017774467156586355
200,6,player,61.34442138671875,375.6540222167969,57.174468994140625,103.68463134765625,0.1529521942138672,6.666666666666667,0.15439330662621334,0.042887029618392594,0.11547201916605453,0.0014295676539464147
200,7,player,1654.389892578125,347.42584228515625,76.8280029296875,142.12411499023438,0.35191458463668823,6.666666666666667,0.2496024060179024,0.06933400167163956,0.18667968477008479,0.0023111333890546435
200,8,player,1695.485595703125,164.8143310546875,45.5279541015625,70.97856140136719,0.26109030842781067,6.666666666666667,0.06348341198819252,0.017634281107831256,0.04747976402613364,0.0005878093702610398
200,31,player,892.1731567382812,202.84280395507812,85.2298583984375,110.69374084472656,0.5805349349975586,6.666666666666667,4.384168772285029,1.2178246589680635,3.278955749850896,0.04059415529893531
201,1,player,1525.236572265625,138.22840881347656,43.1163330078125,119.19922637939453,0.6877877116203308,6.7,0.023303006859066777,0.006473057460851883,0.01742850978100627,0.0002157685820283953
201,2,player,1192.27685546875,739.2012939453125,80.1822509765625,199.0941162109375,0.8026843667030334,6.7,1.5183625101646945,0.4217673639346374,1.1355957632232518,0.01405891213115453
201,3,player,405.25750732421875,128.7535858154297,41.632720947265625,133.26675415039062,0.4580443501472473,6.7,0.052649836158808104,0.014624954488557806,0.03937724389010081,0.00048749848295192514
201,5,player,214.07183837890625,438.30859375,57.01606750488281,119.45489501953125,0.3172864019870758,6.7,0.05306516636849076,0.014740323991247434,0.03968787275725,0.0004913441330415794
201,6,player,61.27843475341797,375.76727294921875,57.1646614074707,103.45547485351562,0.15160107612609863,6.7,0.17525194046650716,0.04868109457402977,0.1310723623364701,0.0016227031524676532
201,7,player,1654.2303466796875,347.60748291015625,77.2001953125,142.48733520507812,0.35051020979881287,6.7,0.3232490948603224,0.08979141523897843,0.24176064683612114,0.002993047174632604
201,8,player,1695.486572265625,164.89730834960938,45.7109375,70.95736694335938,0.2729302644729614,6.7,0.11095351268614262,0.030820420190595173,0.08298304132091225,0.001027347339686502
201,31,player,897.4395751953125,203.99366760253906,84.99591064453125,112.40744018554688,0.7464425563812256,6.7,7.2077033160040305,2.0021398100011196,5.390700371900344,0.06673799366670374
202,1,player,1525.2333984375,138.2203369140625,43.0628662109375,119.13385772705078,0.691504180431366,6.733333333333333,0.011596945527997548,0.0032213737577770963,0.008673450588882348,0.00010737912525923616
202,2,player,1190.568359375,735.970947265625,77.013427734375,200.16058349609375,0.7844529747962952,6.733333333333333,4.886062268177962,1.3572395189383228,3.654326008079611,0.045241317297943937
202,3,player,405.2161865234375,128.75100708007812,41.59814453125,133.2340850830078,0.4602765440940857,6.733333333333333,0.0553559773093519,0.01537666036370886,0.04140118903144146,0.0005125553454569602
202,5,player,214.0912628173828,438.08172607421875,56.80596923828125,119.04293823242188,0.31682872772216797,6.733333333333333,0.3044460810778231,0.08456835585495086,0.22769771875123415,0.0028189451951650185
202,6,player,61.57854080200195,375.923095703125,56.75275421142578,103.00189208984375,0.14675408601760864,6.733333333333333,0.45212560559018417,0.12559044599727337,0.33814844525980087,0.004186348199909097
202,7,player,1654.2838134765625,347.64324951171875,77.66552734375,142.47857666015625,0.351787269115448,6.733333333333333,0.08600906589979464,0.0238914071943874,0.0643268851678918,0.0007963802398129105
202,8,player,1695.45947265625,165.09442138671875,46.0196533203125,71.08421325683594,0.2800334692001343,6.733333333333333,0.26603155346102686,0.07389765373917412,0.19896717876765363,0.0024632551246391286
202,31,player,904.51220703125,203.69207763671875,81.53765869140625,115.66654968261719,0.633980393409729,6.733333333333333,9.465144444002666,2.6292067900007408,7.07905908961072,0.08764022633335772
203,1,player,1525.285400390625,138.2463836669922,42.992919921875,119.0650405883789,0.6889098882675171,6.766666666666667,0.07776413969820914,0.021601149916169207,0.05816043730058158,0.000720038330538971
203,2,player,1189.1220703125,732.4931640625,77.6025390625,202.20159912109375,0.7976452708244324,6.766666666666667,5.036082436206656,1.3989117878351822,3.766527321053906,0.04663039292783924
203,3,player,405.1886901855469,128.61691284179688,41.71044921875,133.47125244140625,0.448788046836853,6.766666666666667,0.18302287292113995,0.050839686922538874,0.13688430639640203,0.0016946562307512897
203,5,player,214.16726684570312,437.96148681640625,56.598358154296875,118.83737182617188,0.3156258165836334,6.766666666666667,0.19019257688791794,0.052831271357754984,0.14224658674363932,0.0017610423785918265
203,6,player,61.14653778076172,375.8163146972656,57.64418029785156,103.2294921875,0.15876047313213348,6.766666666666667,0.5949985116235389,0.16527736433987192,0.4450042624211933,0.005509245477995711
203,7,player,1654.272216796875,347.79193115234375,78.04150390625,142.56411743164062,0.34679391980171204,6.766666666666667,0.19940041772648479,0.05538900492402355,0.1491332063583296,0.0018463001641341118
203,8,player,1695.45849609375,165.21456909179688,46.2615966796875,71.14241027832031,0.2797631621360779,6.766666666666667,0.16065029731079117,0.044625082586330876,0.12015167377051603,0.0014875027528776907
203,31,player,913.4639892578125,201.95443725585938,75.84320068359375,117.20692443847656,0.48295295238494873,6.766666666666667,12.192499782717434,3.386805495199287,9.118870496119209,0.1128935165066425
204,1,player,1525.277099609375,138.22677612304688,42.9971923828125,118.8516616821289,0.6857350468635559,6.8,0.028469032558445233,0.00790806459956812,0.02129222273337644,0.0002636021533189364
204,2,player,1185.5535888671875,724.8547973632812,79.613525390625,195.4722900390625,0.7988482713699341,6.8,11.272531663268987,3.131258795352496,8.430818801117335,0.10437529317841616
204,3,player,405.1820373535156,128.71713256835938,41.746826171875,133.26791381835938,0.4472034275531769,6.8,0.13429495796784832,0.037304154991068976,0.10044029951318492,0.001243471833035628
204,5,player,214.16632080078125,437.877197265625,56.502471923828125,118.83905029296875,0.3024595379829407,6.8,0.1127074958480793,0.031307637735577584,0.0842948597003348,0.001043587924519249
204,6,player,60.84943771362305,375.7637939453125,58.42542266845703,103.34182739257812,0.157089963555336,6.8,0.40340059592122046,0.1120557210892279,0.30170661126253934,0.00373519070297425
204,7,player,1654.3441162109375,347.907470703125,78.067138671875,142.64385986328125,0.3464580178260803,6.8,0.1819531005469758,0.0505425279297155,0.13608421487176192,0.0016847509309905109
204,8,player,1695.4298095703125,165.15200805664062,46.18896484375,70.98722839355469,0.2687484323978424,6.8,0.09202254094873823,0.025561816930205063,0.0688244124330298,0.0008520605643401657
204,31,player,927.2364501953125,201.5652313232422,68.39324951171875,122.26742553710938,0.4601975083351135,6.8,18.42199266096967,5.1172201836026865,13.777959265905375,0.17057400612008894
205,1,player,1525.379638671875,138.1465301513672,42.8538818359375,119.06261444091797,0.6858916878700256,6.833333333333333,0.1740939340356118,0.048359426121003274,0.13020627983778707,0.0016119808707001034
205,2,player,1179.444091796875,714.9755859375,77.413330078125,180.15582275390625,0.8028135895729065,6.833333333333333,15.530933362288502,4.3141481561912505,11.615712326303704,0.14380493853970783
205,3,player,405.1634521484375,128.71084594726562,41.809783935546875,133.3574981689453,0.4455653131008148,6.833333333333333,0.026232725076056243,0.007286868076682289,0.019619670042392297,0.00024289560255607545
205,5,player,214.21487426757812,437.79376220703125,56.50205993652344,118.7744140625,0.2906952202320099,6.833333333333333,0.12907223365476506,0.03585339823743473,0.09653418120302124,0.0011951132745811534
205,6,player,60.40813064575195,375.7396240234375,59.137290954589844,103.43038940429688,0.1641005575656891,6.833333333333333,0.5909394444309777,0.16414984567527158,0.4419684528067877,0.0054716615225090335
205,7,player,1654.28076171875,347.80242919921875,77.1016845703125,142.44210815429688,0.34198445081710815,6.833333333333333,0.16401516968989638,0.045559769358304546,0.12266828939551873,0.001518658978610146
205,8,player,1695.4595947265625,165.1779327392578,46.1484375,70.80303955078125,0.2638314962387085,6.833333333333333,0.05279695149272712,0.014665819859090866,0.039487272653841485,0.0004888606619696938
205,31,player,935.8521118164062,212.06304931640625,60.3797607421875,99.62855529785156,0.44761577248573303,6.833333333333333,18.15816569954664,5.043934916540733,13.58064091958796,0.16813116388469052
206,1,player,1525.4154052734375,138.1124267578125,42.810791015625,119.03300476074219,0.6856616139411926,6.866666666666666,0.06607701783347898,0.01835472717596638,0.04941954309052774,0.0006118242391988772
206,2,player,1175.194091796875,713.5638427734375,74.898681640625,178.78448486328125,0.8041128516197205,6.866666666666666,5.987818924574508,1.6632830346040302,4.478338839489169,0.05544276782013414
206,3,player,405.0567626953125,128.62640380859375,41.870513916015625,133.57192993164062,0.4506131112575531,6.866666666666666,0.18192460828287033,0.05053461341190842,0.13606290527396414,0.001684487113730275
206,5,player,214.201416015625,437.4302978515625,56.39460754394531,118.141357421875,0.2870473563671112,6.866666666666666,0.48630759365986964,0.1350854426832971,0.36371343423352903,0.004502848089443221
206,6,player,60.26677703857422,375.71484375,59.338592529296875,103.41775512695312,0.16055290400981903,6.866666666666666,0.19188083368164802,0.05330023157823556,0.14350924783370061,0.001776674385941179
206,7,player,1654.3203125,347.66314697265625,76.4857177734375,142.2015380859375,0.3396146297454834,6.866666666666666,0.19359170411935,0.05377547336648611,0.1447888218533908,0.001792515778882864
206,8,player,1695.3790283203125,165.36685180664062,46.1162109375,70.32565307617188,0.2509523630142212,6.866666666666666,0.27460724853269913,0.07627979125908309,0.2053810113833109,0.002542659708636094
206,31,player,945.3497314453125,214.61227416992188,70.3863525390625,91.70027160644531,0.5662990212440491,6.866666666666666,13.14838505750722,3.6523291826408943,9.83378492591571,0.12174430608802939
207,1,player,1525.438232421875,138.1378631591797,42.7156982421875,119.12928009033203,0.6863533854484558,6.9,0.04569721327298539,0.012693670353607052,0.03417732026213168,0.00042312234512024483
207,2,player,1167.989013671875,709.5869140625,74.1973876953125,172.884765625,0.7603862881660461,6.9,11.003716729289229,3.056587980358119,8.229769909252173,0.10188626601193966
207,3,player,404.9955749511719,128.60829162597656,41.96026611328125,133.75238037109375,0.4625086486339569,6.9,0.08532084019067329,0.023700233386298137,0.06381215552053494,0.0007900077795432894
207,5,player,214.30010986328125,437.21307373046875,56.30601501464844,117.79379272460938,0.28567424416542053,6.9,0.31901424257009237,0.08861506738058121,0.23859336610674498,0.002953835579352775
207,6,player,60.236942291259766,375.61163330078125,59.48029327392578,103.53128051757812,0.16829760372638702,6.9,0.1436487393376088,0.039902427593780224,0.10743606924703379,0.0013300809197927049
207,7,player,1654.383056640625,347.66851806640625,76.2886962890625,142.20004272460938,0.3447869122028351,6.9,0.08419965533376342,0.023388793148267615,0.06297361217876155,0.0007796264382756052
207,8,player,1695.332763671875,165.6752166748047,46.0692138671875,69.6605224609375,0.25361889600753784,6.9,0.41691767722604234,0.11581046589612287,0.3118161471330263,0.0038603488632041848
207,31,player,959.9371337890625,203.83425903320312,83.796142578125,111.29716491699219,0.6049119234085083,6.9,24.250566052605887,6.73626834794608,18.137197066409723,0.22454227826487452
208,1,player,1525.428466796875,138.1543426513672,42.70751953125,119.16976928710938,0.6877928972244263,6.933333333333334,0.025612376922819938,0.00711454914522776,0.01915570657528713,0.00023715163817425783
208,2,player,1163.67919921875,708.4267578125,86.2042236328125,176.0074462890625,0.7037352919578552,6.933333333333334,5.967623619873111,1.6576732277425308,4.463234605617232,0.055255774258084166
208,3,player,405.0060729980469,128.6693115234375,41.88714599609375,133.5341796875,0.45875605940818787,6.933333333333334,0.08278605646697049,0.02299612679638069,0.061916370002875844,0.0007665375598793536
208,5,player,214.43475341796875,437.0546875,56.814483642578125,117.80859375,0.28849199414253235,6.933333333333334,0.27795173762404324,0.07720881600667867,0.20788238218037092,0.002573627200222613
208,6,player,60.29542922973633,375.627197265625,59.614723205566406,103.38177490234375,0.16731686890125275,6.933333333333334,0.0809222101561409,0.02247839171003914,0.060522384074148075,0.0007492797236679686
208,7,player,1654.406982421875,347.7547302246094,76.541015625,142.361083984375,0.3453992009162903,6.933333333333334,0.11962771661050736,0.03322992128069649,0.08947054951470626,0.0011076640426898792
208,8,player,1695.380126953125,166.0709686279297,46.1688232421875,69.37362670898438,0.25675466656684875,6.933333333333334,0.5329211253773416,0.14803364593815044,0.3985760765688513,0.004934454864604997
208,31,player,970.7584838867188,201.172119140625,84.7174072265625,113.66011047363281,0.5225334763526917,6.933333333333334,14.900216745881446,4.138949096078179,11.143994200631154,0.13796496986927215
209,1,player,1525.44677734375,138.1358184814453,42.6856689453125,119.27640533447266,0.6909900307655334,6.966666666666667,0.034825819861307734,0.00967383885036326,0.0260465160464134,0.00032246129501210753
209,2,player,1160.625244140625,707.661865234375,93.05126953125,178.6524658203125,0.7223623991012573,6.966666666666667,4.209454626964596,1.1692929519346098,3.1482856089110123,0.03897643173115352
209,3,player,405.0013427734375,128.67874145507812,41.85302734375,133.48468017578125,0.4643947184085846,6.966666666666667,0.01410576449412309,0.003918267915034191,0.0105498168515855,0.00013060893050113924
209,5,player,214.4780731201172,437.083984375,57.107208251953125,118.385498046875,0.2915278673171997,6.966666666666667,0.06992342782265991,0.019423174395183308,0.052296304639954876,0.000647439146506108
209,6,player,59.66443634033203,375.4889831542969,61.12672424316406,103.75439453125,0.17966730892658234,6.966666666666667,0.8636794180170828,0.23991094944918967,0.6459529139565875,0.007997031648306294
209,7,player,1654.5482177734375,347.8493347167969,76.5703125,142.517822265625,0.3507869243621826,6.966666666666667,0.2272905357469836,0.06313625992971766,0.1699924541649944,0.002104541997657248
209,8,player,1695.402099609375,166.17446899414062,46.2427978515625,69.34840393066406,0.2549043297767639,6.966666666666667,0.1414705857083251,0.039297384918979196,0.10580701029931257,0.0013099128306326353
209,31,player,978.27001953125,199.0234375,77.76434326171875,116.68707275390625,0.5797512531280518,6.966666666666667,10.446215307909199,2.9017264744192217,7.81281002788513,0.09672421581397371
210,1,player,1525.430419921875,138.08387756347656,42.7369384765625,119.21503448486328,0.6861488819122314,7.0,0.07281068601140919,0.020225190558724775,0.05445570869829117,0.0006741730186241568
210,2,player,1157.0010986328125,706.404541015625,102.633544921875,182.4384765625,0.757645845413208,7.0,5.129041260894024,1.4247336835816733,3.8360519877672177,0.047491122786055606
210,3,player,405.0057067871094,128.69236755371094,41.88250732421875,133.44813537597656,0.4555959701538086,7.0,0.019130518083245666,0.005314032800901574,0.014307871235073603,0.0001771344266967185
210,5,player,214.4695281982422,436.84307861328125,57.22613525390625,118.2342529296875,0.29415950179100037,7.0,0.32230862025942303,0.08953017229428417,0.2410572581756065,0.0029843390764761283
210,6,player,59.70981216430664,375.64697265625,61.08544158935547,103.44802856445312,0.17251922190189362,7.0,0.21978171250160647,0.06105047569489069,0.16437654373045815,0.002035015856496349
210,7,player,1654.452880859375,347.7222900390625,76.2254638671875,142.28604125976562,0.3562746047973633,7.0,0.2123761948166653,0.058993387449073696,0.15883789637108553,0.0019664462483024495
210,8,player,1695.304931640625,165.84078979492188,46.1243896484375,69.7579345703125,0.254563570022583,7.0,0.46468149041754153,0.12907819178265043,0.34753909440848124,0.004302606392754999
210,31,player,989.434814453125,197.07952880859375,61.05352783203125,118.56385803222656,0.43923866748809814,7.0,15.152607086098898,4.209057523916361,11.332759004234164,0.14030191746387818
211,1,player,1525.433837890625,138.0840301513672,42.7122802734375,119.33755493164062,0.6864200830459595,7.033333333333333,0.004574589582772781,0.0012707193285479946,0.003421373034374058,4.235731095159967e-05
211,2,player,1153.189697265625,702.0995483398438,109.57373046875,184.15576171875,0.7472215294837952,7.033333333333333,7.687788743090138,2.135496873080594,5.749760196767249,0.07118322910268621
211,3,player,405.0646667480469,129.02842712402344,41.75396728515625,132.8388671875,0.4637720584869385,7.033333333333333,0.4561956769202521,0.12672102136673669,0.3411924849588186,0.004224034045557874
211,5,player,214.41799926757812,436.9308776855469,57.23338317871094,118.4381103515625,0.30315276980400085,7.033333333333333,0.13611734785044566,0.037810374402901574,0.10180327983953269,0.0012603458134300479
211,6,player,59.35070037841797,375.8468017578125,61.804412841796875,102.86941528320312,0.16500604152679443,7.033333333333333,0.5494870507760933,0.15263529188224814,0.41096586792022916,0.005087843062741587
211,7,player,1654.2884521484375,347.6067199707031,75.195556640625,142.1107177734375,0.37143924832344055,7.033333333333333,0.268723756889951,0.07464548802498638,0.20098069977278551,0.002488182934166204
211,8,player,1695.2821044921875,165.39353942871094,46.010986328125,70.6763916015625,0.24719296395778656,7.033333333333333,0.5987800729703809,0.16632779804732803,0.4478325231396279,0.0055442599349109145
211,31,player,1002.7861328125,195.6624755859375,50.94451904296875,113.99497985839844,0.5834604501724243,7.033333333333333,17.951812704151337,4.9866146400420375,13.426307823419826,0.16622048800140066
212,1,player,1525.38818359375,138.11187744140625,42.7254638671875,119.43046569824219,0.6908330917358398,7.066666666666666,0.0715020520168272,0.019861681115785332,0.053476970610444124,0.0006620560371928421
212,2,player,1147.254150390625,699.1349487304688,113.873046875,186.8243408203125,0.741935670375824,7.066666666666666,8.871041161362392,2.464178100378442,6.634724376281857,0.08213927001261444
212,3,player,405.073974609375,129.0505828857422,41.742889404296875,132.83624267578125,0.46883469820022583,7.066666666666666,0.03213164716802144,0.008925457546672623,0.02403152221232839,0.00029751525155575305
212,5,player,214.5147705078125,436.71783447265625,57.217620849609375,118.06448364257812,0.293283075094223,7.066666666666666,0.31286143545884226,0.08690595429412284,0.23399163125047717,0.002896865143137418
212,6,player,59.66301345825195,375.9680480957031,61.29204559326172,102.40289306640625,0.16101831197738647,7.066666666666666,0.4479461387026954,0.12442948297297095,0.33502258772697147,0.00414764943243235
212,7,player,1654.094970703125,347.5958251953125,74.7972412109375,142.12979125976562,0.37508687376976013,7.066666666666666,0.25910658794568725,0.07197405220713535,0.19378794031369986,0.0023991350735711697
212,8,player,1695.323974609375,165.0989990234375,45.9932861328125,71.61882019042969,0.26838022470474243,7.066666666666666,0.3977781320391134,0.11049392556642038,0.2975015244531291,0.0036831308522139996
212,31,player,1008.435791015625,199.14044189453125,56.851318359375,112.03131103515625,0.6031623482704163,7.066666666666666,8.870569571034748,2.464047103065208,6.6343716700114745,0.08213490343550664
213,1,player,1525.40234375,138.14279174804688,42.7205810546875,119.3840103149414,0.6936867237091064,7.1,0.04546414348357956,0.012628928745438766,0.03400300545679757,0.00042096429151462403
213,2,player,1141.7261962890625,692.82421875,106.166748046875,184.04425048828125,0.7331366539001465,7.1,11.217276216431236,3.1159100601197878,8.389492799649378,0.10386366867065923
213,3,player,405.08782958984375,129.09779357910156,41.676422119140625,132.7440185546875,0.47812601923942566,7.1,0.06578578562167649,0.018273829339354578,0.04920172813288552,0.0006091276446451504
213,5,player,214.59320068359375,436.58221435546875,57.014434814453125,117.78146362304688,0.2984044849872589,7.1,0.2094716921246095,0.058186581145724864,0.1566655950074202,0.0019395527048574886
213,6,player,60.49553298950195,376.248046875,59.53246307373047,101.62557983398438,0.1366225928068161,7.1,1.1744007514199912,0.32622243094999753,0.8783439453428593,0.010874081031666545
213,7,player,1654.12158203125,347.5570983886719,74.7408447265625,142.031005859375,0.3794696629047394,7.1,0.06282669224438837,0.01745185895677455,0.04698859794840417,0.0005817286318924829
213,8,player,1695.345458984375,164.72613525390625,45.87548828125,71.92762756347656,0.26916688680648804,7.1,0.49936907139104697,0.1387136309419575,0.3734822204579406,0.004623787698065233
213,31,player,1019.61669921875,200.1318359375,67.53662109375,106.2889404296875,0.5688904523849487,7.1,15.008225520611935,4.168951533503315,11.224774848305058,0.13896505111677668
214,1,player,1525.4189453125,138.10580444335938,42.679443359375,119.53436279296875,0.699824333190918,7.133333333333334,0.05420749823749824,0.015057638399305066,0.04054223212265656,0.0005019212799768472
214,2,player,1133.4884033203125,684.4967041015625,97.010498046875,177.85888671875,0.8421755433082581,7.133333333333334,15.66183289310553,4.350509136973758,11.713613158028059,0.14501697123246196
214,3,player,405.05487060546875,129.11349487304688,41.6165771484375,132.5699920654297,0.46614307165145874,7.133333333333334,0.04881331694530924,0.013559254707030345,0.03650787973285495,0.000451975156901022
214,5,player,214.6123809814453,436.34368896484375,56.922119140625,117.72161865234375,0.29703405499458313,7.133333333333334,0.3199527865736667,0.08887577404824075,0.23929531085770045,0.0029625258016080934
214,6,player,60.686851501464844,376.34991455078125,59.230072021484375,101.53897094726562,0.1276319921016693,7.133333333333334,0.28980593391588294,0.08050164830996748,0.21674823272351862,0.002683388276998978
214,7,player,1654.2711181640625,347.39288330078125,74.812255859375,141.82608032226562,0.3779676556587219,7.133333333333334,0.2969592939295193,0.08248869275819981,0.2220982892942747,0.002749623091940057
214,8,player,1695.244140625,164.58782958984375,45.6837158203125,71.99491882324219,0.29290294647216797,7.133333333333334,0.2292345466833779,0.06367626296760497,0.1714463958740771,0.0021225420989202147
214,31,player,1035.1524658203125,197.51365661621094,91.65838623046875,112.86334228515625,0.6147836446762085,7.133333333333334,21.065202508419265,5.851445141227574,15.754837569986258,0.19504817137425695
