frame_id,track_id,center_x,center_y,width,height,timestamp,speed_kmh,distance_meters
1,1,1525.029541015625,137.45889282226562,42.58447265625,118.64148712158205,0.0333333333333333,0.0,0.0
1,2,562.0750732421875,839.8727416992188,151.28424072265625,184.339599609375,0.0333333333333333,0.0,0.0
1,3,405.4011840820313,129.67356872558594,43.55587768554688,134.02056884765625,0.0333333333333333,0.0,0.0
1,4,1068.23046875,254.8124237060547,77.901123046875,100.03665161132812,0.0333333333333333,0.0,0.0
1,5,211.52618408203125,440.14654541015625,49.85298156738281,122.13400268554688,0.0333333333333333,0.0,0.0
1,6,55.8515739440918,372.7396240234375,70.80797576904297,108.07327270507812,0.0333333333333333,0.0,0.0
1,7,1651.0797119140625,342.1944580078125,70.8193359375,128.162109375,0.0333333333333333,0.0,0.0
1,8,1695.195068359375,167.25439453125,45.9276123046875,65.16000366210938,0.0333333333333333,0.0,0.0
2,1,1525.0078125,137.49337768554688,42.5347900390625,118.72988891601562,0.0666666666666666,0.054497955447115734,0.0005046106985844049
2,2,561.5390014648438,840.6416015625,151.73263549804688,184.411376953125,0.0666666666666666,1.2532195158045059,0.011603884405597275
2,3,405.3446044921875,129.63059997558594,43.498291015625,134.00860595703125,0.0666666666666666,0.0949932185293629,0.0008795668382348416
2,4,1069.17138671875,255.80487060546875,81.3507080078125,102.68743896484376,0.0666666666666666,1.8285411146333932,0.01693093624660549
2,5,211.42388916015625,440.6243896484375,50.46647644042969,123.45819091796876,0.0666666666666666,0.6533836974738636,0.006049849050683922
2,6,55.77169799804688,372.7702331542969,71.02348327636719,108.11236572265624,0.0666666666666666,0.11437227973678799,0.0010590025901554443
2,7,1651.005126953125,342.1602783203125,71.1258544921875,128.08529663085938,0.0666666666666666,0.10969754424973102,0.0010157180023123242
2,8,1695.22998046875,166.75616455078125,46.3775634765625,66.34538269042969,0.0666666666666666,0.667798096047262,0.006183315704141315
3,1,1524.956298828125,137.65478515625,42.662353515625,119.00083923339844,0.1,0.22653654656255648,0.0020975606163199673
3,2,575.28369140625,840.6912841796875,170.35556030273438,183.8363037109375,0.1,18.37762955365888,0.17016323660795257
3,3,405.18499755859375,129.08248901367188,43.26583862304688,134.78843688964844,0.1,0.7632975855402273,0.007067570236483587
3,4,1068.7125244140625,255.78857421875,78.35693359375,98.89509582519533,0.1,0.6139143790414785,0.005684392398532208
3,5,210.90802001953125,441.1284790039063,50.99803161621094,124.1533203125,0.1,0.9643799510152561,0.008929443990882
3,6,56.105987548828125,372.86767578125,70.23504638671875,108.13101196289062,0.1,0.4655677147177073,0.004310812173312104
3,7,1650.94580078125,342.0722045898437,70.783203125,127.9515380859375,0.1,0.1419843073012852,0.0013146695120489368
3,8,1695.2265625,166.83810424804688,45.95166015625,65.83110046386719,0.1,0.10965377054979089,0.0010153126902758415
4,1,1524.9154052734375,137.6959228515625,42.67431640625,119.12118530273438,0.1333333333333333,0.07755645744114172,0.000718115346677238
4,2,587.5458984375,839.8145751953125,179.12399291992188,183.12664794921875,0.1333333333333333,16.43718859324178,0.1521961906781646
4,3,405.0989379882813,129.01495361328125,43.08282470703125,134.42791748046875,0.1333333333333333,0.14626803727500862,0.0013543336784723019
4,4,1068.4691162109375,256.08746337890625,73.992919921875,97.93882751464844,0.1333333333333333,0.5153890920099935,0.004772121222314754
4,5,211.0800018310547,441.6677551269531,50.737396240234375,124.59832763671876,0.1333333333333333,0.7568251869194169,0.00700764061962423
4,6,56.47432708740234,372.9944458007813,69.75770568847656,108.10269165039062,0.1333333333333333,0.5208448900413731,0.004822637870753455
4,7,1652.0849609375,343.1912536621094,71.1707763671875,128.69305419921875,0.1333333333333333,2.135099458525118,0.01976943943078813
4,8,1695.2769775390625,166.85272216796875,46.091796875,65.52265930175781,0.1333333333333333,0.07018444391017269,0.0006498559621312285
5,1,1524.906982421875,137.67974853515625,42.6602783203125,119.09999084472656,0.1666666666666666,0.024382717342256114,0.00022576590131718623
5,2,591.730712890625,839.105224609375,170.83465576171875,182.540771484375,0.1666666666666666,5.675172808319882,0.05254789637333224
5,3,405.0467529296875,128.98294067382812,43.07003784179688,134.2674102783203,0.1666666666666666,0.08185737118943187,0.0007579386221243692
5,4,1070.05517578125,255.8793182373047,70.2049560546875,99.05667114257812,0.1666666666666666,2.1388442473578033,0.019804113401461144
5,5,210.76968383789065,442.0939331054688,50.61433410644531,124.97662353515624,0.1666666666666666,0.7048804379369681,0.0065266707216385935
5,6,56.515586853027344,372.9537963867188,69.71438598632812,108.37808227539062,0.1666666666666666,0.07744285302263451,0.0007170634539132825
5,7,1651.335693359375,342.580078125,70.8345947265625,128.36602783203125,0.1666666666666666,1.29283465345258,0.011970691235672038
5,8,1695.2236328125,166.51254272460938,45.9949951171875,65.92582702636719,0.1666666666666666,0.46039959297407035,0.004262959194204355
6,1,1524.8524169921875,137.71212768554688,42.791259765625,119.23416900634766,0.2,0.08483548819671742,0.0007855137795992354
6,2,607.0652465820312,837.046875,178.6656494140625,186.11126708984372,0.2,20.687114939877496,0.19154736055442126
6,3,404.49798583984375,128.44955444335938,43.21929931640625,134.7884063720703,0.2,1.0232208227802067,0.009474266877594506
6,4,1070.822509765625,256.0094909667969,64.2222900390625,102.5977020263672,0.2,1.040631872463488,0.00963548030058785
6,5,211.03372192382807,441.490234375,50.8258056640625,123.55078125,0.2,0.8810098176068005,0.008157498311174079
6,6,56.09358215332031,372.928955078125,70.70851135253906,108.3902587890625,0.2,0.5652233957934735,0.00523354996105068
6,7,1650.974365234375,342.39031982421875,70.661865234375,128.32369995117188,0.2,0.5456889784525114,0.005052675726412143
6,8,1695.30810546875,166.60797119140625,46.1021728515625,65.34947204589844,0.2,0.17040189833574132,0.0015777953549605678
7,1,1524.840576171875,137.64295959472656,42.8184814453125,119.38558959960938,0.2333333333333333,0.0938274005377858,0.0008687722272017203
7,2,624.8734130859375,833.909912109375,170.39764404296875,190.36138916015625,0.2333333333333333,24.177230207096446,0.2238632426583004
7,3,404.7843017578125,128.64889526367188,43.172607421875,134.87030029296875,0.2333333333333333,0.46646730007877113,0.0043191416673960285
7,4,1072.6593017578125,254.58572387695312,57.1005859375,103.05274963378906,0.2333333333333333,3.107316435612926,0.028771448477897463
7,5,211.2118225097656,441.3023071289063,51.13087463378906,123.11480712890624,0.2333333333333333,0.34618422372411684,0.0032054094789270076
7,6,55.81650161743164,373.1419677734375,71.05799102783203,108.369384765625,0.2333333333333333,0.4672991005803934,0.004326843523892532
7,7,1650.82861328125,342.3267822265625,70.599365234375,128.28536987304688,0.2333333333333333,0.21259150017683454,0.0019684398164521717
7,8,1695.343994140625,166.455322265625,46.0582275390625,65.44270324707031,0.2333333333333333,0.20966611446665168,0.0019413529117282562
8,1,1524.751708984375,137.8011016845703,43.0244140625,119.12779998779295,0.2666666666666666,0.24254438166629785,0.00224578131172498
8,2,635.3170166015625,833.0433349609375,168.9161376953125,192.81829833984372,0.2666666666666666,14.01173945749647,0.1297383283101525
8,3,404.9235229492188,128.85440063476562,43.13946533203125,134.81309509277344,0.2666666666666666,0.33189058052903275,0.0030730609308243775
8,4,1071.05908203125,254.47747802734372,52.1396484375,105.20579528808594,0.2666666666666666,2.1444833353543555,0.019856327179206996
8,5,211.24136352539065,441.3330993652344,51.07209777832031,123.05255126953124,0.2666666666666666,0.05705409445135932,0.000528278652327401
8,6,55.37607192993164,373.0974731445313,71.80420684814453,108.6881103515625,0.2666666666666666,0.5918794998022839,0.005480365738910036
8,7,1650.74658203125,342.177001953125,70.535400390625,128.049072265625,0.2666666666666666,0.22833354309397855,0.002114199473092394
8,8,1695.434814453125,166.5154571533203,45.9522705078125,65.366455078125,0.2666666666666666,0.14563878560055785,0.0013485072740792394
9,1,1524.786865234375,137.74563598632812,43.1817626953125,119.28907775878906,0.3,0.0878034355003992,0.0008129947731518443
9,2,654.1489868164062,831.41357421875,158.5894775390625,193.27142333984372,0.3,25.273637024488625,0.23401515763415395
9,3,404.9513244628906,128.77236938476562,43.0081787109375,135.0054473876953,0.3,0.11580883418102697,0.001072304020194694
9,4,1070.55908203125,255.33724975585935,46.7728271484375,107.742431640625,0.3,1.3298277531061924,0.012313219936168447
9,5,211.35870361328125,441.8670654296875,50.98524475097656,124.13619995117188,0.3,0.7309813185785461,0.006768345542393945
9,6,55.00935363769531,373.06732177734375,72.13119506835938,109.00338745117188,0.3,0.4919797929162465,0.004555368452928209
9,7,1650.772705078125,341.79931640625,70.5447998046875,127.39816284179688,0.3,0.5061956626237392,0.004686996876145733
9,8,1695.544921875,165.9573516845703,45.71337890625,65.8885498046875,0.3,0.7606056738402528,0.007042645128150489
10,1,1524.755126953125,137.98118591308594,43.2410888671875,119.10199737548828,0.3333333333333333,0.31779105758891213,0.002942509792489927
10,2,668.5306396484375,828.169921875,159.78228759765625,192.61273193359372,0.3333333333333333,19.71218409559652,0.18252022310737517
10,3,404.987548828125,128.6848602294922,42.876983642578125,135.03695678710938,0.3333333333333333,0.12663370320141515,0.001172534288901992
10,4,1071.3963623046875,254.33181762695312,45.056884765625,106.44026184082033,0.3333333333333333,1.7494235411081709,0.016198366121371953
10,5,211.3550720214844,442.8946533203125,51.13909912109375,126.0048828125,0.3333333333333333,1.3739578141696853,0.01272183161268227
10,6,54.588134765625,372.8747253417969,72.93299865722656,109.28961181640624,0.3333333333333333,0.6192760897367685,0.005734037867933041
10,7,1650.94189453125,341.9410400390625,70.935302734375,127.6651611328125,0.3333333333333333,0.2950962643252098,0.002732372817826017
10,8,1695.708251953125,165.83920288085938,45.678466796875,66.11634826660156,0.3333333333333333,0.26952956192483324,0.0024956440918966036
11,1,1524.749267578125,137.90463256835938,43.2138671875,119.2469253540039,0.3666666666666666,0.10265598832953272,0.0009505184104586363
11,2,675.231689453125,827.1107788085938,163.03155517578125,194.8763427734375,0.3666666666666666,9.070946996524036,0.08399024996781514
11,3,404.87396240234375,128.55117797851562,42.92697143554688,135.32814025878906,0.3666666666666666,0.23454995784335175,0.0021717588689199236
11,4,1071.939697265625,254.24420166015625,47.5098876953125,108.25599670410156,0.3666666666666666,0.7358575883486955,0.006813496188413847
11,5,211.1495361328125,443.21771240234375,51.17488098144531,126.57156372070312,0.3666666666666666,0.5119608157356133,0.0047403779234779
11,6,54.879669189453125,372.7244567871094,72.3507080078125,109.422119140625,0.3666666666666666,0.43853399520270586,0.00406049995558061
11,7,1651.2379150390625,342.0357666015625,71.2236328125,127.88278198242188,0.3666666666666666,0.41556896829099177,0.0038478608175091826
11,8,1695.888427734375,165.5882568359375,45.77392578125,66.83255004882812,0.3666666666666666,0.4130576030268291,0.0038246074354336026
12,1,1524.816650390625,137.64796447753906,43.1146240234375,119.54863739013672,0.4,0.35481052003176805,0.003285282592886741
12,2,678.4172973632812,825.302490234375,160.1502685546875,197.38043212890625,0.4,4.897739570167083,0.045349440464510025
12,3,404.91937255859375,128.58900451660156,42.99810791015625,135.543212890625,0.4,0.079021742952372,0.0007316828051145556
12,4,1072.963623046875,254.26876831054688,52.7633056640625,108.63365173339844,0.4,1.3694467525702703,0.012680062523798798
12,5,211.05514526367188,442.7735290527344,50.38691711425781,125.65203857421876,0.4,0.6071625460911942,0.005621875426770316
12,6,54.943058013916016,372.6886901855469,72.27971649169922,109.489990234375,0.4,0.0973156749671715,0.0009010710645108471
12,7,1651.3643798828125,342.0946655273437,71.1689453125,128.16009521484375,0.4,0.18653071445709749,0.001727136244973125
12,8,1695.908447265625,165.30859375,45.7725830078125,67.22752380371094,0.4,0.37488386429540155,0.0034711468916240884
13,1,1524.8758544921875,137.54495239257812,43.04443359375,119.41948699951172,0.4333333333333333,0.15886089251759086,0.0014709341899776932
13,2,681.4068603515625,822.9073486328125,149.99578857421875,195.76177978515625,0.4333333333333333,5.1218726944303326,0.047424747170651226
13,3,404.8638305664063,128.5079345703125,43.06439208984375,135.8159637451172,0.4333333333333333,0.13139487470788877,0.0012166192102582294
13,4,1073.93896484375,254.42372131347656,57.5845947265625,108.18368530273438,0.4333333333333333,1.320447923343076,0.012226369660584036
13,5,210.9317321777344,441.6309814453125,49.66361999511719,123.5096435546875,0.4333333333333333,1.5365436065574372,0.014227255616272565
13,6,54.82297897338867,372.659912109375,72.55547332763672,109.42501831054688,0.4333333333333333,0.1650996287972977,0.0015287002666416452
13,7,1651.52001953125,342.0994873046875,71.6820068359375,128.239990234375,0.4333333333333333,0.2081997790559231,0.0019277757319992879
13,8,1695.8515625,165.12237548828125,45.7406005859375,67.37359619140625,0.4333333333333333,0.26034333104092505,0.002410586398527084
14,1,1524.919189453125,137.48110961914062,43.0361328125,119.2207489013672,0.4666666666666667,0.10316906776758628,0.0009552691459961693
14,2,685.8013305664062,821.7072143554688,145.680419921875,191.7431640625,0.4666666666666667,6.090857681367867,0.0563968303830358
14,3,404.8488464355469,128.49215698242188,43.06329345703125,135.89862060546875,0.4666666666666667,0.02909321594643374,0.0002693816291336457
14,4,1074.4669189453125,255.16017150878903,60.345703125,108.41751098632812,0.4666666666666667,1.2115692989641162,0.011218234249667744
14,5,210.8270568847656,441.234130859375,49.20649719238281,122.64083862304688,0.4666666666666667,0.5487616350493082,0.005081126250456557
14,6,54.864288330078125,372.64886474609375,72.52020263671875,109.38211059570312,0.4666666666666667,0.05717419310841317,0.0005293906769297515
14,7,1651.658447265625,342.01226806640625,71.8175048828125,128.03292846679688,0.4666666666666667,0.21876170329686628,0.002025571326822836
14,8,1695.827880859375,165.0748291015625,45.70361328125,67.38587951660156,0.4666666666666667,0.07102154554922636,0.0006576069032335775
15,1,1524.939453125,137.5703887939453,43.0819091796875,119.01880645751952,0.5,0.12240796198654942,0.0011334070554310132
15,2,696.4177856445312,820.698486328125,141.2691650390625,186.85491943359372,0.5,14.2587952577553,0.1320258820162528
15,3,404.7706909179688,128.45291137695312,43.260528564453125,136.0389862060547,0.5,0.1169337599210597,0.0010827199992690711
15,4,1074.6590576171875,255.105712890625,61.65087890625,110.08563232421876,0.5,0.26702115736881693,0.002472418123785342
15,5,210.63839721679688,441.0084533691406,48.85823059082031,122.121337890625,0.5,0.39329370117629836,0.003641608344224985
15,6,54.78730392456055,372.7457885742188,72.62598419189453,109.14120483398438,0.5,0.16549802483149326,0.0015323891188101227
15,7,1651.825439453125,341.9836730957031,72.2935791015625,127.9305419921875,0.5,0.22652878522397787,0.002097488752073869
15,8,1695.642578125,164.6211395263672,45.848876953125,68.24801635742188,0.5,0.6552579422893505,0.006067203169345838
16,1,1524.963623046875,137.60769653320312,43.071044921875,119.00484466552734,0.5333333333333333,0.05943618850518562,0.0005503350787517188
16,2,711.02099609375,817.9617919921875,129.48199462890625,176.82965087890625,0.5333333333333333,19.86531362912832,0.18393808915859555
16,3,404.6781005859375,128.3514404296875,43.47686767578125,136.37521362304688,0.5333333333333333,0.1836664639035938,0.0017006154065147576
16,4,1074.977294921875,253.63018798828125,63.4718017578125,109.27336120605467,0.5333333333333333,2.0182331613979305,0.018687344087017874
16,5,210.58860778808597,441.7754211425781,49.16226196289063,123.6597900390625,0.5333333333333333,1.0276423982506886,0.009515207391210078
16,6,54.76973724365234,372.7898559570313,72.42901611328125,109.21929931640624,0.5333333333333333,0.0634298068184482,0.0005873130260967426
16,7,1651.902099609375,341.8450927734375,72.3524169921875,127.70443725585938,0.5333333333333333,0.21175155217010683,0.0019606625200935817
16,8,1695.469970703125,164.70211791992188,46.0577392578125,68.09147644042969,0.5333333333333333,0.25492288708020705,0.0023603971025945095
17,1,1524.97216796875,137.6090850830078,43.0789794921875,118.9280014038086,0.5666666666666667,0.011574958666058538,0.00010717554320424572
17,2,721.28564453125,816.3582763671875,109.28619384765624,171.55303955078125,0.5666666666666667,13.890932072990946,0.12861974141658283
17,3,404.6764526367188,128.3260955810547,43.5286865234375,136.4846954345703,0.5666666666666667,0.03395920519774375,0.00031443708516429395
17,4,1075.02392578125,252.91490173339844,63.7698974609375,108.41775512695312,0.5666666666666667,0.9584125774311233,0.00887419053176966
17,5,210.4151153564453,442.681884765625,49.64788818359375,125.40957641601562,0.5666666666666667,1.2339978089969945,0.01142590563886106
17,6,54.5718994140625,372.8817443847656,72.87771606445312,109.0419921875,0.5666666666666667,0.29166139032884736,0.002700568428970809
17,7,1651.943115234375,341.8471069335937,72.5701904296875,127.8197021484375,0.5666666666666667,0.05490653847704744,0.0005083938747874763
17,8,1695.407470703125,164.7024688720703,46.2752685546875,68.20980834960938,0.5666666666666667,0.08356772369982135,0.0007737752194427902
18,1,1524.97705078125,137.6503143310547,43.0198974609375,118.83332061767578,0.6,0.05551133045277065,0.0005139938004886171
18,2,735.390625,813.797607421875,75.7537841796875,165.89923095703125,0.6,19.167503268971604,0.17747688212010745
18,3,404.7215270996094,128.3778533935547,43.489013671875,136.4119110107422,0.6,0.09176748401043364,0.0008496989260225337
18,4,1075.921142578125,254.656982421875,65.4793701171875,112.32066345214844,0.6,2.620043177028665,0.024259659046561712
18,5,210.3390350341797,442.4309692382813,49.052825927734375,125.07583618164062,0.6,0.35057263017999307,0.0032460428720369728
18,6,54.37944030761719,372.8423461914063,73.1961669921875,109.03836059570312,0.6,0.26266634599908856,0.002432095796287857
18,7,1652.00341796875,341.8522644042969,73.0509033203125,127.85516357421876,0.6,0.08092287626284556,0.000749285891322644
18,8,1695.4796142578125,164.70916748046875,46.556640625,68.34201049804688,0.6,0.09687535771888782,0.000896994052952665
19,1,1524.965576171875,137.73934936523438,43.0509033203125,119.04706573486328,0.6333333333333333,0.12002997038061305,0.001111388614635306
19,2,748.9508056640625,818.2332153320312,74.09027099609375,174.61962890625,0.6333333333333333,19.07614378548816,0.1766309609767422
19,3,404.83929443359375,128.5155792236328,43.43374633789063,136.34588623046875,0.6333333333333333,0.24229088536997984,0.0022434341237961095
19,4,1076.09326171875,255.22564697265625,66.0322265625,113.9626922607422,0.6333333333333333,0.794404598239912,0.0073555981318510376
19,5,210.39108276367188,442.06292724609375,48.351959228515625,124.893798828125,0.6333333333333333,0.49699149846161816,0.0046017731339038715
19,6,53.7394905090332,373.0487060546875,74.32833099365234,108.71316528320312,0.6333333333333333,0.8990392122127624,0.00832443715011817
19,7,1651.86669921875,341.99725341796875,73.0694580078125,128.33004760742188,0.6333333333333333,0.266454217336871,0.002467168679045102
19,8,1695.484375,164.37875366210938,46.4835205078125,69.29988098144531,0.6333333333333333,0.44182978139041035,0.004091016494355651
20,1,1525.0093994140625,137.70977783203125,42.96875,119.2469253540039,0.6666666666666666,0.07068689344281834,0.0006545082726186883
20,2,758.320556640625,818.62841796875,67.34075927734375,177.87359619140625,0.6666666666666666,12.539081513776516,0.11610260660904181
20,3,404.83880615234375,128.47142028808594,43.42510986328125,136.33038330078125,0.6666666666666666,0.0590468661174567,0.0005467302418283028
20,4,1076.1090087890625,254.9487762451172,65.10498046875,113.57223510742188,0.6666666666666666,0.370791731893517,0.003433256776791824
20,5,210.3084716796875,442.1956787109375,48.19352722167969,125.34524536132812,0.6666666666666666,0.20905921456905585,0.0019357334682319986
20,6,53.50814056396485,373.1087036132813,74.68096923828125,108.59039306640624,0.6666666666666666,0.3195621448005697,0.0029589087481534234
20,7,1651.768798828125,342.1361694335937,72.9613037109375,128.668212890625,0.6666666666666666,0.2272304021757287,0.002103985205330821
20,8,1695.40673828125,164.3365478515625,46.2462158203125,69.47364807128906,0.6666666666666666,0.11815268501107412,0.0010940063426951308
21,1,1525.0289306640625,137.6957244873047,42.93603515625,119.36968994140624,0.7,0.03217201947458801,0.0002978890692091482
21,2,768.42041015625,818.4176025390625,66.99957275390625,184.3807373046875,0.7,13.50707685924378,0.12506552647447944
21,3,404.838134765625,128.45138549804688,43.3836669921875,136.33157348632812,0.7,0.026802803433530656,0.0002481741058660246
21,4,1076.6361083984375,254.96961975097656,65.41162109375,110.64199829101562,0.7,0.7053159302696191,0.006530703058052029
21,5,210.18585205078125,441.80078125,48.72454833984375,125.02093505859376,0.7,0.5528710238215955,0.005119176146496254
21,6,53.40554428100586,372.47076416015625,76.43904876708984,109.61196899414062,0.7,0.8639252632320505,0.007999307992889356
21,7,1651.67578125,342.2504272460937,72.8695068359375,128.8221435546875,0.7,0.1969939042508772,0.0018240176319525667
21,8,1695.3720703125,164.38037109375,46.0721435546875,69.37930297851562,0.7,0.07471230334884907,0.0006917805865634172
22,1,1525.022216796875,137.74945068359375,42.9305419921875,119.55872344970705,0.7333333333333333,0.07239400391684281,0.0006703148510818779
22,2,778.905029296875,817.05810546875,66.57867431640625,188.85028076171875,0.7333333333333333,14.13594876508941,0.1308884144915686
22,3,404.8052978515625,128.47605895996094,43.302032470703125,136.2599639892578,0.7333333333333333,0.05491800335761006,0.000508500031088982
22,4,1077.43115234375,254.96180725097656,66.9830322265625,108.26858520507812,0.7333333333333333,1.0630747667256188,0.009843284877089062
22,5,210.2723846435547,441.5288696289063,49.20440673828125,125.12338256835938,0.7333333333333333,0.38152890259111244,0.0035326750239917815
22,6,53.32200622558594,372.262939453125,77.267578125,110.03756713867188,0.7333333333333333,0.2994832433982773,0.0027729929944284937
22,7,1651.748779296875,342.2871398925781,73.405517578125,128.87689208984375,0.7333333333333333,0.10925145181540115,0.0010115875168092698
22,8,1695.365966796875,164.50682067871094,46.0701904296875,69.06906127929688,0.7333333333333333,0.1692678374356901,0.0015672947910712045
23,1,1525.0006103515625,137.73748779296875,42.9755859375,119.64924621582033,0.7666666666666667,0.033021633474458086,0.0003057558655042415
23,2,786.1137084960938,816.8348388671875,72.3955078125,193.31451416015625,0.7666666666666667,9.643076413463652,0.08928774456910787
23,3,405.23724365234375,127.85743713378906,42.036224365234375,135.33050537109375,0.7666666666666667,1.0088135575685633,0.009340866273782994
23,4,1077.5087890625,255.2035369873047,68.1649169921875,106.43270874023438,0.7666666666666667,0.3394683606964372,0.0031432255620040483
23,5,210.34445190429688,441.50146484375,49.80256652832031,125.23361206054688,0.7666666666666667,0.10309014012521395,0.0009545383344927217
23,6,53.162841796875,372.2241821289063,77.84114074707031,110.2027587890625,0.7666666666666667,0.21903126612543716,0.002028067278939233
23,7,1651.6617431640625,342.39227294921875,73.82666015625,129.06915283203125,0.7666666666666667,0.18248942980912664,0.0016897169426770985
23,8,1695.350341796875,164.4716796875,46.046875,69.13887023925781,0.7666666666666667,0.051420960386044705,0.000476120003574488
24,1,1524.970458984375,137.78404235839844,42.9912109375,119.6806640625,0.8,0.074160970452408,0.0006866756523371112
24,2,797.8487548828125,815.5697021484375,80.180908203125,194.62310791015625,0.8,15.781409611098555,0.14612416306572737
24,3,404.9935607910156,128.33702087402344,42.69482421875,135.82797241210938,0.8,0.7192624549604651,0.0066598375459302325
24,4,1076.13916015625,255.14505004882807,67.2047119140625,105.51417541503906,0.8,1.8329483817833099,0.016971744275771385
24,5,210.70681762695312,440.5361633300781,49.18087768554688,123.3682861328125,0.8,1.3786118946034243,0.012764924950031706
24,6,53.1436882019043,372.9457092285156,76.3121109008789,108.77093505859376,0.8,0.9650666822384641,0.008935802613319112
24,7,1651.8111572265625,342.4672241210937,74.505615234375,129.1944580078125,0.8,0.223502466197522,0.002069467279606685
24,8,1695.1162109375,164.2102813720703,45.760009765625,68.87344360351562,0.8,0.469204815294516,0.0043444890305047775
25,1,1524.95458984375,137.84996032714844,42.9864501953125,119.59162139892578,0.8333333333333334,0.09065449627357047,0.0008393934840145414
25,2,811.8275146484375,814.5819702148438,89.5325927734375,195.436767578125,0.8333333333333334,18.737075937767337,0.17349144386821608
25,3,405.33880615234375,127.8371124267578,41.7137451171875,135.11724853515625,0.8333333333333334,0.8123167103744059,0.007521451021985239
25,4,1074.4013671875,255.0358123779297,67.7635498046875,106.49801635742188,0.8333333333333334,2.3281238757889335,0.021556702553601235
25,5,211.07052612304688,440.0177612304688,49.02398681640625,122.35208129882812,0.8333333333333334,0.8467149334530685,0.007839953087528412
25,6,53.24619674682617,373.2101135253906,75.51152801513672,108.16302490234376,0.8333333333333334,0.3791642252130876,0.0035107798630841444
25,7,1652.01123046875,342.3561096191406,74.7379150390625,128.93658447265625,0.8333333333333334,0.30599672114391335,0.002833302973554753
25,8,1695.000244140625,164.1571044921875,45.6976318359375,68.8037109375,0.8333333333333334,0.17057940563770044,0.001579438941089819
26,1,1524.9393310546875,137.863525390625,43.0361328125,119.60481262207033,0.8666666666666667,0.02729840236832309,0.00025276298489188047
26,2,817.9254150390625,813.435302734375,92.66766357421876,195.83880615234372,0.8666666666666667,8.296172262637478,0.0768164098392359
26,3,404.5367431640625,128.14822387695312,42.97308349609375,135.98068237304688,0.8666666666666667,1.1502587685687824,0.010650544153414652
26,4,1072.704833984375,255.12042236328125,67.4439697265625,107.12257385253906,0.8666666666666667,2.2711901707238646,0.02102953861781356
26,5,211.0789794921875,440.403076171875,49.49679565429688,123.26690673828124,0.8666666666666667,0.515314127896597,0.004771427110153676
26,6,53.26701354980469,373.4107666015625,75.26065063476562,107.70693969726562,0.8666666666666667,0.26972562927154825,0.0024974595302921137
26,7,1652.004638671875,342.447509765625,74.8251953125,129.21896362304688,0.8666666666666667,0.1225251170579826,0.00113449182461095
26,8,1694.927001953125,164.1575927734375,45.578369140625,68.7001953125,0.8666666666666667,0.09793155850853529,0.0009067736898938452
27,1,1524.912841796875,137.93832397460938,43.0482177734375,119.52873229980467,0.9,0.1060966376842164,0.0009823762748538555
27,2,828.72119140625,814.4180908203125,99.05194091796876,196.20819091796875,0.9,14.494316230392364,0.13420663176289224
27,3,404.2611083984375,128.36318969726562,43.33511352539063,136.12091064453125,0.9,0.467369480479337,0.00432749518962349
27,4,1066.6109619140625,254.5827178955078,59.591064453125,106.01876831054688,0.9,8.179545046897271,0.07573652821201177
27,5,211.4068298339844,441.4805908203125,53.43428039550781,126.35833740234376,0.9,1.5059168585574156,0.013943674616272366
27,6,52.972991943359375,372.635009765625,77.38247680664062,109.03192138671876,0.9,1.1092360863850586,0.010270704503565356
27,7,1651.955322265625,342.46795654296875,74.8663330078125,129.21652221679688,0.9,0.07138184159284272,0.0006609429777115067
27,8,1694.840087890625,164.11917114257812,45.5811767578125,69.07487487792969,0.9,0.12705806003606923,0.0011764635188524929
28,1,1524.933349609375,137.96246337890625,42.922607421875,119.45314025878906,0.9333333333333332,0.04235093945293819,0.0003921383282679462
28,2,841.9212646484375,817.21826171875,107.607666015625,197.03558349609372,0.9333333333333332,18.042066458357837,0.16705617091072072
28,3,404.1911010742188,128.47775268554688,43.62277221679688,136.0964813232422,0.9333333333333332,0.17951379279555996,0.0016621647481070364
28,4,1060.013671875,254.4151763916016,51.1258544921875,104.81613159179688,0.9333333333333332,8.823833121737737,0.08170215853460867
28,5,211.2642517089844,441.6255187988281,55.91041564941406,127.94915771484376,0.9333333333333332,0.271830563138009,0.0025169496586852688
28,6,53.1107292175293,373.2761535644531,76.3085708618164,107.62066650390624,0.9333333333333332,0.8768081614610301,0.00811859408760213
28,7,1652.0302734375,342.4351501464844,75.4146728515625,129.0277099609375,0.9333333333333332,0.10939375886139394,0.0010129051746425365
28,8,1694.9324951171875,164.79513549804688,46.101318359375,67.99552917480469,0.9333333333333332,0.9122126964515507,0.008446413856032876
28,10,213.8201141357422,429.2752990722656,44.41314697265625,104.6746826171875,0.9333333333333332,0.0,0.0
29,1,1525.0068359375,137.92913818359375,42.8009033203125,119.34773254394533,0.9666666666666668,0.10788701771744717,0.0009989538677541404
29,2,851.9237060546875,818.338134765625,113.75946044921876,197.32049560546875,0.9666666666666668,13.45744935680545,0.12460601256301342
29,3,404.1475524902344,128.58030700683594,43.7572021484375,136.06494140625,0.9666666666666668,0.14897221315094117,0.001379372343990196
29,4,1055.978515625,254.8036956787109,47.3795166015625,108.21273803710938,0.9666666666666668,5.420206845747996,0.050187100423592555
29,5,210.89784240722656,441.6820983886719,57.813751220703125,128.51983642578125,0.9666666666666668,0.495718561554922,0.004589986681064092
29,6,53.63784790039063,373.5618591308594,74.994873046875,106.9158935546875,0.9666666666666668,0.8016598777081598,0.007422776645445924
29,7,1652.0107421875,342.4364624023437,75.4949951171875,129.00039672851562,0.9666666666666668,0.0261733781059487,0.00024234609357359906
29,8,1695.08203125,165.19288635253906,46.237548828125,67.3564453125,0.9666666666666668,0.5681600013666314,0.0052607407533947345
29,10,213.93702697753903,429.2631530761719,44.64404296875,104.86285400390624,0.9666666666666668,0.15716109157057062,0.0014551952923200983
30,1,1525.043212890625,137.93386840820312,42.767333984375,119.2738800048828,1.0,0.049047741693391905,0.0004541457564202954
30,2,860.791259765625,819.611328125,119.89337158203124,197.79443359375,1.0,11.978060070465652,0.1109079636154227
30,3,404.153564453125,128.7071533203125,43.917510986328125,136.18020629882812,1.0,0.16979183402511677,0.0015721466113436738
30,4,1052.083984375,255.49136352539065,48.2889404296875,111.99639892578124,1.0,5.287783955765568,0.04896096255338489
30,5,212.5759735107422,440.80999755859375,54.99493408203125,127.95321655273438,1.0,2.5286690086594,0.023413601932031482
30,6,53.98943328857422,373.74505615234375,74.13362121582031,106.50814819335938,1.0,0.5300798300488597,0.004908146574526479
30,7,1651.9371337890625,342.2624816894531,75.419677734375,128.7249755859375,1.0,0.2525862345580541,0.0023387614310930935
30,8,1695.2042236328125,165.40574645996094,46.240234375,67.12258911132812,1.0,0.3281675581194367,0.0030385885011058955
30,10,214.18826293945312,428.861083984375,44.24220275878906,105.38198852539062,1.0,0.6339129689414653,0.00586956452723579
31,1,1525.099609375,137.91455078125,42.703369140625,119.34776306152344,1.0333333333333334,0.07970658035617909,0.0007380238921868433
31,2,864.2133178710938,821.8748779296875,121.0831298828125,201.57904052734372,1.0333333333333334,5.485890920934233,0.0507952863049466
31,3,404.1155395507813,128.7282257080078,44.01119995117188,135.99911499023438,1.0333333333333334,0.05812668693222964,0.0005382100641873114
31,4,1048.96484375,254.63262939453125,47.723388671875,113.87034606933594,1.0333333333333334,4.325652925903649,0.040052341906515264
31,5,213.41070556640625,440.71685791015625,53.86521911621094,128.39791870117188,1.0333333333333334,1.1230151816517715,0.010398288718997884
31,6,53.95003509521485,373.9679565429688,74.30178833007812,105.94952392578124,1.0333333333333334,0.30265141941368384,0.0028023279575341096
31,7,1652.9229736328125,343.376953125,75.7626953125,129.93020629882812,1.0333333333333334,1.9894514038036586,0.018420846331515358
31,8,1695.279296875,165.46206665039062,46.283935546875,67.129638671875,1.0333333333333334,0.1254842633371574,0.0011618913271959016
31,10,214.37503051757807,428.6704406738281,44.01853942871094,105.497314453125,1.0333333333333334,0.3568404145038976,0.0033040779120731257
32,1,1525.1424560546875,137.86679077148438,42.687255859375,119.36035919189452,1.0666666666666669,0.08578958614049942,0.0007943480198194391
32,2,864.46728515625,822.7415771484375,117.413330078125,202.92144775390625,1.0666666666666669,1.207558370409664,0.011181096022311704
32,3,404.04583740234375,128.66705322265625,44.155059814453125,136.0384521484375,1.0666666666666669,0.12399740911265006,0.0011481241584504636
32,4,1047.737548828125,254.80841064453125,48.6917724609375,112.5687255859375,1.0666666666666669,1.6577158801126768,0.015349221112154414
32,5,213.2872314453125,440.9425964355469,54.38996887207031,128.8587646484375,1.0666666666666669,0.34402735156849507,0.0031854384404490284
32,6,53.74267578125,374.1129760742188,74.64692687988281,105.72195434570312,1.0666666666666669,0.33832846655242954,0.00313267098659657
32,7,1653.30078125,343.90106201171875,76.092529296875,130.65444946289062,1.0666666666666669,0.8638590193512024,0.007998694623622243
32,8,1695.3388671875,165.3480987548828,46.2576904296875,67.0648193359375,1.0666666666666669,0.1719428237866176,0.0015920631832094221
32,10,214.43771362304688,428.6793518066406,43.96549987792969,105.46527099609376,1.0666666666666669,0.08465390298272535,0.0007838324350252346
33,1,1525.1549072265625,137.82623291015625,42.653076171875,119.39221954345705,1.1,0.05672631322185876,0.0005252436409431367
33,2,867.1297607421875,823.115234375,110.84942626953124,202.91412353515625,1.1,3.594782973594051,0.03328502753327825
33,3,404.0413208007813,128.75051879882812,44.301116943359375,135.9320831298828,1.1,0.11176196716699346,0.0010348330293240135
33,4,1044.9366455078125,255.34683227539065,51.865478515625,110.3654327392578,1.1,3.813549134985494,0.03531064013875457
33,5,212.26019287109372,441.4180603027344,57.02699279785156,129.76885986328125,1.1,1.5132299707456562,0.014011388618015335
33,6,53.65428161621094,374.189208984375,74.81077575683594,105.56216430664062,1.1,0.15607010587284842,0.0014450935728967447
33,7,1653.3057861328125,344.08575439453125,76.211181640625,130.95431518554688,1.1,0.24703591181601361,0.0022873695538519778
33,8,1695.366943359375,165.32228088378906,46.2335205078125,66.96157836914062,1.1,0.050998618761607196,0.00047220943297784435
33,10,214.57638549804688,428.7515869140625,44.31636047363281,105.52920532226562,1.1,0.2090603136057116,0.0019357436444973296
34,1,1525.135986328125,137.7952880859375,42.6563720703125,119.4751205444336,1.1333333333333333,0.04849654053407015,0.00044904204198213096
34,2,873.2061767578125,822.3688354492188,100.99053955078124,201.6187744140625,1.1333333333333333,8.185612263201577,0.07579270614075534
34,3,404.067626953125,128.831787109375,44.35296630859375,135.850341796875,1.1333333333333333,0.11421168739644921,0.0010575156240411963
34,4,1041.435302734375,256.3623046875,54.51220703125,109.51565551757812,1.1333333333333333,4.874429172712086,0.045133603451037826
34,5,212.42727661132807,441.385009765625,56.75991821289063,129.48321533203125,1.1333333333333333,0.227730101581943,0.0021086120516846576
34,6,53.610347747802734,374.2765197753906,74.94086456298828,105.291748046875,1.1333333333333333,0.13068620843227233,0.001210057485484003
34,7,1653.3594970703125,344.226318359375,76.218994140625,131.22235107421875,1.1333333333333333,0.20119611194440445,0.0018629269624481893
34,8,1695.395751953125,165.39364624023438,46.2117919921875,66.92617797851562,1.1333333333333333,0.10290126446640183,0.000952789485800017
34,10,214.58485412597656,428.76068115234375,44.289825439453125,105.30166625976562,1.1333333333333333,0.016615272203663843,0.00015384511299688743
35,1,1525.132568359375,137.76791381835938,42.6666259765625,119.5057601928711,1.1666666666666667,0.03688531216374961,0.0003415306681828667
35,2,879.410400390625,821.8179321289062,98.65008544921876,201.48876953125,1.1666666666666667,8.328073360673045,0.07711179037660228
35,3,404.135498046875,128.86148071289062,44.386505126953125,135.79664611816406,1.1666666666666667,0.09905273999339624,0.000917154999938854
35,4,1039.236572265625,256.1093139648437,57.2606201171875,109.44561767578124,1.1666666666666667,2.9592367888917375,0.027400340637886458
35,5,212.5858459472656,439.2337036132813,51.49516296386719,123.55349731445312,1.1666666666666667,2.8842339193550113,0.02670586962365751
35,6,53.343109130859375,374.4053955078125,75.32247924804688,104.99481201171876,1.1666666666666667,0.3966941472555247,0.0036730939560696728
35,7,1652.293701171875,343.11181640625,75.2637939453125,129.94674682617188,1.1666666666666667,2.0618680802432214,0.019091371113363162
35,8,1695.42431640625,165.29791259765625,46.1949462890625,66.94160461425781,1.1666666666666667,0.1335782204809276,0.0012368353748234036
35,10,214.29884338378903,429.1251831054688,41.005889892578125,103.93875122070312,1.1666666666666667,0.6194854831739331,0.005735976696054936
36,1,1525.0966796875,137.8013916015625,42.6739501953125,119.51221466064452,1.2,0.06562183341096184,0.0006076095686200169
36,2,888.709228515625,822.6573486328125,96.77728271484376,203.5537109375,1.2,12.483669650156198,0.11558953379774257
36,3,404.1795043945313,128.9285888671875,44.408111572265625,135.71165466308594,1.2,0.10729926985012513,0.0009935117578715289
36,4,1037.17041015625,255.3427276611328,58.9493408203125,109.75283813476562,1.2,2.946601951265726,0.02728335140060857
36,5,212.5481719970703,439.38818359375,50.139556884765625,123.33114624023438,1.2,0.21260298999164984,0.0019685462036263873
36,6,53.4431266784668,374.465087890625,75.00139617919922,104.85211181640624,1.2,0.15573587438111525,0.001441998836862178
36,7,1651.89599609375,342.6815795898437,75.0101318359375,129.46868896484375,1.2,0.7833783433573898,0.00725350317923509
36,8,1695.434814453125,165.19808959960938,46.1759033203125,66.95150756835938,1.2,0.13420564567447588,0.001242644867356258
36,10,214.2403564453125,429.3540649414063,39.85795593261719,103.67282104492188,1.2,0.315862775286428,0.002924655326726185
37,1,1525.1043701171875,137.74559020996094,42.650634765625,119.54647064208984,1.2333333333333334,0.07531517723157372,0.0006973627521442011
37,2,900.34228515625,823.7781982421875,101.71588134765624,203.91998291015625,1.2333333333333334,15.626154574694171,0.14468661643235342
37,3,404.2122192382813,128.87884521484375,44.40130615234375,135.66932678222656,1.2333333333333334,0.07960511205322265,0.0007370843708631727
37,4,1035.3741455078125,252.33343505859372,59.82305908203125,112.92620849609376,1.2333333333333334,4.685905003560816,0.04338800929222977
37,5,212.43234252929688,439.4522705078125,49.93830871582031,123.2337646484375,1.2333333333333334,0.17699595909737698,0.0016388514731238608
37,6,53.512237548828125,373.62799072265625,76.62222290039062,106.78945922851562,1.2333333333333334,1.1230592624199496,0.010398696874258791
37,7,1651.707763671875,342.5819091796875,74.9285888671875,129.39404296875,1.2333333333333334,0.2847837517251692,0.0026368865900478627
37,8,1695.412841796875,165.11563110351562,46.160888671875,66.79360961914062,1.2333333333333334,0.11409931719558249,0.0010564751592183562
37,10,214.21566772460935,429.4290771484375,39.48292541503906,103.52688598632812,1.2333333333333334,0.10558869955984526,0.0009776731440726413
38,1,1525.08984375,137.5669403076172,42.67138671875,119.70938110351562,1.2666666666666666,0.2396544310917887,0.0022190225101091548
38,2,907.3587036132812,825.77783203125,104.841064453125,206.41595458984372,1.2666666666666666,9.754937436678231,0.0903234947840577
38,3,404.2970886230469,128.99029541015625,44.2745361328125,135.60548400878906,1.2666666666666666,0.1873031222717925,0.0017342881691832638
38,4,1033.606201171875,251.50271606445312,62.02490234375,112.40126037597656,1.2666666666666666,2.6118006598437553,0.024183339442997734
38,5,212.42710876464844,439.7344970703125,49.826995849609375,123.57412719726562,1.2666666666666666,0.3774194338248085,0.0034946243872667456
38,6,53.58940505981445,373.4232482910156,77.09020233154297,107.50689697265624,1.2666666666666666,0.2925518662069141,0.0027088135759899454
38,7,1651.4090576171875,342.525634765625,74.34619140625,129.32723999023438,1.2666666666666666,0.40641447464719865,0.0037630969874740614
38,8,1695.37451171875,165.11073303222656,46.0518798828125,66.6119384765625,1.2666666666666666,0.05166645472684023,0.0004783930993225947
38,10,214.22589111328125,429.47113037109375,39.41795349121094,103.33309936523438,1.2666666666666666,0.057865482442498666,0.0005357915040972098
39,1,1525.0029296875,137.5733642578125,42.7811279296875,119.64500427246094,1.3,0.11652652260724912,0.0010789492834004549
39,2,914.1127319335938,829.9146728515625,109.317626953125,207.927734375,1.3,10.589868460516513,0.09805433759737511
39,3,404.9333190917969,129.81283569335938,41.99444580078125,132.59825134277344,1.3,1.3903918251773493,0.012873998381271753
39,4,1030.808837890625,249.6611785888672,66.42181396484375,111.66390991210938,1.3,4.477962165151789,0.04146261264029434
39,5,212.0468597412109,440.5887451171875,50.47393798828125,125.02890014648438,1.3,1.2502278284538435,0.011576183596794846
39,6,53.59265899658203,374.1804504394531,75.69256591796875,105.83984375,1.3,1.0124359457541756,0.009374406905131255
39,7,1652.3187255859375,343.5756225585937,74.59130859375,130.48211669921875,1.3,1.8574922385486363,0.01719900220878367
39,8,1695.3770751953125,165.48553466796875,46.1748046875,66.26884460449219,1.3,0.5011449333376358,0.004640230864237369
39,10,214.09996032714844,429.6134033203125,39.62228393554688,103.32427978515624,1.3,0.2540424202937168,0.0023522446323492297
40,1,1524.967529296875,137.60031127929688,42.7999267578125,119.52850341796876,1.3333333333333333,0.059485452663281896,0.0005507912283637212
40,2,919.57177734375,833.6077270507812,111.62139892578124,205.254638671875,1.3333333333333333,8.812431365270186,0.08159658671546467
40,3,404.6145629882813,129.3404541015625,43.31988525390625,134.28945922851562,1.3333333333333333,0.7619494663573972,0.007055087651457381
40,4,1029.778076171875,246.2773284912109,69.2593994140625,115.16305541992188,1.3333333333333333,4.7296705421870024,0.043793245760990765
40,5,211.75833129882807,440.6552429199219,50.65586853027344,124.9434814453125,1.3333333333333333,0.39589384248549436,0.00366568372671754
40,6,54.03503036499024,374.485107421875,74.22423553466797,105.17556762695312,1.3333333333333333,0.7181759669399826,0.006649777471666506
40,7,1651.5635986328125,342.9089660644531,73.929443359375,129.51800537109375,1.3333333333333333,1.346819277556904,0.012470548866267627
40,8,1695.3355712890625,165.529052734375,46.101806640625,66.49125671386719,1.3333333333333333,0.08040623352349985,0.0007445021622546281
40,10,213.97071838378903,429.5899353027344,39.64263916015625,103.0206298828125,1.3333333333333333,0.17563031163506462,0.0016262065892135612
41,1,1525.018310546875,137.55812072753906,42.7100830078125,119.53814697265624,1.3666666666666667,0.08827425969620525,0.0008173542564463449
41,2,921.3463134765624,837.00146484375,111.78839111328124,205.80584716796875,1.3666666666666667,5.120519034712491,0.04741221328437492
41,3,405.2160034179688,130.0465087890625,41.36151123046875,131.72328186035156,1.3666666666666667,1.2401165036979689,0.011482560219425638
41,4,1027.608154296875,242.81678771972656,71.878662109375,115.16903686523438,1.3666666666666667,5.461356684391542,0.05056811744806983
41,5,211.89085388183597,439.95306396484375,50.04537963867188,123.01882934570312,1.3666666666666667,0.9554315195177656,0.008846588143683014
41,6,54.21342468261719,374.578369140625,73.82411193847656,104.75869750976562,1.3666666666666667,0.2691526431505494,0.002492154103245827
41,7,1653.572998046875,345.3062744140625,76.9710693359375,136.61309814453125,1.3666666666666667,4.182414708303618,0.038726062113922384
41,8,1695.107177734375,165.620849609375,46.1400146484375,66.69859313964844,1.3666666666666667,0.3291191825761747,0.003047399838668284
41,10,213.89488220214844,429.699462890625,39.6636962890625,102.50332641601562,1.3666666666666667,0.17812271629588688,0.0016492844101471007
42,1,1524.9976806640625,137.6123046875,42.727294921875,119.46488189697266,1.4,0.07752072963704462,0.0007177845336763391
42,2,921.4012451171876,837.5465087890625,109.91302490234376,205.96319580078125,1.4,0.7324496075540919,0.006781940810686036
42,3,405.44921875,130.37557983398438,40.566680908203125,130.52078247070312,1.4,0.5392808240058873,0.0049933409630174745
42,4,1026.251708984375,239.89410400390625,74.2677001953125,117.73960876464844,1.4,4.308168912131525,0.03989045289010672
42,5,211.65444946289065,439.9966735839844,49.87394714355469,123.11163330078124,1.4,0.32142061498372065,0.002976116805404821
42,6,53.93391418457031,374.6448364257813,74.31358337402344,104.63677978515624,1.4,0.38414440530015526,0.0035568926416681044
42,7,1654.38330078125,346.2872314453125,78.04345703125,139.4241943359375,1.4,1.701207634124781,0.015751922538192416
42,8,1695.14453125,165.98391723632812,46.26806640625,66.45124816894531,1.4,0.48800654151672024,0.0045185790881177796
42,10,213.72653198242188,429.7047729492188,39.6319580078125,102.51535034179688,1.4,0.22520670910979823,0.0020852473065722057
43,1,1525.023681640625,137.6383056640625,42.6903076171875,119.61717224121094,1.4333333333333331,0.04916503652639422,0.00045523181968883537
43,2,922.5179443359376,837.494140625,109.95867919921876,205.81329345703125,1.4333333333333331,1.4947375473017592,0.01384016247501629
43,3,405.55853271484375,130.51058959960938,40.305755615234375,130.0659637451172,1.4333333333333331,0.23226888397082524,0.002150637814544678
43,4,1025.9296875,237.9691925048828,76.0489501953125,118.61270141601562,1.4333333333333331,2.6094932347462754,0.024161974395798844
43,5,211.6351776123047,439.8351745605469,49.746826171875,122.69561767578124,1.4333333333333331,0.21746629508109144,0.0020135768063064023
43,6,53.60635757446289,374.7150268554688,74.81945037841797,104.71514892578124,1.4333333333333331,0.4479060176731407,0.004147277941417969
43,7,1654.770263671875,346.61572265625,78.7899169921875,140.41259765625,1.4333333333333331,0.6786784299709138,0.00628405953676772
43,8,1695.23876953125,166.02256774902344,46.5057373046875,66.73876953125,1.4333333333333331,0.13618830432603277,0.0012610028178336365
43,10,213.6883544921875,429.6705627441406,39.70692443847656,102.2861328125,1.4333333333333331,0.06854136184123849,0.0006346422392707268
44,1,1525.04248046875,137.65956115722656,42.6763916015625,119.6988296508789,1.4666666666666666,0.037940357158576285,0.0003512996033201508
44,2,924.0455932617188,836.3524169921875,110.060302734375,204.72833251953125,1.4666666666666666,2.549986799335593,0.02361098888273697
44,3,405.5904541015625,130.70826721191406,40.145050048828125,129.74942016601562,1.4666666666666666,0.2677312440212101,0.00247899300019639
44,4,1026.452392578125,236.45071411132807,75.86083984375,119.63392639160156,1.4666666666666666,2.147222979831816,0.019881694257701997
44,5,211.5062255859375,439.69232177734375,49.828521728515625,122.36886596679688,1.4666666666666666,0.2573126072875035,0.002382524141550958
44,6,53.78603363037109,374.8390502929688,74.54425048828125,104.55563354492188,1.4666666666666666,0.29191261626920917,0.00270289459508527
44,7,1652.50341796875,343.861572265625,75.3961181640625,132.8607177734375,1.4666666666666666,4.769385304690397,0.044160975043429605
44,8,1695.2142333984375,165.9931640625,46.59326171875,66.84590148925781,1.4666666666666666,0.05120440697928472,0.00047411487943782143
44,10,213.6578369140625,429.6375122070313,39.75877380371094,102.16864013671876,1.4666666666666666,0.06014791041781752,0.0005569250964612733
45,1,1525.06103515625,137.70541381835938,42.681396484375,119.64378356933594,1.5,0.06613721183913222,0.0006123815911030762
45,2,927.6773071289062,836.82080078125,107.8016357421875,205.609130859375,1.5,4.8960462878463495,0.04533376192450324
45,3,405.6039733886719,130.83328247070312,40.09918212890625,129.60650634765625,1.5,0.16812775988551407,0.0015567385174584634
45,4,1027.9891357421875,235.5754547119141,77.076904296875,121.09408569335938,1.5,2.3646201009653933,0.02189463056449438
45,5,211.50247192382807,439.9703369140625,49.80635070800781,122.85430908203124,1.5,0.37175749377264694,0.0034421990164133975
45,6,53.9774169921875,374.86956787109375,74.15788269042969,104.56015014648438,1.5,0.2591243467562742,0.002399299507002539
45,7,1651.5869140625,342.666748046875,73.9696044921875,129.65744018554688,1.5,2.0134156106346235,0.01864273713550577
45,8,1695.2215576171875,165.9073944091797,46.50390625,67.09051513671875,1.5,0.1150967569619414,0.0010657107126105685
45,10,213.67144775390625,429.6123962402344,39.703369140625,101.990234375,1.5,0.03819570671549008,0.00035366395106935255
46,1,1525.066162109375,137.71705627441406,42.6561279296875,119.58614349365234,1.5333333333333334,0.01700922350725228,0.0001574928102523359
46,2,932.8681640625,839.2814331054688,111.03118896484376,208.5299072265625,1.5333333333333334,7.6808052115357315,0.071118566773479
46,3,405.5964965820313,130.90567016601562,40.075714111328125,129.5384521484375,1.5333333333333334,0.09730178787452823,0.0009009424803197058
46,4,1028.3546142578125,234.61114501953125,77.34375,122.496337890625,1.5333333333333334,1.3788399760818526,0.012767036815572709
46,5,211.3912353515625,440.9375305175781,50.478851318359375,124.6253662109375,1.5333333333333334,1.301722905900676,0.012052989869450704
46,6,54.00197219848633,374.8088989257813,74.1192855834961,104.62179565429688,1.5333333333333334,0.08751050142125241,0.0008102824205671519
46,7,1653.676513671875,345.3468933105469,77.240966796875,136.83990478515625,1.5333333333333334,4.543968136166916,0.04207377903858256
46,8,1695.1488037109375,165.92799377441406,46.498291015625,67.40841674804688,1.5333333333333334,0.10110053536210958,0.0009361160681676813
46,10,213.65560913085935,429.6768798828125,39.79835510253906,101.90542602539062,1.5333333333333334,0.08878137427635621,0.000822049761818113
47,1,1525.104736328125,137.72608947753906,42.6220703125,119.5007095336914,1.5666666666666669,0.05297145841222614,0.0004904764667798717
47,2,936.5661010742188,840.9765625,114.2542724609375,210.6854248046875,1.5666666666666669,5.439100866735735,0.05036204506236791
47,3,405.561767578125,130.86561584472656,40.12664794921875,129.68026733398438,1.5666666666666669,0.0708826299859018,0.0006563206480176091
47,4,1026.1715087890625,233.20394897460935,77.66278076171875,120.64588928222656,1.5666666666666669,3.4727995101019995,0.032155551019462957
47,5,211.40614318847656,441.1622314453125,50.653564453125,124.9730224609375,1.5666666666666669,0.30109967836548585,0.0027879599848656096
47,6,53.93258666992188,374.7911682128906,74.29582214355469,104.6396484375,1.5666666666666669,0.09575393191001504,0.0008866104806482873
47,7,1653.107666015625,344.6560974121094,75.9786376953125,132.89813232421875,1.5666666666666669,1.19649287034189,0.011078637688350832
47,8,1695.209716796875,165.91818237304688,46.40771484375,67.64976501464844,1.5666666666666669,0.08249434685004847,0.0007638365449078562
47,10,213.61489868164065,429.7615661621094,40.04148864746094,101.905517578125,1.5666666666666669,0.12563483916969423,0.0011632855478675391
48,1,1525.105224609375,137.75238037109375,42.6116943359375,119.44457244873048,1.6,0.0351586299065127,0.00032554286950474724
48,2,940.9658203125,844.3736572265625,113.7703857421875,212.11834716796875,1.6,7.432165304101549,0.06881634540834768
48,3,405.5375671386719,130.86404418945312,40.21026611328125,129.7181396484375,1.6,0.03242566419879562,0.0003002376314703298
48,4,1021.9913330078124,229.67637634277344,77.84600830078125,118.09390258789062,1.6,7.313333218465168,0.06771604831912192
48,5,211.42758178710935,441.342041015625,50.78688049316406,125.29019165039062,1.6,0.2421194444772511,0.0022418467081226955
48,6,53.55683517456055,374.697509765625,75.10518646240234,104.8597412109375,1.6,0.5177749128044411,0.004794212155596677
48,7,1652.905517578125,344.3983764648437,75.80419921875,131.44094848632812,1.6,0.43794476969317236,0.00405504416382567
48,8,1695.254150390625,165.89120483398438,46.3782958984375,67.796630859375,1.6,0.06950322844613435,0.0006435484115382811
48,10,213.5450134277344,429.7620239257813,40.25300598144531,101.81857299804688,1.6,0.09344295683838785,0.000865212563318406
49,1,1525.102783203125,137.718505859375,42.6221923828125,119.51062774658205,1.6333333333333333,0.04540981985449929,0.00042046129494906746
49,2,944.623779296875,848.499267578125,111.58929443359376,213.11883544921875,1.6333333333333333,7.372214493655779,0.06826124531162758
49,3,405.50823974609375,130.8759307861328,40.193939208984375,129.75439453125,1.6333333333333333,0.04231094376341766,0.00039176799780942277
49,4,1022.7080078125,232.1781005859375,88.13824462890625,119.89569091796876,1.6333333333333333,3.4795101052200033,0.032217686159444474
49,5,211.53929138183597,441.3806457519531,51.13043212890625,125.57794189453124,1.6333333333333333,0.15803014958216444,0.0014632421257607816
49,6,53.35650634765625,374.5994873046875,75.440673828125,104.91549682617188,1.6333333333333333,0.29819803766408376,0.002761092941334109
49,7,1652.955322265625,344.31256103515625,75.5655517578125,131.01055908203125,1.6333333333333333,0.13266459765031813,0.001228375904169612
49,8,1695.2255859375,165.88726806640625,46.5462646484375,67.87745666503906,1.6333333333333333,0.03855347605021582,0.00035697663009459093
49,10,213.54330444335935,429.66552734375,40.59129333496094,101.86190795898438,1.6333333333333333,0.1290421938224877,0.001194835127985997
50,1,1525.0908203125,137.6979522705078,42.6412353515625,119.59123992919922,1.6666666666666667,0.03179738066289971,0.0002944201913231454
50,2,947.2711181640624,850.9754028320312,109.65899658203124,214.135986328125,1.6666666666666667,4.846671539525352,0.04487658832893845
50,3,405.4962768554688,130.8841552734375,40.21823120117188,129.79554748535156,1.6666666666666667,0.019410580914045357,0.00017972760105597552
50,4,1025.0771484375,233.96823120117188,87.73876953125,118.712158203125,1.6666666666666667,3.9702865718277067,0.03676191270210839
50,5,211.60528564453125,441.39361572265625,51.31916809082031,125.45623779296876,1.6666666666666667,0.08992640303296419,0.0008326518799348535
50,6,53.2948112487793,374.617919921875,75.6047592163086,104.92434692382812,1.6666666666666667,0.08609318963889606,0.0007971591633231117
50,7,1652.80322265625,344.2696228027344,75.2376708984375,130.75689697265625,1.6666666666666667,0.21131503162951434,0.0019566206632362438
50,8,1695.211669921875,165.92262268066406,46.6368408203125,67.99124145507812,1.6666666666666667,0.050801411949246096,0.0004703834439745009
50,10,213.55601501464844,429.6573181152344,40.787109375,101.70263671875,1.6666666666666667,0.020231220566366018,0.0001873261163552409
51,1,1525.0592041015625,137.64666748046875,42.648193359375,119.70177459716795,1.7,0.08055415395608048,0.0007458717958896341
51,2,949.64208984375,853.0831298828125,107.93206787109376,214.43804931640625,1.7,4.241675636274738,0.03927477440995127
51,3,405.6507568359375,130.5970458984375,40.599212646484375,130.23992919921875,1.7,0.43592309521996525,0.004036324955740419
51,4,1029.3341064453125,233.69764709472656,84.48077392578125,120.51663208007812,1.7,5.703305447996846,0.052808383777748574
51,5,211.87225341796875,441.1895751953125,51.088653564453125,124.70846557617188,1.7,0.4492695714159009,0.0041599034390361195
51,6,53.15250396728516,374.630126953125,75.89189147949219,104.79107666015624,1.7,0.19097247341961998,0.0017682636427742591
51,7,1652.9017333984375,344.48345947265625,75.037109375,130.96090698242188,1.7,0.3147937190560139,0.0029147566579260545
51,8,1695.25146484375,165.93045043945312,46.60693359375,67.83659362792969,1.7,0.05422789270273429,0.00050211011761791
51,10,213.504150390625,429.71044921875,41.01622009277344,101.40200805664062,1.7,0.09927500778797188,0.0009192130350738137
52,1,1525.01318359375,137.6138153076172,42.6820068359375,119.8458251953125,1.7333333333333334,0.07560201621514678,0.0007000186686587664
52,2,950.333984375,853.8416137695312,106.79962158203124,213.5474853515625,1.7333333333333334,1.372698879330013,0.012710174808611231
52,3,405.6248168945313,130.54498291015625,40.904144287109375,130.2526397705078,1.7333333333333334,0.07777332152860512,0.0007201233474870844
52,4,1029.919189453125,233.15606689453125,85.6578369140625,121.5915069580078,1.7333333333333334,1.0659929320180819,0.00987030492609335
52,5,212.13800048828125,440.392822265625,50.68019104003906,123.14791870117188,1.7333333333333334,1.1230025557505154,0.010398171812504773
52,6,52.76131439208984,374.7183532714844,76.50038146972656,104.6763916015625,1.7333333333333334,0.5361823464426754,0.004964651355950698
52,7,1652.9539794921875,344.5452880859375,74.640869140625,130.95608520507812,1.7333333333333334,0.108231321438076,0.0010021418651673703
52,8,1695.3048095703125,165.7967529296875,46.87060546875,67.60653686523438,1.7333333333333334,0.19246588099719425,0.0017820914907147613
52,10,213.4965667724609,429.4999084472656,40.8804931640625,100.967529296875,1.7333333333333334,0.28168872690785113,0.002608228952850473
53,1,1524.9794921875,137.5850372314453,42.6995849609375,119.9162368774414,1.7666666666666666,0.05924391803799899,0.0005485547966481388
53,2,950.64306640625,853.762451171875,106.48626708984376,214.1435546875,1.7666666666666666,0.42660134944665723,0.003950012494876456
53,3,405.61724853515625,130.54705810546875,40.96319580078125,130.2513427734375,1.7666666666666666,0.010492874234430266,9.715624291139135e-05
53,4,1031.99658203125,233.20147705078125,82.29345703125,122.18708801269533,1.7666666666666666,2.778267238942052,0.025724696656870848
53,5,212.25607299804688,439.6690673828125,50.65931701660156,121.7747802734375,1.7666666666666666,0.9804983423928298,0.009078688355489166
53,6,53.14094543457031,374.7404479980469,75.66441345214844,104.58154296875,1.7666666666666666,0.508449384827635,0.004707864674329954
53,7,1652.8753662109375,344.5887145996094,74.45263671875,131.07440185546875,1.7666666666666666,0.12008213380847177,0.0011118716093377016
53,8,1695.34814453125,165.7633056640625,47.0191650390625,67.59074401855469,1.7666666666666666,0.07319288738515146,0.0006777119202328839
53,10,213.4056701660156,429.5351257324219,41.42094421386719,100.98760986328124,1.7666666666666666,0.1303375371944292,0.0012068290480965664
54,1,1524.9566650390625,137.59974670410156,42.7001953125,119.92707061767578,1.8,0.03630924353907628,0.0003361966994358915
54,2,950.5333251953124,853.46435546875,106.47320556640624,216.791015625,1.8,0.42472349947159405,0.0039326249951073524
54,3,405.6346435546875,130.60263061523438,40.9599609375,130.09788513183594,1.8,0.07785895926935182,0.0007209162895310354
54,4,1035.735595703125,232.19644165039065,75.04901123046875,125.29478454589844,1.8,5.1767495173519125,0.04793286590140659
54,5,212.25135803222656,439.2304992675781,50.50875854492188,120.99462890625,1.8,0.5864268672700819,0.0054298784006489055
54,6,53.34450149536133,374.7217102050781,75.17163848876953,104.605712890625,1.8,0.27331786316538176,0.0025307209552350163
54,7,1652.810791015625,344.5221862792969,74.47412109375,130.9429931640625,1.8,0.12396504324988974,0.0011478244745360161
54,8,1695.36572265625,165.75323486328125,47.1162109375,67.57327270507812,1.8,0.027087035249143552,0.0002508058819365144
54,10,213.3211669921875,429.540771484375,41.66255187988281,101.0250244140625,1.8,0.1132379134174809,0.0010484991983100084
55,1,1524.94091796875,137.64373779296875,42.6868896484375,119.92869567871094,1.8333333333333333,0.06247368012593581,0.0005784600011660723
55,2,948.9029541015624,854.3458251953125,108.27984619140624,218.3475341796875,1.8333333333333333,2.4781142425780454,0.02294550224609301
55,3,405.62396240234375,130.6224822998047,40.920257568359375,130.00762939453125,1.8333333333333333,0.03014108993377421,0.0002790841660534649
55,4,1034.4993896484375,230.7623748779297,74.01318359375,125.32638549804688,1.8333333333333333,2.53151976169599,0.02343999779348139
55,5,212.4061584472656,438.19036865234375,50.386749267578125,118.9283447265625,1.8333333333333333,1.406037318566277,0.013018864060798859
55,6,53.3508415222168,374.735107421875,75.08353424072266,104.54531860351562,1.8333333333333333,0.01981747464520821,0.00018349513560377971
55,7,1652.7691650390625,344.5197448730469,74.65966796875,131.03656005859375,1.8333333333333333,0.05575217775093597,0.000516223868064222
55,8,1695.385009765625,165.74171447753906,47.1898193359375,67.6143798828125,1.8333333333333333,0.030038169965273292,0.0002781312033821601
56,1,1524.9442138671875,137.69094848632812,42.6796875,119.8732681274414,1.8666666666666667,0.06327728644317249,0.0005859008003997452
56,2,948.6025390625,854.2586669921875,109.628662109375,220.01873779296875,1.8666666666666667,0.4182372279926044,0.003872566925857448
56,3,405.6651611328125,130.6435546875,40.822357177734375,129.95932006835938,1.8666666666666667,0.06187264361770536,0.0005728948483120866
56,4,1031.57177734375,229.34109497070312,78.02099609375,124.51116943359376,1.8666666666666667,4.351301487601452,0.04028982858890233
56,5,212.498046875,438.4207458496094,51.1270751953125,119.467041015625,1.8666666666666667,0.33162690916235094,0.003070619529281027
56,6,53.512298583984375,374.716552734375,74.75653076171875,104.61709594726562,1.8666666666666667,0.21729902243950358,0.002012027985550959
56,7,1652.88037109375,344.5624084472656,74.8978271484375,131.14532470703125,1.8666666666666667,0.1592562518684478,0.00147459492470785
56,8,1695.39501953125,165.8525848388672,47.20556640625,67.35302734375,1.8666666666666667,0.14884353925571503,0.0013781809190343984
57,1,1524.958251953125,137.7080078125,42.6614990234375,119.8505859375,1.9,0.02953935316110601,0.0002735125292695001
57,2,948.0333251953124,855.2312622070312,113.908447265625,221.016357421875,1.9,1.5067608067685294,0.013951488951560457
57,3,405.7342529296875,130.65628051757812,40.733428955078125,129.89210510253906,1.9,0.09393397584384085,0.0008697590355911189
57,4,1027.49267578125,228.14454650878903,84.2169189453125,124.34933471679688,1.9,5.683820727951966,0.05262796970325894
57,5,212.65933227539065,438.22998046875,51.60455322265625,119.085205078125,1.9,0.33400991002266184,0.0030926843520616837
57,6,53.49388885498047,374.7359619140625,74.82362365722656,104.65780639648438,1.9,0.035768218195575824,0.00033118720551459095
57,7,1652.974365234375,344.54705810546875,74.84228515625,131.22833251953125,1.9,0.12734094710093743,0.0011790828435271983
57,8,1695.412109375,165.87283325195312,47.031494140625,67.02058410644531,1.9,0.035427387709399814,0.0003280313676796279
58,1,1524.97265625,137.71456909179688,42.6553955078125,119.8530731201172,1.9333333333333331,0.021163387240218982,0.00019595728926128687
58,2,946.001708984375,858.4093017578125,120.96392822265624,220.56707763671875,1.9333333333333331,5.043296210757743,0.04669718713664576
58,3,405.7854614257813,130.64901733398438,40.64956665039063,129.89532470703125,1.9333333333333331,0.069154236281331,0.0006403170026049166
58,4,1033.8409423828125,225.6708068847656,71.61029052734375,126.347900390625,1.9333333333333331,9.109692115933063,0.08434900107345428
58,5,212.96908569335935,437.8780517578125,52.15473937988281,118.51138305664062,1.9333333333333331,0.6268541971190937,0.005804205528880497
58,6,53.07939910888672,374.7359313964844,75.58526611328125,104.66094970703124,1.9333333333333331,0.5541986976386065,0.00513146942257969
58,7,1652.979248046875,344.54522705078125,74.7647705078125,131.27996826171875,1.9333333333333331,0.006972575077956312,6.456088035144733e-05
58,8,1695.4259033203125,166.0028839111328,46.88232421875,66.61215209960938,1.9333333333333331,0.17486123045672639,0.001619085467191911
59,1,1525.00634765625,137.67782592773438,42.592529296875,119.87950897216795,1.9666666666666663,0.06665455657689724,0.0006171718201564559
59,2,944.7467651367188,861.3954467773438,125.723388671875,218.2933349609375,1.9666666666666663,4.330915743146061,0.04010107169579686
59,3,405.7724914550781,130.56344604492188,40.69610595703125,130.03680419921875,1.9666666666666663,0.11572092989336892,0.0010714900916052677
59,4,1036.41064453125,225.0045928955078,66.52606201171875,127.25387573242188,1.9666666666666663,3.5494439427184115,0.03286522169183714
59,5,213.2106475830078,437.8849487304688,52.814208984375,118.56240844726562,1.9666666666666663,0.32311496405844425,0.0029918052227633726
59,6,53.33378982543945,374.7900390625,75.01590728759766,104.56546020507812,1.9666666666666663,0.34774493667929846,0.003219860524808319
59,7,1652.894287109375,344.5601806640625,74.5968017578125,131.29400634765625,1.9666666666666663,0.11534418595369417,0.0010680017217934645
59,8,1695.417236328125,166.14109802246094,46.4539794921875,66.12936401367188,1.9666666666666663,0.1851638828368558,0.0017144803966375537
60,1,1525.127685546875,137.74349975585938,42.3966064453125,119.734619140625,2.0,0.1844755524874005,0.0017081069674759306
60,2,942.1392822265624,865.8013305664062,133.60943603515625,215.85595703125,2.0,6.845287192298515,0.06338228881757883
60,3,405.71044921875,130.627685546875,40.51123046875,130.11695861816406,2.0,0.11941063103360974,0.001105653991051942
60,4,1038.234619140625,226.36138916015625,64.531982421875,123.7987823486328,2.0,3.039510829320921,0.02814361879000853
60,5,213.5960998535156,438.0947265625,54.35987854003906,119.25521850585938,2.0,0.5867559682923923,0.005432925632336966
60,6,53.69466781616211,374.7791442871094,74.26934051513672,104.36865234375,2.0,0.4827362645435384,0.004469780227254985
60,7,1654.50048828125,346.4970092773437,77.2110595703125,138.25067138671875,2.0,3.3642966935853633,0.031150895310975587
60,8,1695.287841796875,166.17774963378906,45.4825439453125,66.40695190429688,2.0,0.17981519880917476,0.001664955544529396
61,1,1525.227783203125,137.6952667236328,42.2872314453125,119.71166229248048,2.033333333333333,0.14856422784205678,0.0013755947022412664
61,2,939.87353515625,871.3148193359375,140.24444580078125,214.1444091796875,2.033333333333333,7.970077843196462,0.0737970170666339
61,3,405.7046813964844,129.45794677734375,41.1068115234375,132.0107879638672,2.033333333333333,1.5640328566799295,0.014481785709999346
61,4,1039.451171875,228.00567626953125,65.32958984375,119.95245361328124,2.033333333333333,2.7348340088928476,0.025322537119378218
61,5,213.66314697265625,438.3031005859375,55.57762145996094,119.95114135742188,2.033333333333333,0.2926763839070698,0.002709966517658054
61,6,53.89402770996094,374.703369140625,73.719482421875,104.37844848632812,2.033333333333333,0.2851620499987547,0.0026403893518403216
61,7,1653.773681640625,345.4774169921875,76.1051025390625,134.17880249023438,2.033333333333333,1.6741690118368804,0.015501564924415559
61,8,1695.34619140625,166.2882843017578,44.8345947265625,66.19973754882812,2.033333333333333,0.16711992131469885,0.0015474066788398041
62,1,1525.33837890625,137.69415283203125,42.1632080078125,119.61067962646484,2.066666666666667,0.1478808672584723,0.0013692672894302991
62,2,939.053955078125,875.214599609375,145.14251708984375,212.890869140625,2.066666666666667,5.3281559276553,0.04933477710791944
62,3,405.6961059570313,129.00604248046875,41.38861083984375,132.84326171875,2.066666666666667,0.6043330689067866,0.005595676563951727
62,4,1039.84912109375,228.4416961669922,65.83544921875,118.76290893554688,2.066666666666667,0.7892938621734681,0.007308276501606186
62,5,213.68472290039065,438.472412109375,55.771270751953125,120.27737426757812,2.066666666666667,0.22821080760171175,0.002113063033349183
62,6,54.02608108520508,374.60736083984375,73.59925079345703,104.42340087890624,2.066666666666667,0.21829644064855286,0.0020212633393384524
62,7,1653.577880859375,345.19000244140625,76.382568359375,132.95114135742188,2.066666666666667,0.4649923344990339,0.004305484578694758
62,8,1695.471923828125,166.46527099609375,44.2867431640625,66.01863098144531,2.066666666666667,0.2902778758149686,0.0026877581093978573
63,1,1525.3251953125,137.71949768066406,42.1810302734375,119.64188385009766,2.1,0.03819808775662654,0.000353685997746542
63,2,938.5799560546876,881.5178833007812,147.6483154296875,207.41552734375,2.1,8.451679873826711,0.0782562951280251
63,3,405.69573974609375,128.84628295898438,41.561798095703125,133.0458526611328,2.1,0.21360902639386387,0.0019778613554987394
63,4,1040.7874755859375,228.12554931640625,65.882080078125,119.439697265625,2.1,1.3239335939270458,0.012258644388213388
63,5,213.8166961669922,438.00042724609375,55.68307495117188,119.69546508789062,2.1,0.6552788410356661,0.0060673966762561675
63,6,54.4989128112793,374.4967346191406,72.7290267944336,104.44036865234376,2.1,0.6492784336960844,0.0060118373490378185
63,7,1653.477294921875,344.9141845703125,76.57275390625,132.06051635742188,2.1,0.39254349021803187,0.003634661946463258
63,8,1695.416748046875,166.13172912597656,44.2509765625,67.0384521484375,2.1,0.4520270889512355,0.004185436008807736
64,1,1525.2940673828125,137.70010375976562,42.298828125,119.70823669433594,2.1333333333333333,0.049037068858583395,0.0004540469338757722
64,2,938.482421875,886.566162109375,147.92364501953125,201.88531494140625,2.1333333333333333,6.751123939269034,0.06251040684508365
64,3,405.6502380371094,128.7036590576172,41.55621337890625,133.0859375,2.1333333333333333,0.20016670877922726,0.0018533954516595117
64,4,1041.1405029296875,227.3793487548828,66.15435791015625,122.85311889648438,2.1333333333333333,1.1037396948331621,0.010219811989195944
64,5,213.5595550537109,438.2407531738281,56.368560791015625,120.11981201171876,2.1333333333333333,0.4705968141953161,0.00435737790921589
64,6,55.0511474609375,374.52093505859375,71.70843505859375,104.49197387695312,2.1333333333333333,0.7390808984627237,0.006843341652432627
64,7,1653.642578125,344.8558959960937,77.2149658203125,131.94058227539062,2.1333333333333333,0.23433367872426453,0.002169756284483931
64,8,1695.362060546875,165.78427124023438,44.4105224609375,67.86524963378906,2.1333333333333333,0.47029204867915597,0.004354556006288481
65,1,1525.2821044921875,137.64556884765625,42.3173828125,120.11515045166016,2.1666666666666665,0.07465033666722418,0.0006912068209928165
65,2,937.7811279296876,889.2650146484375,148.53375244140625,197.41827392578125,2.1666666666666665,3.7283714442119256,0.03452195781677708
65,3,405.6621398925781,128.65098571777344,41.64617919921875,133.28912353515625,2.1666666666666665,0.07220304499519982,0.0006685467129185168
65,4,1041.513671875,225.5521240234375,66.3431396484375,127.73377990722656,2.1666666666666665,2.4935428003711713,0.02308835926269603
65,5,213.49984741210935,438.076171875,57.05816650390625,119.57925415039062,2.1666666666666665,0.23408908399604042,0.0021674915184818557
65,6,55.46404266357422,374.51995849609375,70.99531555175781,104.41921997070312,2.1666666666666665,0.55206823599655,0.00511174292589398
65,7,1653.644287109375,344.8885498046875,77.678466796875,132.01608276367188,2.1666666666666665,0.04371993695048666,0.00040481423102302463
65,8,1695.1778564453125,165.4741973876953,44.340087890625,68.34341430664062,2.1666666666666665,0.48222738850366037,0.004465068412070929
66,1,1525.274658203125,137.61297607421875,42.3720703125,120.27034759521484,2.2,0.04470142291481986,0.00041390206402610984
66,2,935.1478271484376,890.1337890625,152.6180419921875,194.50592041015625,2.2,3.7075568986796346,0.034329230543329946
66,3,405.621826171875,128.5284881591797,41.81964111328125,133.57424926757812,2.2,0.1724284422992623,0.0015965596509190953
66,4,1041.4046630859375,223.7711944580078,66.40728759765625,130.04818725585938,2.2,2.3856706153685443,0.02208954273489393
66,5,213.52896118164065,437.82171630859375,57.2451171875,118.94674682617188,2.2,0.3424426852494542,0.0031707656041616125
66,6,55.42681884765625,374.59381103515625,71.06690979003906,104.30813598632812,2.2,0.11057927223189928,0.0010238821502953637
66,7,1653.8636474609375,345.02978515625,78.202392578125,132.038818359375,2.2,0.3488334009964099,0.0032299388981149066
66,8,1695.1597900390625,165.4480743408203,44.359619140625,68.10995483398438,2.2,0.04246744169709712,0.00039321705275089926
67,1,1525.26220703125,137.58416748046875,42.348388671875,120.18106842041016,2.2333333333333334,0.0419626101849028,0.0003885426868972481
67,2,933.107177734375,890.3071899414062,156.7119140625,192.53759765625,2.2333333333333334,2.73830853605897,0.025354708667212685
67,3,405.6023254394531,128.715576171875,41.8763427734375,133.55056762695312,2.2333333333333334,0.251503564049013,0.0023287367041575275
67,4,1041.259521484375,224.10353088378903,67.17724609375,128.04971313476562,2.2333333333333334,0.48488306454554064,0.004489658005051302
67,5,213.51492309570312,438.3336791992188,57.65911865234375,119.75051879882812,2.2333333333333334,0.6847836691923485,0.006340589529558782
67,6,55.829078674316406,374.72210693359375,70.16859436035156,104.0728759765625,2.2333333333333334,0.5645394012399374,0.005227216678147568
67,7,1653.849609375,345.2799377441406,78.377197265625,132.4046630859375,2.2333333333333334,0.33499589318452117,0.0031018138257826035
67,8,1695.12451171875,165.53228759765625,44.3228759765625,68.01884460449219,2.2333333333333334,0.12207924305990751,0.0011303633616658103
68,1,1525.239990234375,137.57061767578125,42.36572265625,120.13495635986328,2.2666666666666666,0.03479403682360291,0.00032216700762595287
68,2,931.2872314453124,889.8336181640625,159.88818359375,192.30450439453125,2.2666666666666666,2.5144151669784023,0.02328162191646669
68,3,404.8102416992188,129.4281005859375,43.2171630859375,134.34390258789062,2.2666666666666666,1.42451299635513,0.013189935151436388
68,4,1040.9925537109375,223.90008544921875,68.81134033203125,128.60736083984375,2.2666666666666666,0.44878684938181446,0.004155433790572356
68,5,213.69757080078125,438.7984313964844,57.68278503417969,120.2406005859375,2.2666666666666666,0.6676680052772838,0.006182111159974849
68,6,56.15193557739258,374.7261962890625,69.47574615478516,104.01092529296876,2.2666666666666666,0.4317144840985094,0.003997356334245457
68,7,1653.733154296875,345.2505798339844,77.4708251953125,132.2705078125,2.2666666666666666,0.16057932538861447,0.001486845605450134
68,8,1695.1243896484375,165.439453125,44.25439453125,67.97248840332031,2.2666666666666666,0.12412559940401212,0.0011493111055927048
69,1,1525.2412109375,137.6009063720703,42.4420166015625,119.98416900634766,2.3,0.04053075643827698,0.000375284781835898
69,2,929.3955078125,888.3399658203125,160.82470703125,193.29339599609372,2.3,3.2227410307566524,0.029840194729228265
69,3,405.3114013671875,129.02383422851562,42.45425415039063,133.99429321289062,2.3,0.8609190638176457,0.00797147281312635
69,4,1040.1611328125,224.74676513671875,69.36700439453125,125.17333984375,2.3,1.58661900780948,0.014690916738976665
69,5,213.8941345214844,439.4360961914063,57.692626953125,120.91009521484376,2.3,0.8921861368245757,0.0082609827483757
69,6,56.170448303222656,374.7386474609375,69.22921752929688,104.02435302734376,2.3,0.02983036176051349,0.00027620705333808785
69,7,1653.515380859375,345.16973876953125,76.2996826171875,132.09848022460938,2.3,0.3105917268800198,0.002875849322963146
69,8,1695.1435546875,165.66830444335938,44.289794921875,67.2698974609375,2.3,0.30705961152577427,0.0028431445511645764
70,1,1525.216552734375,137.60162353515625,42.5401611328125,120.04084777832033,2.333333333333333,0.032983500049745686,0.000305402778238386
70,2,923.853515625,887.1550903320312,159.21112060546875,196.1903076171875,2.333333333333333,7.577453859717679,0.07016160981220072
70,3,404.695556640625,129.52410888671875,43.44497680664063,134.67721557617188,2.333333333333333,1.06087248940604,0.009822893420426295
70,4,1039.625,225.2965850830078,69.69403076171875,123.57937622070312,2.333333333333333,1.026791195390049,0.009507325883241194
70,5,214.11524963378903,439.2581787109375,57.3759765625,120.05392456054688,2.333333333333333,0.37946795486646673,0.0035135921746895066
70,6,56.271881103515625,374.8487548828125,68.92613220214844,104.04177856445312,2.333333333333333,0.20016793488028342,0.0018534068044470688
70,7,1653.3408203125,344.9252319335937,75.480224609375,131.85079956054688,2.333333333333333,0.4016865492074081,0.0037193199000685935
70,8,1695.174072265625,165.3457794189453,44.2489013671875,67.86642456054688,2.333333333333333,0.4331622632311884,0.004010761696585078
71,1,1525.208984375,137.56607055664062,42.545654296875,120.04198455810548,2.3666666666666667,0.04860170405867934,0.000450015778321105
71,2,916.558837890625,886.9960327148438,151.7515869140625,198.4986572265625,2.3666666666666667,9.755758365835238,0.09033109597995591
71,3,405.013916015625,129.9163360595703,43.595489501953125,134.4889373779297,2.3666666666666667,0.6754413723541935,0.006254086781057348
71,4,1040.0303955078125,225.35574340820312,70.53765869140625,120.38752746582033,2.3666666666666667,0.5477800408417214,0.005072037415201124
71,5,214.2680511474609,438.8114929199219,57.423736572265625,119.11248779296876,2.3666666666666667,0.6312244993733018,0.005844671290493535
71,6,56.52201843261719,374.8346862792969,68.44267272949219,104.08807373046876,2.3666666666666667,0.33497781213827693,0.0031016464086877494
71,7,1653.2454833984375,344.7887878417969,75.065185546875,131.6944580078125,2.3666666666666667,0.22255612104067118,0.0020607048244506592
71,8,1695.203857421875,164.95025634765625,44.2774658203125,68.69395446777344,2.3666666666666667,0.5303364576005958,0.004910522755561072
72,1,1525.227294921875,137.53053283691406,42.5462646484375,120.16254425048828,2.4,0.05345250211477327,0.0004949305751367895
72,2,903.8114013671876,885.9708251953125,134.83099365234375,202.148193359375,2.4,17.099152177199606,0.15832548312221859
72,3,404.5924072265625,129.8016357421875,43.743255615234375,135.01475524902344,2.4,0.5840772349897021,0.005408122546200945
72,4,1040.206298828125,226.28549194335935,70.7794189453125,117.7838134765625,2.4,1.2651849726023658,0.011714675672244127
72,5,214.1263427734375,439.2021789550781,58.14263916015625,119.85198974609376,2.4,0.5556726890213326,0.005145117490938265
72,6,56.901947021484375,374.8454895019531,67.846923828125,104.08245849609376,2.4,0.5081935923398939,0.004705496225369387
72,7,1653.1201171875,344.6999816894531,74.4879150390625,131.4749755859375,2.4,0.20541744893812175,0.00190201341609372
72,8,1695.263916015625,164.75108337402344,44.335205078125,69.07186889648438,2.4,0.27815048476274823,0.002575467451506928
73,1,1525.2177734375,137.54257202148438,42.5645751953125,120.26011657714844,2.433333333333333,0.02052295685140958,0.00019002737825379238
73,2,884.3798217773438,884.43359375,117.4371337890625,203.61773681640625,2.433333333333333,26.06240987564259,0.2413186099596536
73,3,404.9224853515625,129.97879028320312,43.66909790039063,134.6690216064453,2.433333333333333,0.5008817085715692,0.0046377935978849
73,4,1039.763427734375,226.6807556152344,67.39178466796875,118.81202697753906,2.433333333333333,0.7936884268291002,0.007348966915084261
73,5,213.76541137695312,439.0089111328125,58.496368408203125,119.53244018554688,2.433333333333333,0.5474188023509412,0.005068692614360566
73,6,56.90166473388672,374.90435791015625,67.90774536132812,104.04229736328124,2.433333333333333,0.07871164598462012,0.0007288115368946306
73,7,1653.15869140625,344.6259155273437,74.3765869140625,131.45401000976562,2.433333333333333,0.11165686151381078,0.0010338598288315813
73,8,1695.2962646484375,164.6322784423828,44.413330078125,69.18429565429688,2.433333333333333,0.16463277127255174,0.0015243775117828864
74,1,1525.2060546875,137.5313262939453,42.563720703125,120.3348159790039,2.466666666666667,0.021716277929790858,0.0002010766474980635
74,2,872.3373413085938,883.1016845703125,102.777099609375,206.039794921875,2.466666666666667,16.199731274615623,0.1499975118019965
74,3,405.3762512207031,129.18983459472656,42.25750732421875,134.01583862304688,2.466666666666667,1.2169138601191234,0.011267720927028919
74,4,1039.0933837890625,226.5251617431641,66.45947265625,120.46102905273438,2.466666666666667,0.9197282965465599,0.00851600274580148
74,5,213.3028259277344,439.3980712890625,58.40391540527344,119.37481689453124,2.466666666666667,0.8082660869516683,0.007483945249552484
74,6,56.926795959472656,374.9031372070313,67.88685607910156,104.10275268554688,2.466666666666667,0.033641635455668485,0.000311496624589523
74,7,1653.0557861328125,344.507080078125,74.077392578125,131.5089111328125,2.466666666666667,0.2101841806634074,0.001946149820957476
74,8,1695.3408203125,164.6316680908203,44.6322021484375,69.29776000976562,2.466666666666667,0.05957929689498322,0.0005516601564350299
75,1,1525.2601318359375,137.52764892578125,42.484619140625,120.38581848144533,2.5,0.07247151362228012,0.0006710325335396308
75,2,846.766845703125,881.0830688476562,94.284423828125,209.5596923828125,2.5,34.295719715992234,0.3175529603332614
75,3,405.52197265625,128.7595977783203,41.67623901367188,133.94570922851562,2.5,0.6073538595672074,0.005623646847844513
75,4,1038.6015625,226.60433959960935,67.5697021484375,119.08636474609376,2.5,0.6660629059524713,0.006167249129189549
75,5,212.97662353515625,439.0802001953125,57.58560180664063,118.46359252929688,2.5,0.6089876182918855,0.0056387742434433836
75,6,57.09167098999024,374.8163146972656,67.53247833251953,104.31182861328124,2.5,0.2491458163478159,0.002306905706924221
75,7,1653.09619140625,344.40753173828125,74.1158447265625,131.64028930664062,2.5,0.14364842268150418,0.0013300779877917055
75,8,1695.32177734375,164.677001953125,44.6719970703125,69.30119323730469,2.5,0.065744788415916,0.000608748040888111
76,1,1525.2896728515625,137.6380615234375,42.43603515625,120.68661499023438,2.533333333333333,0.15282111606647364,0.00141501033394883
76,2,823.983642578125,876.5215454101562,99.27032470703124,207.0008544921875,2.533333333333333,31.06712526080094,0.2876585672296383
76,3,405.59759521484375,128.7665252685547,41.54171752929688,133.83340454101562,2.533333333333333,0.10153545125250796,0.0009401430671528515
76,4,1038.42529296875,226.6485290527344,68.95074462890625,117.73020935058594,2.533333333333333,0.24297650481724872,0.002249782452011562
76,5,213.21527099609372,437.9750061035156,56.93046569824219,116.5369873046875,2.533333333333333,1.5117716925643894,0.013997886042262863
76,6,57.17640686035156,374.7990417480469,67.3968505859375,104.3428955078125,2.533333333333333,0.11562709399257727,0.0010706212406720117
76,7,1653.2310791015625,344.3984375,74.0625,131.7799072265625,2.533333333333333,0.1807627182452059,0.0016737288726407953
76,8,1695.317626953125,164.76205444335938,44.8175048828125,69.25657653808594,2.533333333333333,0.1138558128332506,0.0010542204891967647
77,1,1525.28564453125,137.68350219726562,42.4034423828125,120.69847869873048,2.566666666666667,0.06099529359403538,0.0005647712369818091
77,2,810.9118041992188,874.9600830078125,106.73828125,205.5113525390625,2.566666666666667,17.602117966647207,0.16298257376525188
77,3,405.6186218261719,128.9075927734375,41.32574462890625,133.55130004882812,2.566666666666667,0.1906997985117167,0.001765738875108488
77,4,1037.9652099609375,225.61962890625,68.46368408203125,118.27238464355467,2.566666666666667,1.5069779204458729,0.013953499263387712
77,5,213.23880004882807,437.4486083984375,56.75335693359375,115.65591430664062,2.566666666666667,0.7045293799231076,0.006523420184473218
77,6,57.13002395629883,374.7499084472656,67.52063751220703,104.4296875,2.566666666666667,0.09034284094063622,0.0008365077864873723
77,7,1653.3876953125,344.3785400390625,74.017578125,131.69393920898438,2.566666666666667,0.21108887284558323,0.001954526600422067
77,8,1695.29052734375,164.8851318359375,44.9232177734375,69.06709289550781,2.566666666666667,0.16850400585747985,0.0015602222764581467
78,1,1525.277099609375,137.74085998535156,42.40185546875,120.64864349365234,2.6,0.07753730856934524,0.0007179380423087521
78,2,799.1728515625,874.9454345703125,103.9210205078125,206.83282470703125,2.6,15.695725579933846,0.14533079240679486
78,3,405.5974731445313,128.97073364257812,41.16741943359375,133.42654418945312,2.6,0.0890330641767264,0.0008243802238585777
78,4,1035.6572265625,223.2767639160156,64.5635986328125,121.29899597167967,2.6,4.39724949157463,0.04071527307013546
78,5,213.2123870849609,436.9931640625,56.216705322265625,114.8404541015625,2.6,0.6099807316905836,0.0056479697378757744
78,6,57.070106506347656,374.90087890625,67.68888854980469,104.13751220703124,2.6,0.21717360998054572,0.002010866759079127
78,7,1653.3516845703125,344.2389221191406,73.70751953125,131.43145751953125,2.6,0.1927872446515327,0.0017850670801067843
78,8,1695.30615234375,164.96861267089844,44.92626953125,68.8214111328125,2.6,0.11355739138329049,0.00105145732762306
79,1,1525.290283203125,137.7886962890625,42.34375,120.59212493896484,2.6333333333333333,0.0663447003398195,0.0006143027809242546
79,2,792.947509765625,876.2484130859375,96.56890869140624,210.42193603515625,2.6333333333333333,8.504036360313295,0.0787410774103083
79,3,405.36236572265625,129.6591796875,42.503753662109375,134.12318420410156,2.6333333333333333,0.9726920226724614,0.009006407617337604
79,4,1028.767333984375,223.69235229492188,54.8853759765625,118.59846496582033,2.6333333333333333,9.228960314685574,0.08545333624708865
79,5,213.08306884765625,436.9616088867188,56.34266662597656,115.336181640625,2.6333333333333333,0.1779797217953758,0.0016479603869942205
79,6,57.11831283569336,374.9259948730469,67.57820892333984,104.14129638671876,2.6333333333333333,0.07267844223163787,0.0006729485391818321
79,7,1653.452392578125,344.2522888183594,73.6947021484375,131.41796875,2.6333333333333333,0.13583378100801627,0.0012577201945186691
79,8,1695.375244140625,164.84762573242188,44.923583984375,68.92236328125,2.6333333333333333,0.18628652096494988,0.0017248751941199062
80,1,1525.302490234375,137.7534942626953,42.3026123046875,120.5649185180664,2.6666666666666665,0.04981691534531067,0.0004612677346788025
80,2,788.150146484375,877.20654296875,93.99517822265624,212.83465576171875,2.6666666666666665,6.541052327169512,0.06056529932564362
80,3,405.25189208984375,129.88333129882812,42.995391845703125,134.44430541992188,2.6666666666666665,0.3341275271417285,0.003093773399460449
80,4,1024.5794677734375,224.0843505859375,50.60638427734375,117.80973815917967,2.6666666666666665,5.6239153531603145,0.05207329030703994
80,5,212.87045288085935,437.0599365234375,56.67082214355469,116.05062866210938,2.6666666666666665,0.31320920508923117,0.002900085232307696
80,6,57.171234130859375,374.8731689453125,67.39588928222656,104.24685668945312,2.6666666666666665,0.09997832539521626,0.0009257252351408912
80,7,1653.472900390625,344.2239990234375,73.721923828125,131.21450805664062,2.6666666666666665,0.04671848045817654,0.00043257852276089385
80,8,1695.3594970703125,164.77130126953125,44.81103515625,68.91639709472656,2.6666666666666665,0.10419993103047914,0.0009648141762081401
81,1,1525.3201904296875,137.73655700683594,42.304931640625,120.53185272216795,2.7,0.03275578136442778,0.0003032942718928498
81,2,777.4075927734375,876.0750732421875,96.59423828125,211.823974609375,2.7,14.442916940804306,0.13373071241485468
81,3,405.1356506347656,129.90585327148438,43.24652099609375,134.6995849609375,2.7,0.158312463698302,0.0014658561453546478
81,4,1019.9577026367188,224.19158935546875,46.9735107421875,118.4638214111328,2.7,6.181252103900608,0.05723381577685748
81,5,213.0028381347656,437.1228637695313,56.47306823730469,116.59759521484376,2.7,0.19598660917636,0.001814690825707037
81,6,57.609806060791016,374.6361083984375,66.40538787841797,104.75479125976562,2.7,0.6665803577096129,0.006172040349163081
81,7,1653.636474609375,344.168212890625,73.8829345703125,131.1466064453125,2.7,0.23107835662447676,0.0021396144131895995
81,8,1695.3094482421875,164.75460815429688,44.932373046875,69.02644348144531,2.7,0.07054250127823036,0.0006531713081317626
82,1,1525.2900390625,137.8070068359375,42.3665771484375,120.45872497558594,2.7333333333333334,0.10246020265687597,0.000948705580156259
82,2,769.6980590820312,878.6451416015625,93.15478515625,218.530517578125,2.7333333333333334,10.865816004737248,0.1006094074512708
82,3,405.29925537109375,129.18553161621094,41.777862548828125,133.92868041992188,2.7333333333333334,0.9876447239548364,0.009144858555137372
82,4,1015.2757568359376,225.42593383789065,47.27508544921875,120.44114685058594,2.7333333333333334,6.4739542848885545,0.0599440211563755
82,5,212.87368774414065,436.6671752929688,55.656982421875,115.83425903320312,2.7333333333333334,0.6332819936754672,0.005863722163661733
82,6,57.61055755615234,374.586181640625,66.43345642089844,104.96292114257812,2.7333333333333334,0.0667627572639973,0.0006181736783703454
82,7,1653.666748046875,344.0833740234375,73.5631103515625,130.92471313476562,2.7333333333333334,0.12044042292194587,0.0011151891011291284
82,8,1695.24951171875,164.79550170898438,44.9317626953125,69.00700378417969,2.7333333333333334,0.09701463885483866,0.000898283693100358
83,1,1525.254150390625,137.80960083007812,42.4014892578125,120.36735534667967,2.7666666666666666,0.048110577700203556,0.0004454683120389218
83,2,763.6964111328125,879.263671875,92.6025390625,219.60150146484372,2.7666666666666666,8.06708189039265,0.07469520268882084
83,3,405.3716430664063,128.95054626464844,41.106048583984375,133.52244567871094,2.7666666666666666,0.32875997128143436,0.0030440738081614293
83,4,1012.7987670898438,224.56948852539065,48.8812255859375,123.69859313964844,2.7666666666666666,3.5042713865055974,0.032446957282459235
83,5,212.5450897216797,436.909912109375,55.94757080078125,116.34176635742188,2.7666666666666666,0.5462318802009773,0.005057702594453494
83,6,57.7688102722168,374.6496887207031,66.21529388427734,104.77191162109376,2.7666666666666666,0.22799590127088967,0.0021110731599156447
83,7,1653.7093505859375,344.2030334472656,73.96484375,131.24652099609375,2.7666666666666666,0.1698298557600754,0.0015724986644451424
83,8,1695.2496337890625,164.98281860351562,45.30908203125,68.75520324707031,2.7666666666666666,0.2504544484762097,0.002319022671076015
84,1,1525.2340087890625,137.79437255859375,42.4580078125,120.30622863769533,2.8,0.033761407052327594,0.0003126056208548851
84,2,758.268798828125,880.70849609375,88.54766845703125,220.2471923828125,2.8,7.509780564029079,0.06953500522249147
84,3,405.3948974609375,128.84425354003906,40.9024658203125,133.44723510742188,2.8,0.14548143330885965,0.001347050308415367
84,4,1008.9365844726562,223.983154296875,52.2137451171875,124.9541015625,2.8,5.223149114017086,0.04836249179645449
84,5,212.32269287109372,436.88665771484375,55.53935241699219,116.161865234375,2.8,0.2989796305169156,0.002768329912193663
84,6,57.64352798461914,374.66412353515625,66.61312103271484,104.71817016601562,2.8,0.16861845397759867,0.0015612819812740619
84,7,1653.7388916015625,344.2862548828125,74.132080078125,131.43792724609375,2.8,0.11807464820663115,0.001093283779691029
84,8,1695.23583984375,165.0146484375,45.4569091796875,68.88655090332031,2.8,0.04638299025734156,0.0004294721320124218
85,1,1525.22314453125,137.76605224609375,42.4915771484375,120.29158782958984,2.833333333333333,0.04055670486384786,0.0003755250450356283
85,2,753.585693359375,880.3519287109375,80.87554931640625,221.67303466796875,2.833333333333333,6.279728242278618,0.05814563187295017
85,3,405.4069519042969,128.83226013183594,40.8564453125,133.38180541992188,2.833333333333333,0.022736017351499032,0.0002105186791805466
85,4,1003.4024658203124,224.8871154785156,61.45556640625,126.19346618652344,2.833333333333333,7.497525371415879,0.06942153121681369
85,5,212.30780029296875,436.5823669433594,54.93052673339844,115.5067138671875,2.833333333333333,0.40734276160543553,0.003771692237087366
85,6,57.59981536865234,374.6866760253906,66.82232666015625,104.54864501953124,2.833333333333333,0.06576672711730129,0.0006089511770120489
85,7,1653.794921875,344.3724975585937,74.5672607421875,131.552734375,2.833333333333333,0.13751082102295462,0.0012732483428051355
85,8,1695.29736328125,165.00015258789062,45.5770263671875,69.12590026855469,2.833333333333333,0.08451317081526624,0.0007825293594006133
86,1,1525.184814453125,137.77227783203125,42.5396728515625,120.35398864746094,2.8666666666666667,0.051921303122434384,0.0004807528066892072
86,2,749.8291625976562,880.0436401367188,78.7919921875,223.0062255859375,2.8666666666666667,5.039602156055048,0.046662982926435635
86,3,405.4070434570313,128.84210205078125,40.83908081054688,133.3273468017578,2.8666666666666667,0.013159830094375036,0.0001218502786516207
86,4,999.2586669921876,226.0726776123047,69.66766357421875,128.03097534179688,2.8666666666666667,5.762821009849626,0.05335945379490394
86,5,212.2913818359375,436.4468383789063,54.72978210449219,115.26181030273438,2.8666666666666667,0.1825350238237572,0.0016901391094792332
86,6,57.52569961547852,374.69720458984375,67.0458755493164,104.50726318359376,2.8666666666666667,0.10009228386569072,0.0009267804061638029
86,7,1653.692626953125,344.3841857910156,74.45263671875,131.47991943359375,2.8666666666666667,0.13766463170157264,0.001274672515755302
86,8,1695.304931640625,164.99819946289062,45.6676025390625,69.38017272949219,2.8666666666666667,0.010450900025283885,9.676759282670263e-05
87,1,1525.20166015625,137.73025512695312,42.5086669921875,120.4887924194336,2.9,0.06053343491271817,0.0005604947677103534
87,2,745.379150390625,879.8839721679688,74.5772705078125,223.3394775390625,2.9,5.953773191197267,0.05512752954812284
87,3,405.4417114257813,128.8540496826172,40.8106689453125,133.21466064453125,2.9,0.04902871569199433,0.0004539695897406882
87,4,996.364013671875,226.9019775390625,72.04022216796875,127.78303527832033,2.9,4.0260362212146905,0.037278113159395276
87,5,212.2664794921875,436.9288330078125,55.03886413574219,116.14324951171876,2.9,0.6453164921107418,0.005975152704729091
87,6,57.48958587646485,374.78900146484375,67.24458312988281,104.37118530273438,2.9,0.13189474975832363,0.001221247682947441
87,7,1653.6767578125,344.4874267578125,74.5433349609375,131.65115356445312,2.9,0.1396608142391701,0.001293155687399723
87,8,1695.386474609375,165.025634765625,45.6885986328125,69.59111022949219,2.9,0.1150336310802916,0.0010651262137064037
88,1,1525.2265625,137.7264404296875,42.473876953125,120.43113708496094,2.933333333333333,0.033684387095928,0.0003118924731104444
88,2,739.447509765625,878.3316040039062,68.45458984375,223.564208984375,2.933333333333333,8.198080436542394,0.07590815219020736
88,3,405.45208740234375,128.90179443359375,40.80484008789063,133.10330200195312,2.933333333333333,0.06532781382571931,0.0006048871650529565
88,4,995.4237060546876,229.13446044921875,72.81597900390625,126.05311584472656,2.933333333333333,3.2389378982424377,0.029990165724467013
88,5,212.20758056640625,437.4321899414063,55.58811950683594,117.139892578125,2.933333333333333,0.6776114635475206,0.006274180218032597
88,6,57.03659057617188,374.797607421875,68.25447082519531,104.3406982421875,2.933333333333333,0.605792320398168,0.005609188151834889
88,7,1653.617919921875,344.4269104003906,74.6370849609375,131.76519775390625,2.933333333333333,0.11285414935234307,0.0010449458273365099
88,8,1695.46484375,165.13235473632812,45.7694091796875,69.70181274414062,2.933333333333333,0.1770327016269575,0.001639191681731088
89,1,1525.233642578125,137.78622436523438,42.4542236328125,120.40518188476562,2.966666666666667,0.08049345519337067,0.0007453097703089877
89,2,732.3927001953125,877.3585205078125,71.16094970703125,223.5982666015625,2.966666666666667,9.522028336921462,0.0881669290455691
89,3,405.41217041015625,128.7531280517578,40.838775634765625,133.4902801513672,2.966666666666667,0.2058166992321186,0.0019057101780751721
89,4,994.1182861328124,229.30487060546875,71.58624267578125,123.57533264160156,2.966666666666667,1.760236963663612,0.016298490404292702
89,5,212.13604736328125,437.5815734863281,55.84996032714844,117.4217529296875,2.966666666666667,0.2214542138153152,0.002050501979771437
89,6,57.126708984375,374.7249755859375,68.02424621582031,104.48745727539062,2.966666666666667,0.1547571789023567,0.0014329368416884881
89,7,1653.6077880859375,344.43121337890625,74.262451171875,131.79266357421875,2.966666666666667,0.0147179989317941,0.0001362777678869824
89,8,1695.4493408203125,165.10125732421875,45.82568359375,69.68600463867188,2.966666666666667,0.04645960062378665,0.0004301814872572838
90,1,1525.2593994140625,137.74041748046875,42.483642578125,120.5141372680664,3.0,0.07026495974954618,0.0006506014791624645
90,2,725.327392578125,874.904052734375,72.93609619140625,222.99127197265625,3.0,10.00056464684685,0.09259782080413749
90,3,405.4331665039063,128.6768798828125,40.82980346679688,133.56153869628906,3.0,0.10574312626660629,0.0009791030209870951
90,4,993.6300048828124,229.5235595703125,70.86090087890625,121.99171447753906,3.0,0.7153514826455589,0.00662362483931073
90,5,212.12307739257807,437.664794921875,55.837310791015625,117.56695556640624,3.0,0.11261549278700615,0.001042736044324131
90,6,57.23635482788086,374.7063598632813,67.81859588623047,104.55178833007812,3.0,0.14870128513189568,0.001376863751221256
90,7,1653.4794921875,344.3373413085937,73.9219970703125,131.70010375976562,3.0,0.21255426487640305,0.00196809504515188
90,8,1695.47265625,164.9400634765625,45.6798095703125,69.91786193847656,3.0,0.21776912980370558,0.0020163808315157923
91,1,1525.272216796875,137.708740234375,42.5340576171875,120.43701171875,3.033333333333333,0.045690249182222566,0.0004230578627983571
91,2,720.195556640625,872.7529907226562,73.18212890625,222.2781982421875,3.033333333333333,7.439981873460924,0.06888872105056411
91,3,405.4524230957031,128.6217498779297,40.94647216796875,133.73397827148438,3.033333333333333,0.0780795705539933,0.000722958986611049
91,4,993.7306518554688,229.55288696289065,70.8770751953125,121.58946228027344,3.033333333333333,0.14016796167646606,0.0012978514970043153
91,5,212.0604248046875,437.4190368652344,55.75621032714844,117.32440185546876,3.033333333333333,0.3391038532186082,0.0031398504927648905
91,6,57.1967658996582,374.6456298828125,67.76178741455078,104.72079467773438,3.033333333333333,0.09692931992458924,0.0008974937030054558
91,7,1653.33935546875,344.15777587890625,73.578369140625,131.44210815429688,3.033333333333333,0.30455115099471447,0.0028199180647658743
91,8,1695.529296875,164.78482055664062,45.8184814453125,70.37396240234375,3.033333333333333,0.22095347028273213,0.002045865465580853
92,1,1525.24951171875,137.69448852539062,42.5982666015625,120.29048919677734,3.066666666666667,0.03584304673732308,0.00033188006238262115
92,2,716.4281005859375,871.8379516601562,73.1680908203125,223.7623291015625,3.066666666666667,5.183772794634529,0.04799789624661601
92,3,405.4319458007813,128.6648406982422,40.94598388671875,133.5956268310547,3.066666666666667,0.06378977078321162,0.0005906460257704779
92,4,994.0997314453124,229.09410095214844,70.411865234375,122.20053100585938,3.066666666666667,0.7872838672947614,0.007289665437914457
92,5,211.8189849853516,437.7720947265625,55.767120361328125,118.09454345703124,3.066666666666667,0.5718862489989565,0.005295243046286634
92,6,57.25653839111328,374.6940307617188,67.55194091796875,104.5892333984375,3.066666666666667,0.10283563007461735,0.0009521817599501606
92,7,1653.229736328125,344.000244140625,73.209228515625,131.18603515625,3.066666666666667,0.25660665986828735,0.002375987591373031
92,8,1695.568603515625,164.79066467285156,45.8751220703125,70.35073852539062,3.066666666666667,0.05313314935368849,0.0004919736051267453
93,1,1525.264892578125,137.67645263671875,42.586181640625,120.24695587158205,3.1,0.03169329232588205,0.00029345641042483376
93,2,711.3653564453125,869.7687377929688,73.31414794921875,224.933349609375,3.1,7.312769256396681,0.06771082644811742
93,3,405.4355163574219,128.6536865234375,40.93914794921875,133.6532745361328,3.1,0.015659307612631304,0.0001449935890058454
93,4,994.5162353515624,228.06056213378903,71.19207763671875,126.77084350585938,3.1,1.489896844923584,0.013795341156699852
93,5,211.6572265625,437.70745849609375,55.25849914550781,118.07998657226562,3.1,0.2329085722170434,0.002156560853861513
93,6,57.40869903564453,374.7553405761719,67.28579711914062,104.49908447265624,3.1,0.21934246481477984,0.0020309487482849985
93,7,1653.1304931640625,343.88262939453125,72.8203125,131.04104614257812,3.1,0.20576186012516187,0.0019052024085663135
93,8,1695.64453125,164.82884216308594,46.122802734375,70.30496215820312,3.1,0.1136309754204403,0.0010521386613003732
94,1,1525.237060546875,137.65505981445312,42.6195068359375,120.24811553955078,3.1333333333333333,0.04693593713759229,0.0004345920105332619
94,2,704.8618774414062,863.069580078125,81.37255859375,221.64434814453125,3.1333333333333333,12.483750466561727,0.11559028209779376
94,3,405.43701171875,128.60231018066406,40.96456909179688,133.69268798828125,3.1333333333333333,0.06872247232402941,0.0006363191881854574
94,4,994.8128662109376,226.5149688720703,75.07275390625,133.92300415039062,3.1333333333333333,2.1042697939814374,0.0194839795739022
94,5,211.5853576660156,437.9089965820313,55.24449157714844,118.5594482421875,3.1333333333333333,0.28608994294773366,0.0026489809532197557
94,6,57.418556213378906,374.7767333984375,67.25013732910156,104.4930419921875,3.1333333333333333,0.031493904705395925,0.00029161022875366595
94,7,1653.104736328125,343.70556640625,72.88232421875,131.04708862304688,3.1333333333333333,0.23923600313213556,0.002215148177149403
94,8,1695.7353515625,164.82809448242188,46.1414794921875,70.33920288085938,3.1333333333333333,0.1214365490234929,0.0011244124909582677
95,1,1525.21875,137.6300048828125,42.6607666015625,120.27762603759766,3.1666666666666665,0.04149260035370248,0.0003841907440157637
95,2,701.3501586914062,857.301513671875,84.6988525390625,216.57965087890625,3.1666666666666665,9.029158278005008,0.08360331738893526
95,3,405.42962646484375,128.5465087890625,40.99560546875,133.79144287109375,3.1666666666666665,0.07526055423588567,0.000696856983665608
95,4,994.8489990234376,225.2992706298828,75.64501953125,136.13473510742188,3.1666666666666665,1.6261823311497505,0.015057243806942133
95,5,211.6031951904297,438.0052490234375,55.2969970703125,118.73236083984376,3.1666666666666665,0.13088680773793182,0.0012119148864623316
95,6,57.38850402832031,374.76708984375,67.34356689453125,104.60128784179688,3.1666666666666665,0.042199776287713354,0.0003907386693306792
95,7,1653.0462646484375,343.7279663085937,73.145751953125,131.20025634765625,3.1666666666666665,0.08372075273150227,0.0007751921549213173
95,8,1695.80859375,164.82737731933594,46.1702880859375,70.34542846679688,3.1666666666666665,0.09793407678647233,0.0009067970072821512
96,1,1525.222412109375,137.591552734375,42.6405029296875,120.28645324707033,3.2,0.051645564581272,0.00047819967204881477
96,2,704.0460815429688,853.6869506835938,86.483642578125,215.013427734375,3.2,6.029109056603255,0.05582508385743754
96,3,405.4264526367188,128.55044555664062,40.99737548828125,133.83921813964844,3.2,0.00676127056514949,6.260435708471751e-05
96,4,996.431640625,223.5121917724609,76.036376953125,135.33291625976562,3.2,3.1917463870330636,0.029553207287343182
96,5,211.51028442382807,438.1585693359375,55.38435363769531,119.03518676757812,3.2,0.2397018914363402,0.0022194619577438905
96,6,57.18815231323242,374.74951171875,67.74225616455078,104.65484619140624,3.2,0.2689118243128842,0.002489924299193372
96,7,1653.120361328125,343.7578125,73.1888427734375,131.32235717773438,3.2,0.10680705219992996,0.0009889541870363886
96,8,1695.7916259765625,164.82977294921875,46.189697265625,70.58984375,3.2,0.022911976421348533,0.00021214792982730124
97,1,1525.2484130859375,137.57545471191406,42.571533203125,120.24419403076172,3.2333333333333334,0.040888698439120616,0.00037859905962148713
97,2,709.6271362304688,850.18115234375,82.0438232421875,215.52734375,3.2333333333333334,8.812326616796733,0.08159561682219196
97,3,405.3998718261719,128.54771423339844,41.02001953125,133.95108032226562,3.2333333333333334,0.03572734120420836,0.00033080871485378113
97,4,998.2421875,222.6960601806641,76.288330078125,133.21505737304688,3.2333333333333334,2.6553908967506303,0.02458695274769102
97,5,211.71905517578125,437.8634033203125,55.73646545410156,118.53717041015624,3.2333333333333334,0.4833960881217292,0.004475889704830826
97,6,57.05785369873047,374.7528991699219,67.96701049804688,104.6007080078125,3.2333333333333334,0.1742762559124108,0.0016136690362260257
97,7,1653.19580078125,343.75958251953125,73.2755126953125,131.49578857421875,3.2333333333333334,0.10089502379900349,0.0009342131833241063
97,8,1695.79638671875,164.77203369140625,46.25927734375,70.53681945800781,3.2333333333333334,0.07746297365554142,0.0007172497560698279
98,1,1525.2904052734375,137.55612182617188,42.47900390625,120.29408264160156,3.2666666666666666,0.06181082863422785,0.0005723224873539615
98,2,711.908203125,846.8819580078125,78.67974853515625,217.75,3.2666666666666666,5.36292909335525,0.04965675086440046
98,3,405.4153137207031,128.59161376953125,41.0262451171875,133.88632202148438,3.2666666666666666,0.06222185774683953,0.0005761283124707363
98,4,999.7213134765624,222.02926635742188,76.09521484375,129.00738525390625,3.2666666666666666,2.1693515228307017,0.020086588174358346
98,5,211.86062622070312,437.76165771484375,56.24995422363281,118.25625610351562,3.2666666666666666,0.23310383437630194,0.0021583688368176103
98,6,57.0877685546875,374.7263793945313,67.86369323730469,104.58901977539062,3.2666666666666666,0.053452359026646405,0.000494929250246726
98,7,1653.190185546875,343.7212829589844,73.1309814453125,131.50482177734375,3.2666666666666666,0.051756361192570106,0.00047922556659787133
98,8,1695.81689453125,164.86734008789062,46.4642333984375,70.62522888183594,3.2666666666666666,0.13034733943489762,0.0012069198095823854
99,1,1525.304443359375,137.56576538085938,42.45458984375,120.29867553710938,3.3,0.02277194490507374,0.00021085134171364573
99,2,712.6762084960938,840.4312744140625,79.64111328125,226.26959228515625,3.3,8.685880638211367,0.08042482072417932
99,3,405.46240234375,128.62879943847656,41.04559326171875,133.86268615722656,3.3,0.08022500232041255,0.0007428240955593754
99,4,1001.510986328125,223.69076538085935,78.872802734375,122.81584167480467,3.3,3.265146024989304,0.030232833564715778
99,5,211.90809631347656,438.03216552734375,56.745697021484375,118.72555541992188,3.3,0.36721268703814425,0.0034001174725754096
99,6,57.06964874267578,374.5363464355469,67.88687133789062,104.98907470703124,3.3,0.25523837805682703,0.002363318315340991
99,7,1653.146240234375,343.810546875,73.6380615234375,131.73486328125,3.3,0.13303091362099834,0.0012317677187129476
99,8,1695.777099609375,164.87936401367188,46.3836669921875,70.65031433105469,3.3,0.05558403120335103,0.0005146669555865836
100,1,1525.308837890625,137.5796661376953,42.431640625,120.22591400146484,3.333333333333333,0.019492837213926285,0.0001804892334622804
100,2,710.625244140625,838.7054443359375,78.39678955078125,225.90826416015625,3.333333333333333,3.583962110944734,0.03318483436059939
100,3,405.47119140625,128.6224822998047,41.05923461914063,133.8209228515625,3.333333333333333,0.014472048551832753,0.00013400044955400695
100,4,1002.7615966796876,224.7761688232422,82.86407470703125,119.68338012695312,3.333333333333333,2.2140910778194205,0.02050084331314278
100,5,212.01123046875,438.2688903808594,57.17439270019531,119.31402587890624,3.333333333333333,0.34525043236846564,0.0031967632626709783
100,6,57.0327262878418,374.427490234375,67.98303985595703,105.32025146484376,3.333333333333333,0.15369206411761444,0.0014230746677556892
100,7,1653.058349609375,343.83984375,73.86865234375,131.87936401367188,3.333333333333333,0.12387195919918606,0.0011469625851776486
100,8,1695.760986328125,164.86236572265625,46.3743896484375,70.73765563964844,3.333333333333333,0.031316382343331936,0.0002899665031789994
101,1,1525.31591796875,137.56507873535156,42.4249267578125,120.1292953491211,3.3666666666666667,0.021680204090615017,0.00020074263046865757
101,2,708.4873046875,840.2626342773438,81.43609619140625,221.04931640625,3.3666666666666667,3.536429366339974,0.03274471635499976
101,3,405.4067993164063,128.5460968017578,41.02389526367188,133.90817260742188,3.3666666666666667,0.13357974111682397,0.001236849454785407
101,4,1003.2429809570312,226.8711395263672,83.9525146484375,115.07443237304688,3.3666666666666667,2.8741038040807303,0.026612072260006763
101,5,212.17581176757807,438.4062194824219,57.75352478027344,119.78973388671876,3.3666666666666667,0.28660048077129957,0.0026537081552898104
101,6,56.90361404418945,374.3941040039063,68.20880889892578,105.42300415039062,3.3666666666666667,0.17830926261807512,0.0016510116909081028
101,7,1653.099365234375,344.00787353515625,73.5064697265625,132.07351684570312,3.3666666666666667,0.23126269224043283,0.0021413212244484523
101,8,1695.708740234375,164.84173583984375,46.3668212890625,70.80181884765625,3.3666666666666667,0.07510491291352282,0.0006954158603103965
102,1,1525.3193359375,137.59169006347656,42.4210205078125,120.12726593017578,3.4,0.03587329704682256,0.0003321601578409496
102,2,707.1123657226562,840.8260498046875,82.3714599609375,218.41961669921875,3.4,1.986739100705671,0.018395732413941396
102,3,405.4225769042969,128.61273193359375,41.02374267578125,133.69857788085938,3.4,0.09155874682337067,0.0008477661742904692
102,4,1004.4244384765624,229.1597442626953,83.29376220703125,109.03359985351562,3.4,3.4436961643189603,0.031886075595545925
102,5,212.15109252929688,438.7427062988281,58.14796447753906,120.58270263671876,3.4,0.45111628479671784,0.004177002637006646
102,6,56.93614196777344,374.3980102539063,68.04649353027344,105.462890625,3.4,0.043804351023486926,0.0004055958428100641
102,7,1653.021484375,344.1344299316406,73.4852294921875,132.04595947265625,3.4,0.19868744137808153,0.0018396985312785325
102,8,1695.6279296875,164.7028350830078,46.5318603515625,71.07321166992188,3.4,0.214862926543002,0.001989471542064833
103,1,1525.332763671875,137.54824829101562,42.4127197265625,120.06698608398438,3.433333333333333,0.06079580174622718,0.0005629240902428443
103,2,702.694091796875,842.7224731445312,84.912353515625,220.7166748046875,3.433333333333333,6.428694104702319,0.05952494541391036
103,3,405.4250183105469,128.55271911621094,41.07843017578125,133.69129943847656,3.433333333333333,0.08030725862120225,0.0007435857279740948
103,4,1006.8314819335938,230.83428955078125,79.5784912109375,104.6361083984375,3.433333333333333,3.920571890929417,0.03630159158267979
103,5,212.52935791015625,439.4428405761719,58.93858337402344,122.58123779296876,3.433333333333333,1.0640133897586885,0.009851975831098966
103,6,56.75639343261719,374.4622192382813,68.37490844726562,105.48477172851562,3.433333333333333,0.25520852615867334,0.002363041908876605
103,7,1653.0196533203125,344.2960205078125,73.56787109375,132.29156494140625,3.433333333333333,0.2160705703248972,0.0020006534289342334
103,8,1695.6041259765625,164.75074768066406,46.439453125,71.04330444335938,3.433333333333333,0.0715326396735565,0.0006623392562366342
104,1,1525.3143310546875,137.6240234375,42.400390625,119.93072509765624,3.466666666666667,0.10427059597084495,0.0009654684812115274
104,2,696.4264526367188,843.6351318359375,94.188720703125,223.02752685546875,3.466666666666667,8.46860456485403,0.07841300523012991
104,3,405.434326171875,128.56520080566406,41.135650634765625,133.82089233398438,3.466666666666667,0.020818232902385297,0.00019276141576282684
104,4,1008.34375,231.66146850585935,76.64434814453125,100.54240417480467,3.466666666666667,2.30470938426686,0.021339901706174627
104,5,212.9306182861328,439.3913269042969,58.6666259765625,122.939697265625,3.466666666666667,0.5409133361658272,0.005008456816350251
104,6,56.66912841796875,374.47564697265625,68.43135070800781,105.55880737304688,3.466666666666667,0.1180519946974373,0.0010930740249762711
104,7,1652.9873046875,344.40380859375,73.604736328125,132.36151123046875,3.466666666666667,0.15046976975777884,0.0013932386088683225
104,8,1695.597412109375,164.82069396972656,46.4608154296875,71.21511840820312,3.466666666666667,0.09395239894554058,0.0008699296198661165
105,1,1525.328125,137.5191192626953,42.37060546875,119.82968139648438,3.5,0.141470809318032,0.0013099149010928886
105,2,690.19091796875,844.0945434570312,97.38128662109376,224.7801513671875,3.5,8.359897249366362,0.0774064560126515
105,3,405.4385986328125,128.6144256591797,41.185150146484375,133.79928588867188,3.5,0.06606415023575576,0.0006117050947755164
105,4,1008.5921020507812,233.1541748046875,80.1297607421875,96.21720886230467,3.5,2.023276814666371,0.018734044580244174
105,5,213.10443115234372,439.1329345703125,58.51945495605469,123.32229614257812,3.5,0.4163774725050911,0.0038553469676397326
105,6,56.15547943115234,374.4954528808594,69.52273559570312,105.6102294921875,3.5,0.6872911664652063,0.006363807096900058
105,7,1652.861572265625,344.5643920898437,73.489501953125,132.51266479492188,3.5,0.2726942201699852,0.0025249464830554183
105,8,1695.57177734375,164.8336944580078,46.417236328125,71.41201782226562,3.5,0.03843104451578929,0.00035584300477582676
106,1,1525.3172607421875,137.53836059570312,42.40234375,119.8506851196289,3.533333333333333,0.029544573424470755,0.0002735608650413959
106,2,682.766845703125,844.696533203125,97.94378662109376,221.88543701171875,3.533333333333333,9.959028212204997,0.09221322418708329
106,3,405.4320068359375,128.55484008789062,41.20062255859375,133.77281188964844,3.533333333333333,0.08015566565161597,0.0007421820893668146
106,4,1006.0718994140624,233.6480255126953,85.14337158203125,94.33419799804688,3.533333333333333,3.4337550442069706,0.03179402818710158
106,5,213.13470458984372,439.2704772949219,58.51469421386719,123.3765869140625,3.533333333333333,0.18830512544284383,0.001743565976322628
106,6,56.02342987060547,374.4495239257813,69.67976379394531,105.71286010742188,3.533333333333333,0.1869333656791334,0.001730864497029013
106,7,1652.703369140625,344.77392578125,73.1798095703125,132.52288818359375,3.533333333333333,0.35104599896683986,0.0032504259163596283
106,8,1695.5374755859375,164.7744598388672,46.404296875,71.46743774414062,3.533333333333333,0.09152142214713904,0.0008474205754364725
107,1,1525.3162841796875,137.51380920410156,42.498291015625,119.7895736694336,3.566666666666667,0.03285270319942611,0.00030419169629098254
107,2,676.0916137695312,844.9993896484375,99.002685546875,219.84521484375,3.566666666666667,8.934383628805469,0.08272577434079137
107,3,405.435302734375,128.4904022216797,41.19158935546875,133.83218383789062,3.566666666666667,0.08627008198821476,0.0007987970554464329
107,4,1004.5604248046876,233.94146728515625,88.51068115234375,92.99195861816406,3.566666666666667,2.058669694507905,0.01906175643062875
107,5,213.11578369140625,439.2517700195313,58.99391174316406,123.38299560546876,3.566666666666667,0.03557597825696873,0.0003294072060830438
107,6,55.4766731262207,374.3824462890625,70.79401397705078,105.79339599609376,3.566666666666667,0.7365289176630594,0.006819712200583883
107,7,1652.568359375,344.9515380859375,73.3995361328125,132.70022583007812,3.566666666666667,0.29829911597817477,0.002762028851649766
107,8,1695.4825439453125,164.91873168945312,46.486083984375,71.07627868652344,3.566666666666667,0.20640993886638706,0.001911203137651732
108,1,1525.291748046875,137.51002502441406,42.5809326171875,119.84293365478516,3.6,0.03319422473858439,0.00030735393276467025
108,2,669.82373046875,844.78955078125,102.03131103515624,214.4638671875,3.6,8.385246882788381,0.07764117484063315
108,3,405.4497680664063,128.47479248046875,41.230560302734375,133.9075927734375,3.6,0.028454934626033736,0.00026347161690771977
108,4,999.3966064453124,232.94525146484372,87.76116943359375,97.4591064453125,3.6,7.031660630231921,0.06510796879844372
108,5,212.9381866455078,439.0740966796875,59.647247314453125,123.29910278320312,3.6,0.3358889588731135,0.0031100829525288285
108,6,55.39699935913086,374.380859375,70.9145736694336,105.82223510742188,3.6,0.10654993477994047,0.000986573470184634
108,7,1652.52685546875,344.9686279296875,73.1337890625,132.60415649414062,3.6,0.060013659609683086,0.0005556820334229915
108,8,1695.467041015625,164.9482421875,46.4339599609375,70.90008544921875,3.6,0.044570739760478956,0.0004126920348192496
109,1,1525.258544921875,137.4713134765625,42.6412353515625,119.8881378173828,3.633333333333333,0.06819059971813038,0.0006313944418345405
109,2,664.631591796875,846.5677490234375,106.45989990234376,207.61688232421875,3.633333333333333,7.338060777026019,0.06794500719468537
109,3,405.4357299804688,128.478271484375,41.19937133789063,133.89541625976562,3.633333333333333,0.019337609334586524,0.00017905193828320854
109,4,988.1505126953124,234.61077880859372,80.92730712890625,91.92054748535156,3.633333333333333,15.200736906387188,0.1407475639480295
109,5,212.6795654296875,439.3860473632813,60.40129089355469,124.05422973632812,3.633333333333333,0.5417960750916924,0.005016630324923077
109,6,55.084693908691406,374.3821411132813,71.5758056640625,105.89227294921876,3.633333333333333,0.4175754230582418,0.003866439102391128
109,7,1652.51513671875,344.9097900390625,72.6298828125,132.37734985351562,3.633333333333333,0.0802151307737377,0.0007427326923494231
109,8,1695.488525390625,165.10479736328125,46.3289794921875,70.652587890625,3.633333333333333,0.2112859205210464,0.0019563511159356147
110,1,1525.24853515625,137.51100158691406,42.64990234375,119.96347045898438,3.6666666666666665,0.05472721944088451,0.0005067335133415232
110,2,661.077392578125,847.714111328125,112.38250732421876,204.4580078125,3.6666666666666665,4.993257824336659,0.04623386874385795
110,3,405.4583740234375,128.48704528808594,41.15667724609375,133.79971313476562,3.6666666666666665,0.03246976691129836,0.00030064598991942924
110,4,979.1173095703124,232.0664825439453,77.2177734375,94.93258666992188,3.6666666666666665,12.547902525489611,0.11618428264342233
110,5,212.54966735839844,439.4191589355469,60.7933349609375,124.0177001953125,3.6666666666666665,0.17923563513311755,0.0016595892141955328
110,6,55.08952331542969,374.4532470703125,71.51542663574219,105.80099487304688,3.6666666666666665,0.09529213852887874,0.0008823346160081366
110,7,1652.48095703125,344.8765563964844,72.6822509765625,132.31085205078125,3.6666666666666665,0.06374193632727533,0.0005902031141414382
110,8,1695.52783203125,165.09976196289062,46.451416015625,70.75970458984375,3.6666666666666665,0.05298492498997677,0.0004906011573145997
111,1,1525.231201171875,137.50018310546875,42.6669921875,119.8709487915039,3.7,0.02732016750679033,0.00025296451395176233
111,2,657.210205078125,849.5374755859375,119.50091552734376,203.22576904296875,3.7,5.716594476775357,0.05293143034051256
111,3,405.4573364257813,128.47482299804688,41.09494018554688,133.80548095703125,3.7,0.016400747993758562,0.00015185877771998666
111,4,968.0350952148438,230.84732055664065,81.78857421875,90.52838134765624,3.7,14.907007550731404,0.13802784769195742
111,5,212.4010009765625,439.2508544921875,60.8565673828125,123.70101928710938,3.7,0.3002533901218272,0.0027801239826095113
111,6,55.426753997802734,374.4483642578125,70.86392974853516,105.64837646484376,3.7,0.4509457612363599,0.00417542371515148
111,7,1652.474853515625,344.9946594238281,73.171630859375,132.5855712890625,3.7,0.15812186130302458,0.0014640913083613387
111,8,1695.53466796875,165.1689453125,46.4605712890625,70.80857849121094,3.7,0.09295292642609962,0.0008606752446861076
112,1,1525.230712890625,137.55142211914062,42.6805419921875,119.72645568847656,3.733333333333333,0.06851287436793235,0.000634378466369744
112,2,657.932373046875,850.617431640625,124.93109130859376,201.280517578125,3.733333333333333,1.7370658103289582,0.016083942688231094
112,3,405.44677734375,128.3763427734375,41.161895751953125,133.96981811523438,3.733333333333333,0.1324289289114979,0.0012261937862175732
112,4,960.82177734375,224.18307495117188,91.08331298828124,102.653564453125,3.733333333333333,13.130751892107284,0.1215810360380304
112,5,212.3558807373047,439.2021179199219,61.153900146484375,123.53009033203124,3.733333333333333,0.08880238739914398,0.0008222443277698516
112,6,55.47281646728516,374.4378051757813,70.70431518554688,105.60977172851562,3.733333333333333,0.06318586330905111,0.0005850542898986214
112,7,1652.45068359375,345.0346069335937,73.3973388671875,132.59133911132812,3.733333333333333,0.06242791433272267,0.0005780362438215063
112,8,1695.541748046875,165.286865234375,46.448974609375,70.68121337890625,3.733333333333333,0.15795024108005296,0.0014625022322227125
113,1,1525.2239990234375,137.57131958007812,42.684814453125,119.55689239501952,3.7666666666666666,0.028077833839347102,0.0002599799429569176
113,2,659.0191650390625,851.0169067382812,128.40594482421875,200.8897705078125,3.7666666666666666,1.5481643326165642,0.014334854931634854
113,3,405.4715576171875,128.378662109375,41.180572509765625,134.006103515625,3.7666666666666666,0.03327758313933358,0.00030812576980864426
113,4,955.3648681640624,222.26145935058597,98.9066162109375,107.71810913085938,3.7666666666666666,7.735396454056238,0.07162404124126145
113,5,212.4392242431641,439.1055603027344,61.179534912109375,123.60302734375,3.7666666666666666,0.17054499967864206,0.0015791203673948338
113,6,55.63871383666992,374.3870239257813,70.3219985961914,105.54351806640624,3.7666666666666666,0.23197426531621393,0.0021479098640390178
113,7,1652.3907470703125,344.9352722167969,73.40478515625,132.460205078125,3.7666666666666666,0.1551209918952778,0.0014363054805118314
113,8,1695.533203125,165.34886169433594,46.4388427734375,70.73651123046875,3.7666666666666666,0.08367679329019738,0.000774785123057383
114,1,1525.3258056640625,137.75782775878906,42.471435546875,119.37557983398438,3.8,0.28410578061232894,0.0026306090797437866
114,2,663.15478515625,849.8987426757812,134.69549560546875,201.980712890625,3.8,5.728130025764155,0.053038240979297734
114,3,405.5421752929688,128.55804443359375,40.945587158203125,133.13430786132812,3.8,0.2577614956626091,0.0023866805153945287
114,4,948.0068359375,222.7714385986328,102.66339111328124,110.31668090820312,3.8,9.861750725066043,0.09131250671357448
114,5,212.4864959716797,439.640625,61.57672119140625,124.45346069335938,3.8,0.7182015338726356,0.0066500142025244045
114,6,55.73573684692383,374.4186401367188,69.8615493774414,105.3096923828125,3.8,0.13643967336712823,0.001263330308954891
114,7,1653.734130859375,346.5518798828125,74.9566650390625,138.7364501953125,3.8,2.810408799051715,0.026022303694923282
114,8,1695.2269287109375,165.0483856201172,45.763916015625,70.08221435546875,3.8,0.5736759917778668,0.0053118147386839515
115,1,1525.38427734375,137.83065795898438,42.3721923828125,119.24819946289062,3.8333333333333335,0.12487888450926658,0.0011562859676783944
115,2,668.78759765625,847.55615234375,137.95086669921875,204.42730712890625,3.8333333333333335,8.156772342176758,0.07552566983496999
115,3,405.5479736328125,128.68528747558594,40.840850830078125,132.675537109375,3.8333333333333335,0.1703084506459745,0.001576930098573838
115,4,939.2649536132812,222.63796997070312,107.724609375,112.69956970214844,3.8333333333333335,11.689805263248468,0.10823893762267099
115,5,212.5294189453125,440.0076293945313,61.925689697265625,125.19961547851562,3.8333333333333335,0.49405247723697227,0.00457455997441641
115,6,55.897247314453125,374.3706665039063,69.42683410644531,105.27499389648438,3.8333333333333335,0.22527459971797328,0.0020858759233145672
115,7,1654.2906494140625,347.1317749023437,75.683837890625,141.01956176757812,3.8333333333333335,1.0746449142331964,0.009950415872529596
115,8,1695.135498046875,165.23428344726562,45.6014404296875,69.52330017089844,3.8333333333333335,0.2769932990481719,0.0025647527689645544
116,1,1525.4150390625,137.87171936035156,42.3115234375,119.27274322509766,3.8666666666666663,0.06859954214775008,0.0006351809458125006
116,2,673.5493774414062,846.0684814453125,138.146484375,206.43365478515625,3.8666666666666663,6.67028191901646,0.06176186962052278
116,3,405.5178527832031,128.71240234375,40.72662353515625,132.45994567871094,3.8666666666666663,0.05418785656241596,0.0005017394126149626
116,4,937.4962158203124,227.61268615722656,94.00714111328124,106.33383178710938,3.8666666666666663,7.059415810350741,0.0653649612069513
116,5,212.61117553710935,439.7685546875,61.69584655761719,124.72109985351562,3.8666666666666663,0.337832213522075,0.003128076051130324
116,6,56.02251815795898,374.3945617675781,69.13109588623047,105.1712646484375,3.8666666666666663,0.17051488320081473,0.0015788415111186549
116,7,1654.51025390625,347.2710876464844,76.0833740234375,141.6705322265625,3.8666666666666663,0.3477241087653805,0.003219667673753523
116,8,1695.05029296875,165.29617309570312,45.5386962890625,69.40512084960938,3.8666666666666663,0.14080629197727446,0.0013037619627525412
117,1,1525.40966796875,137.95437622070312,42.3011474609375,119.24939727783205,3.9,0.11075047131621557,0.001025467327001996
117,2,679.75732421875,844.44384765625,136.02496337890625,207.6051025390625,3.9,8.579945599966488,0.07944394074043043
117,3,405.4597778320313,128.62428283691406,40.78970336914063,132.60855102539062,3.9,0.1411075954392614,0.0013065518096227909
117,4,921.1885986328124,225.75929260253903,95.42413330078124,112.38284301757812,3.9,21.94467228251153,0.2031914100232549
117,5,212.7514190673828,439.916748046875,61.32321166992188,124.64053344726562,3.9,0.27280505149672446,0.002525972699043745
117,6,56.12084579467773,374.4097900390625,68.94734954833984,105.35614013671876,3.9,0.13303754671292117,0.0012318291362307515
117,7,1654.5447998046875,347.308349609375,76.328125,141.86102294921875,3.9,0.06793899912270741,0.0006290648066917353
117,8,1695.01904296875,165.17230224609375,45.451904296875,69.55140686035156,3.9,0.17081228489006148,0.001581595230463532
118,1,1525.402099609375,138.04588317871094,42.294921875,119.07260131835938,3.933333333333333,0.12276828533053483,0.0011367433826901371
118,2,690.5836181640625,841.9344482421875,122.708251953125,210.98626708984372,3.933333333333333,14.859194073507867,0.13758513031025804
118,3,405.43658447265625,128.50973510742188,40.8653564453125,132.8269500732422,3.933333333333333,0.1562654537484872,0.0014469023495230294
118,4,905.9024047851562,216.7271881103516,84.674560546875,129.04837036132812,3.933333333333333,23.739793532162036,0.2198129030755744
118,5,212.76104736328125,440.01708984375,61.18943786621094,124.61514282226562,3.933333333333333,0.13477948324015043,0.0012479581781495409
118,6,55.65418243408203,374.32855224609375,70.00869750976562,105.6873779296875,3.933333333333333,0.6333419225774849,0.005864277060902637
118,7,1654.5107421875,347.338134765625,76.3560791015625,141.9290771484375,3.933333333333333,0.06049490219955081,0.0005601379833291741
118,8,1695.028076171875,165.21815490722656,45.4295654296875,69.41275024414062,3.933333333333333,0.062486257927541575,0.0005785764622920516
119,1,1525.401123046875,138.10385131835938,42.34375,119.11416625976562,3.966666666666667,0.07751802341254686,0.0007177594760421005
119,2,700.054931640625,841.47021484375,114.103515625,211.70623779296875,3.966666666666667,12.678940877934762,0.11739760072161817
119,3,405.3933715820313,128.51812744140625,40.9544677734375,132.8611602783203,3.966666666666667,0.05885786767150676,0.0005449802562176552
119,4,897.3739013671875,219.39083862304688,88.1561279296875,122.95127868652344,3.966666666666667,11.946367585836677,0.11061451468367293
119,5,212.95021057128903,439.9580078125,60.72970581054688,124.20242309570312,3.966666666666667,0.2649726141322583,0.0024534501308542435
119,6,55.57721710205078,374.3560180664063,70.15864562988281,105.75070190429688,3.966666666666667,0.10926372670169678,0.001011701173163859
119,7,1654.35595703125,347.3628845214844,76.3309326171875,141.86529541015625,3.966666666666667,0.20958639150319588,0.0019406147361407024
119,8,1695.0548095703125,165.33900451660156,45.47119140625,69.17575073242188,3.966666666666667,0.1654897908250063,0.0015323128780093175
120,1,1525.392333984375,138.34454345703125,42.3319091796875,118.77101135253906,4.0,0.3220349192864958,0.0029818048082082944
120,2,715.1490478515625,841.428955078125,92.92388916015624,212.25006103515625,4.0,20.18185215548447,0.186869001439671
120,3,404.9389343261719,129.5137481689453,42.705322265625,133.4012908935547,4.0,1.4633193740893533,0.013549253463790307
120,4,888.1724853515625,225.33128356933597,98.4549560546875,109.90255737304688,4.0,14.644035822760207,0.13559292428481673
120,5,212.85093688964844,440.0570068359375,60.48736572265625,124.65280151367188,4.0,0.18745630797490515,0.0017357065553231957
120,6,55.34120178222656,374.294921875,70.51435852050781,105.79043579101562,4.0,0.32596908026292526,0.003018232224656715
120,7,1654.3173828125,347.3861389160156,76.0679931640625,141.73785400390625,4.0,0.060223307939895686,0.0005576232216657007
120,8,1695.287841796875,165.8389129638672,44.3720703125,67.56988525390625,4.0,0.7374629693117353,0.006828360826960511
121,1,1525.3616943359375,138.56658935546875,42.367919921875,118.1581802368164,4.033333333333333,0.29970240001694193,0.0027750222223790915
121,2,727.2644653320312,842.0768432617188,76.440185546875,214.4315185546875,4.033333333333333,16.222216243264384,0.15020570595615168
121,3,405.0906372070313,129.00108337402344,41.560943603515625,132.98902893066406,4.033333333333333,0.7148458775945279,0.006618943311060443
121,4,881.2203369140625,226.20803833007807,96.55731201171876,103.09173583984376,4.033333333333333,9.369084859239921,0.08675078573370297
121,5,212.61981201171875,439.81927490234375,60.56867980957031,124.5762939453125,4.033333333333333,0.44332278952573123,0.00410484064375677
121,6,54.53899765014648,374.0201721191406,72.13849639892578,106.3846435546875,4.033333333333333,1.1337619067029048,0.010497795432434304
121,7,1654.22998046875,347.35711669921875,75.8863525390625,141.63302612304688,4.033333333333333,0.12313655124497752,0.0011401532522683105
121,8,1695.3984375,166.3299560546875,43.7073974609375,66.53071594238281,4.033333333333333,0.6730017816899331,0.006231497978610491
122,1,1525.356201171875,138.66868591308594,42.3314208984375,117.97921752929688,4.066666666666666,0.13670692159233264,0.0012658048295586355
122,2,734.5869750976562,842.622802734375,69.171875,215.37725830078125,4.066666666666666,9.817828883005632,0.09090582299079288
122,3,404.861572265625,129.79156494140625,42.76824951171875,133.37432861328125,4.066666666666666,1.1004047572550666,0.010188932937546913
122,4,873.0228271484375,222.8311462402344,98.6968994140625,108.6769561767578,4.066666666666666,11.854140543936774,0.10976056059200716
122,5,212.600830078125,439.9119262695313,60.402374267578125,124.86618041992188,4.066666666666666,0.12645381000996758,0.0011708686112034035
122,6,53.7959098815918,373.701904296875,73.6371841430664,107.17587280273438,4.066666666666666,1.0808509565705273,0.010007879227504882
122,7,1654.3316650390625,347.2865905761719,76.11328125,141.5003662109375,4.066666666666666,0.16545944971348434,0.0015320319417915216
122,8,1695.519287109375,166.61312866210938,43.5211181640625,65.99848937988281,4.066666666666666,0.4116575368944582,0.003811643860133872
123,1,1525.4090576171875,138.6147003173828,42.336669921875,118.04498291015624,4.1,0.10101901710123494,0.0009353612694558791
123,2,743.3540649414062,841.8067626953125,67.8736572265625,210.5438232421875,4.1,11.772817141323523,0.10900756612336596
123,3,404.754638671875,129.9976043701172,43.28292846679688,133.62945556640625,4.1,0.3103801019274792,0.0028738898326618446
123,4,862.9453735351562,216.31597900390625,87.9139404296875,122.10577392578124,4.1,16.044887908777866,0.1485637769331284
123,5,212.70440673828125,439.9171752929688,60.07737731933594,124.99383544921876,4.1,0.13866618897048522,0.0012839461941711594
123,6,54.04047393798828,373.7106018066406,73.01974487304688,107.5367431640625,4.1,0.3272041482672969,0.003029668039512008
123,7,1654.5589599609375,347.2515869140625,76.323486328125,141.46209716796875,4.1,0.30749018461828176,0.0028471313390581645
123,8,1695.5792236328125,166.63742065429688,43.73974609375,65.84584045410156,4.1,0.08647071421501812,0.0008006547612501678
124,1,1525.434814453125,138.59678649902344,42.3658447265625,117.92072296142578,4.133333333333334,0.04194882009085792,0.00038841500084127705
124,2,752.2906494140625,845.198486328125,87.45025634765625,213.8109130859375,4.133333333333334,12.780410451950434,0.11833713381435587
124,3,404.72467041015625,130.01922607421875,43.393310546875,133.60447692871094,4.133333333333334,0.04940974761199148,0.0004574976630739952
124,4,845.9339599609375,211.63037109375,79.939453125,130.6595001220703,4.133333333333334,23.592357493440456,0.2184477545688931
124,5,212.83514404296875,439.7652587890625,59.760650634765625,124.64663696289062,4.133333333333334,0.2679830409902032,0.0024813244536129927
124,6,54.44246673583984,373.8391723632813,72.09173583984375,107.76181030273438,4.133333333333334,0.5643110219093458,0.0052251020547161645
124,7,1654.6871337890625,347.20086669921875,76.4287109375,141.39706420898438,4.133333333333334,0.18430653829930205,0.0017065420212898337
124,8,1695.581298828125,166.73165893554688,43.75830078125,65.74945068359375,4.133333333333334,0.1260330182983699,0.0011669723916515732
125,1,1525.46630859375,138.49844360351562,42.3746337890625,117.949462890625,4.166666666666667,0.13806881834544546,0.0012784149846800507
125,2,758.8246459960938,845.424560546875,98.39501953125,211.75177001953125,4.166666666666667,8.741589556855763,0.08094064404496076
125,3,404.72119140625,130.09165954589844,43.336761474609375,133.4296417236328,4.166666666666667,0.09695972442514982,0.0008977752261587946
125,4,838.2889404296875,216.74624633789065,80.632568359375,113.4140625,4.166666666666667,12.299412801004395,0.1138834518611518
125,5,213.0426788330078,439.3787841796875,59.20343017578125,123.68270874023438,4.166666666666667,0.5865321693144192,0.005430853419577955
125,6,55.354042053222656,373.9112854003906,70.40829467773438,107.484619140625,4.166666666666667,1.2226410142161857,0.011320750131631347
125,7,1654.845947265625,347.2540283203125,76.6728515625,141.53488159179688,4.166666666666667,0.22392455284640947,0.002073375489318606
125,8,1695.42529296875,166.70211791992188,43.8829345703125,65.8255615234375,4.166666666666667,0.21229630532576715,0.00196570653079414
126,1,1525.47802734375,138.6132049560547,42.3045654296875,117.71737670898438,4.2,0.15424102378809817,0.0014281576276675757
126,2,767.39794921875,845.1869506835938,114.03228759765624,211.10205078125,4.2,11.467443926394939,0.1061800363555087
126,3,405.1061401367188,129.17672729492188,41.618438720703125,132.7308349609375,4.2,1.3271896476814917,0.012288793034087886
126,4,828.5010986328125,219.19390869140625,93.35150146484376,105.943603515625,4.2,13.489953353798395,0.12490697549813329
126,5,213.0187530517578,439.0802001953125,58.815216064453125,123.2872314453125,4.2,0.4005051009219162,0.003708380564091817
126,6,56.37504196166992,373.9562683105469,68.25479888916016,107.1927490234375,4.2,1.3664649721914026,0.01265245344621669
126,7,1654.82421875,347.2640991210937,76.7125244140625,141.539794921875,4.2,0.03202116517561885,0.000296492270144619
126,8,1695.3358154296875,166.62371826171875,43.968505859375,66.13868713378906,4.2,0.15906400658419137,0.0014728148757795496
127,1,1525.4833984375,138.66357421875,42.29345703125,117.60725402832033,4.233333333333333,0.06772866664484693,0.0006271172837485826
127,2,771.2366943359375,844.1219482421875,116.68597412109376,211.89801025390625,4.233333333333333,5.326511022992192,0.04931954650918696
127,3,405.2598876953125,128.79095458984375,40.98199462890625,132.61581420898438,4.233333333333333,0.5552575902631054,0.005141273983917643
127,4,820.3980102539062,220.66015625,98.0205078125,102.4709014892578,4.233333333333333,11.010279268313584,0.10194703026216281
127,5,212.98390197753903,438.6231689453125,58.579681396484375,122.43414306640624,4.233333333333333,0.6128534460643069,0.0056745689450398784
127,6,56.90312957763672,373.9671630859375,67.07026672363281,107.09417724609376,4.233333333333333,0.7062363951200952,0.006539225880741621
127,7,1654.9033203125,347.39422607421875,76.8958740234375,141.80645751953125,4.233333333333333,0.20361175272977264,0.001885294006757154
127,8,1695.231201171875,166.43658447265625,43.7691650390625,66.56266784667969,4.233333333333333,0.2866532218013854,0.0026541964981609757
128,1,1525.4837646484375,138.69711303710938,42.3310546875,117.67872619628906,4.266666666666667,0.04484616947450424,0.00041524230994911327
128,2,772.3902587890625,841.8013305664062,115.4754638671875,214.0693359375,4.266666666666667,3.4650245799947847,0.032083560925877636
128,3,405.3248291015625,128.60995483398438,40.748443603515625,132.59014892578125,4.266666666666667,0.2571136695745287,0.00238068212569008
128,4,812.9613037109375,223.2559509277344,106.37164306640624,99.70237731933594,4.266666666666667,10.5316700122698,0.09751546307657222
128,5,212.9510803222656,438.6636352539063,58.6741943359375,122.58303833007812,4.266666666666667,0.06966574469517894,0.0006450531916220272
128,6,57.26107025146485,374.079833984375,66.38525390625,106.82412719726562,4.266666666666667,0.501739285660977,0.004645734126490528
128,7,1654.84765625,347.4071960449219,77.0081787109375,141.82659912109375,4.266666666666667,0.07641997058059505,0.0007075923201906949
128,8,1695.231689453125,166.4498291015625,43.74609375,66.60450744628906,4.266666666666667,0.01772092688338559,0.00016408265632764432
129,1,1525.486572265625,138.69912719726562,42.3516845703125,117.6899871826172,4.3,0.004620040536987086,4.277815312025079e-05
129,2,778.9159545898438,838.9720458984375,111.815673828125,215.7484130859375,4.3,9.51003572755003,0.08805588636620397
129,3,405.323486328125,128.5808563232422,40.703216552734375,132.60462951660156,4.3,0.038947929909765325,0.0003606289806459752
129,4,797.5787963867188,225.2097930908203,124.350341796875,98.80624389648438,4.3,20.732620242527137,0.19196870594932533
129,5,214.4031524658203,432.39111328125,54.76901245117188,112.899658203125,4.3,8.608548479752976,0.07970878221993496
129,6,56.189788818359375,373.4391479492188,70.06877136230469,108.73837280273438,4.3,1.668985288930082,0.015453567490093353
129,7,1654.927490234375,347.431884765625,77.073486328125,141.8623046875,4.3,0.11173073792313856,0.0010345438696586903
129,8,1695.209228515625,166.42745971679688,43.61865234375,66.59645080566406,4.3,0.04238473548402825,0.00039245125448174307
130,1,1525.49853515625,138.6588134765625,42.3331298828125,117.66703033447266,4.333333333333333,0.0562251367740268,0.000520603118278026
130,2,791.58740234375,834.1219482421875,101.4658203125,217.15533447265625,4.333333333333333,18.141185728023757,0.1679739419261459
130,3,405.36224365234375,128.5849609375,40.763916015625,132.6897430419922,4.333333333333333,0.05211076586448163,0.0004825070913377928
130,4,780.5648193359375,225.765380859375,132.24444580078125,95.79737854003906,4.333333333333333,22.760876353422166,0.2107488551242793
130,5,213.62046813964844,435.9228515625,56.44866943359375,118.33905029296876,4.333333333333333,4.836724498880792,0.04478448610074807
130,6,57.41936492919922,373.8903198242188,66.73980712890625,107.24948120117188,4.333333333333333,1.7512014852504072,0.0162148285671334
130,7,1654.923828125,347.4141845703125,77.0933837890625,141.82171630859375,4.333333333333333,0.024167491020347397,0.00022377306500321662
130,8,1695.2105712890625,166.41928100585938,43.690185546875,66.66792297363281,4.333333333333333,0.011081848983595486,0.00010260971281106932
131,1,1525.43017578125,138.9158935546875,42.4801025390625,117.9390106201172,4.366666666666666,0.35567664653527575,0.0032933022827340347
131,2,800.8922119140625,831.2485961914062,92.02142333984376,217.411376953125,4.366666666666666,13.020794433731725,0.12056291142344189
131,3,405.4138793945313,129.26040649414062,40.973876953125,132.23719787597656,4.366666666666666,0.9057480365749669,0.008386555894212657
131,4,766.63525390625,225.3308563232422,129.32135009765625,93.29708862304688,4.366666666666666,18.63375913806901,0.1725348068339723
131,5,213.67758178710935,436.5540771484375,57.12559509277344,119.37042236328124,4.366666666666666,0.8474357702869237,0.007846627502656701
131,6,58.26696014404297,373.955810546875,64.64306640625,106.98092651367188,4.366666666666666,1.1366656710596292,0.01052468213944101
131,7,1654.068115234375,345.9200744628906,75.2777099609375,135.8521728515625,4.366666666666666,2.3021597742485094,0.021316294206004716
131,8,1695.7255859375,165.9838409423828,45.4844970703125,68.44808959960938,4.366666666666666,0.9017474411690833,0.008349513344158179
131,28,745.430908203125,224.55099487304688,90.96636962890624,94.1007843017578,4.366666666666666,0.0,0.0
132,1,1525.395263671875,139.01156616210938,42.5498046875,118.07249450683594,4.4,0.1361711555687372,0.0012608440330438631
132,2,814.4766845703125,827.927734375,80.87554931640625,214.00634765625,4.4,18.698140028552462,0.17313092619030057
132,3,405.4316101074219,129.62728881835938,40.92584228515625,131.79632568359375,4.4,0.49111712196747553,0.004547380758958107
132,5,213.8426513671875,436.6209106445313,56.79022216796875,119.31027221679688,4.4,0.23811233412736035,0.0022047438345125956
132,6,58.73990631103516,373.8878173828125,63.58578872680664,107.10406494140624,4.4,0.6388600857598662,0.005915371164443205
132,7,1653.8037109375,345.3199768066406,74.72412109375,133.5887451171875,4.4,0.8767978666923094,0.008118498765669531
132,8,1695.884765625,165.79022216796875,46.1220703125,69.00370788574219,4.4,0.33513733004328583,0.00310312342632672
132,28,742.997802734375,226.23342895507807,64.18756103515625,90.6952667236328,4.4,3.9552167988078066,0.03662237776673895
133,1,1525.408935546875,139.09823608398438,42.5478515625,118.0743637084961,4.433333333333334,0.11731605755306639,0.0010862597921580221
133,2,827.90966796875,825.71728515625,75.75628662109375,210.2564697265625,4.433333333333334,18.2022843248875,0.16853966967488426
133,3,405.419189453125,129.6495361328125,40.9725341796875,131.82601928710938,4.433333333333334,0.03406796558766936,0.00031544412581175333
133,5,213.9139709472656,436.552490234375,56.5130615234375,119.08636474609376,4.433333333333334,0.13214503994322946,0.0012235651846595318
133,6,58.88595199584961,373.9090576171875,63.118751525878906,107.08059692382812,4.433333333333334,0.1973265521405558,0.0018270977050051465
133,7,1653.64599609375,344.97735595703125,74.3717041015625,132.54278564453125,4.433333333333334,0.5043101605425316,0.00466953852354196
133,8,1695.8248291015625,165.57135009765625,46.320556640625,69.74623107910156,4.433333333333334,0.30342002060011275,0.002809444635186229
133,28,743.8786010742188,227.1206970214844,63.51513671875,90.12107849121094,4.433333333333334,1.6716224331460199,0.015477985492092776
134,1,1525.4150390625,139.05616760253906,42.5489501953125,118.14754486083984,4.466666666666667,0.056837110440761264,0.0005262695411181598
134,2,837.2387084960938,824.77001953125,75.81298828125,208.302001953125,4.466666666666667,12.53764791873568,0.11608933258088591
134,3,405.4505615234375,129.7350311279297,41.102935791015625,131.75921630859375,4.466666666666667,0.12176522541765376,0.0011274557909042016
134,5,213.85183715820312,437.3352661132813,56.750274658203125,120.21633911132812,4.466666666666667,1.0499122558728944,0.009721409776600874
134,6,59.053131103515625,373.8057556152344,62.87202072143555,107.18548583984376,4.466666666666667,0.26275968322888127,0.002432960029897049
134,7,1653.5926513671875,344.86199951171875,74.25634765625,132.19186401367188,4.466666666666667,0.16993201378215714,0.0015734445720570105
134,8,1695.7724609375,165.53244018554688,46.2911376953125,69.99339294433594,4.466666666666667,0.08723147682380365,0.0008076988594796635
134,28,738.368408203125,225.92068481445312,57.17950439453125,91.5936279296875,4.466666666666667,7.540161791339935,0.06981631288277718
135,1,1525.4071044921875,138.979736328125,42.52197265625,118.04998016357422,4.5,0.1027425927355447,0.0009513203031068953
135,2,852.946044921875,823.7138671875,90.632080078125,202.99700927734372,4.5,21.04911277062992,0.19489919232064742
135,3,405.4346008300781,129.53843688964844,41.32177734375,132.1134033203125,4.5,0.2637236332868051,0.0024418854933963433
135,5,213.5662841796875,438.27783203125,57.59657287597656,121.57626342773438,4.5,1.3168341673833956,0.012192908957253664
135,6,58.67152404785156,373.739501953125,63.31623840332031,107.35675048828124,4.5,0.5178653692605841,0.004795049715375779
135,7,1653.643310546875,344.8079833984375,74.0797119140625,131.98916625976562,4.5,0.0990157116610356,0.0009168121450095888
135,8,1695.852294921875,165.73776245117188,46.4166259765625,69.78059387207031,4.5,0.29455064396202174,0.0027273207774261275
135,28,728.48291015625,226.539794921875,51.9322509765625,95.858154296875,4.5,13.243424793662196,0.12262430364502033
136,1,1525.369140625,139.15834045410156,42.5208740234375,117.79639434814452,4.533333333333333,0.24414003018230176,0.0022605558350213125
136,2,865.2858276367188,824.2611083984375,104.4871826171875,200.73760986328125,4.533333333333333,16.515277274252604,0.15291923402085741
136,3,405.26849365234375,129.40826416015625,41.08224487304688,131.9688262939453,4.533333333333333,0.2821694010431818,0.00261267963928872
136,5,213.55657958984372,438.3013610839844,57.83364868164063,121.46490478515624,4.533333333333333,0.03403068052194656,0.0003150988937217274
136,6,58.09272003173828,373.70892333984375,64.41935729980469,107.69613647460938,4.533333333333333,0.7749763972091172,0.007175707381565899
136,7,1653.7816162109375,344.8211975097656,74.06982421875,132.03680419921875,4.533333333333333,0.18576542911554372,0.0017200502695883678
136,8,1695.887451171875,165.8203887939453,46.5048828125,69.7393798828125,4.533333333333333,0.12006102396713478,0.0011116761478438405
136,28,718.5577392578125,224.4306640625,48.98529052734375,94.59259033203124,4.533333333333333,13.566899193334905,0.12561943697532318
137,1,1525.359619140625,139.2183380126953,42.5196533203125,117.6206283569336,4.566666666666666,0.08122438115607795,0.0007520776032970181
137,2,873.123779296875,824.510009765625,117.62274169921876,200.54583740234372,4.566666666666666,10.485114042566916,0.09708438928302701
137,3,405.2220458984375,129.31349182128906,40.933837890625,131.97125244140625,4.566666666666666,0.14111673363628863,0.001306636422558228
137,5,213.4603271484375,438.2259826660156,57.919464111328125,121.1849365234375,4.566666666666666,0.1634634144887686,0.001513550134155265
137,6,57.931095123291016,373.89007568359375,64.93053436279297,107.70645141601562,4.566666666666666,0.32460282066688767,0.0030055816728415527
137,7,1653.71923828125,344.7755126953125,73.5245361328125,131.87255859375,4.566666666666666,0.10337930324820789,0.0009572157708167397
137,8,1695.85595703125,165.90863037109375,46.494140625,69.69564819335938,4.566666666666666,0.1252739575229023,0.001159944051137984
137,28,711.8152465820312,222.1923675537109,49.0716552734375,92.98648071289062,4.566666666666666,9.498902552902072,0.08795280141575992
138,1,1525.352783203125,139.22616577148438,42.5362548828125,117.56253051757812,4.6,0.01389540870974297,0.00012866119175687936
138,2,882.3690185546875,823.9578857421875,135.89166259765625,200.41986083984372,4.6,12.383486407919248,0.11466191118443747
138,3,405.2747192382813,129.51466369628906,40.83419799804688,131.71182250976562,4.6,0.2780466525408147,0.0025745060420445803
138,5,213.65524291992188,438.3843383789063,57.30093383789063,121.2799072265625,4.6,0.3357829288688489,0.0031091011932300825
138,6,58.29124069213867,373.9752807617188,64.3573226928711,107.665771484375,4.6,0.4948300790272472,0.004581759990993029
138,7,1653.67919921875,344.7090759277344,73.2249755859375,131.7293701171875,4.6,0.10371478076838368,0.0009603220441517007
138,8,1695.725341796875,165.87979125976562,46.5965576171875,69.59568786621094,4.6,0.1788469603639244,0.0016559903737400404
138,28,698.724853515625,219.0496826171875,59.00372314453125,94.45564270019533,4.6,18.0000029357339,0.16666669384938795
139,1,1525.3782958984375,139.17828369140625,42.483642578125,117.60929870605467,4.633333333333334,0.07254215576669613,0.0006716866274694087
139,2,886.8897705078125,823.3177490234375,144.54095458984375,202.286865234375,4.633333333333334,6.10482491478348,0.056526156618365554
139,3,405.29150390625,129.5100860595703,40.872589111328125,131.658447265625,4.633333333333334,0.023261807316845864,0.00021538710478560987
139,5,213.8204040527344,438.75189208984375,57.011077880859375,122.05487060546876,4.633333333333334,0.5387780075683245,0.004988685255262263
139,6,58.31725311279297,374.0725708007813,64.51716613769531,107.64199829101562,4.633333333333334,0.13465220295100797,0.0012467796569537773
139,7,1654.9552001953125,346.4735107421875,75.823974609375,138.30770874023438,4.633333333333334,2.9114236460494354,0.026957626352309586
139,8,1695.673583984375,166.08880615234375,46.5845947265625,68.92288208007812,4.633333333333334,0.2879068353188826,0.0026658040307303943
139,28,683.83740234375,218.7687530517578,67.98297119140625,96.89620971679688,4.633333333333334,19.908996387820263,0.1843425591464839
140,1,1525.3916015625,139.13424682617188,42.3912353515625,117.58193969726562,4.666666666666667,0.06150903422557815,0.0005695280946812791
140,2,887.5301513671875,822.5755615234375,146.119140625,201.66033935546875,4.666666666666667,1.3106827051517773,0.012135950973627569
140,3,405.3904418945313,129.65802001953125,40.985748291015625,131.36593627929688,4.666666666666667,0.23795649148777742,0.00220330084710905
140,5,214.02789306640625,438.9162292480469,56.76022338867188,122.07489013671876,4.666666666666667,0.3539010019150586,0.0032768611288431348
140,6,58.16581726074219,374.2640380859375,64.7069091796875,107.53848266601562,4.666666666666667,0.32639812226387427,0.003022204835776614
140,7,1654.0517578125,345.36407470703125,74.1685791015625,134.136962890625,4.666666666666667,1.9130072615673712,0.01771303019969788
140,8,1695.629638671875,166.24600219726562,46.651611328125,68.52864074707031,4.666666666666667,0.2182395134062675,0.0020207362352432172
140,28,675.9297485351562,218.57257080078125,71.545166015625,98.48773193359376,4.666666666666667,10.576280689684022,0.09792852490448169
141,1,1525.4244384765625,139.05209350585938,42.365478515625,117.7223129272461,4.7,0.11829362252462064,0.0010953113196724132
141,2,891.541259765625,820.6080322265625,144.697021484375,198.38104248046875,4.7,5.973567021245568,0.055310805752273776
141,3,405.4588623046875,129.73741149902344,40.977142333984375,131.2523193359375,4.7,0.1401325672566908,0.001297523770895285
141,5,214.083740234375,439.16552734375,56.93254089355469,122.48049926757812,4.7,0.3415885832806621,0.0031628572525987234
141,6,58.56302261352539,374.3840942382813,64.02953338623047,107.08453369140624,4.7,0.5548174185552015,0.00513719831995557
141,7,1653.6568603515625,344.88104248046875,73.683349609375,132.48623657226562,4.7,0.8342071449004471,0.0077241402305596955
141,8,1695.57470703125,166.39761352539062,46.4649658203125,68.22525024414062,4.7,0.21560927762379883,0.0019963822002203595
141,28,666.2376098632812,218.20899963378903,74.2752685546875,100.30770874023438,4.7,12.96810956672201,0.12007508858075935
142,1,1525.453125,138.88134765625,42.3641357421875,117.95722198486328,4.733333333333333,0.23149746519746964,0.0021434950481247187
142,2,903.0030517578124,818.61962890625,123.6859130859375,196.08148193359372,4.733333333333333,15.554032800946478,0.14401882223098592
142,3,405.43841552734375,129.75450134277344,41.077728271484375,131.47091674804688,4.733333333333333,0.03563048201201303,0.0003299118704816021
142,5,214.20040893554688,438.4979248046875,56.29450988769531,121.26473999023438,4.733333333333333,0.9061543305185329,0.008390317875171601
142,6,58.8935775756836,374.5233154296875,63.53193664550781,106.57925415039062,4.733333333333333,0.47957344108759253,0.004440494824885116
142,7,1653.668212890625,344.73834228515625,73.8131103515625,131.88330078125,4.733333333333333,0.1914019137235095,0.0017722399418843473
142,8,1695.62109375,166.45425415039062,46.5697021484375,68.03981018066406,4.733333333333333,0.09788802563009136,0.0009063706076860311
142,28,658.6966552734375,218.29931640625,74.29180908203125,99.2349090576172,4.733333333333333,10.083450726704784,0.09336528450652579
143,1,1525.5068359375,138.6790008544922,42.302978515625,118.26022338867188,4.766666666666667,0.2799193688067511,0.0025918460074699176
143,2,910.1907958984376,816.773681640625,112.0198974609375,193.75164794921875,4.766666666666667,9.922335960315099,0.0918734811140287
143,3,405.408935546875,129.74447631835938,40.966339111328125,131.36663818359375,4.766666666666667,0.04163335162277178,0.00038549399650714605
143,5,214.17376708984372,438.48388671875,56.41853332519531,121.38955688476562,4.766666666666667,0.04026436235734959,0.00037281816997545913
143,6,58.926544189453125,374.6658325195313,63.51586532592773,106.32919311523438,4.766666666666667,0.19558586866985614,0.001810980265461631
143,7,1653.6248779296875,344.65216064453125,73.9462890625,131.66107177734375,4.766666666666667,0.12897763967650128,0.0011942374044120489
143,8,1695.446533203125,166.29490661621094,46.4324951171875,68.0352783203125,4.766666666666667,0.31601952664892646,0.0029261067282308002
143,28,654.4267578125,218.32196044921875,75.34906005859375,99.47344970703124,4.766666666666667,5.709200054195702,0.05286296346477502
144,1,1525.5146484375,138.5521697998047,42.2838134765625,118.53805541992188,4.8,0.16990246106306095,0.001573170935769083
144,2,923.9757080078124,813.9244384765625,94.88482666015624,192.93603515625,4.8,18.820881792391926,0.17426742400362896
144,3,405.3985900878906,129.72601318359375,40.99578857421875,131.3899383544922,4.8,0.02829762142114512,0.0002620150131587511
144,5,214.15560913085935,438.3911437988281,56.5391845703125,121.19940185546876,4.8,0.12635743371801597,0.0011699762381297773
144,6,59.17816925048828,374.7664184570313,63.059478759765625,105.92813110351562,4.8,0.3623234669480555,0.0033548469161856992
144,7,1653.5244140625,344.63165283203125,74.4161376953125,131.61676025390625,4.8,0.13709656902611073,0.0012694126761676919
144,8,1695.3349609375,166.1381072998047,46.0445556640625,67.78558349609375,4.8,0.2573086238125466,0.0023824872575235797
144,28,648.4432373046875,218.3704833984375,75.54144287109375,98.33738708496094,4.8,8.00060394737311,0.07407966617938064
145,1,1525.506103515625,138.39300537109375,42.2987060546875,118.81103515625,4.833333333333333,0.21311925284466268,0.0019733264152283583
145,2,944.25244140625,811.7035522460938,74.48089599609375,195.1541748046875,4.833333333333333,27.27339592476133,0.2525314437477901
145,3,405.40814208984375,129.7764892578125,41.0523681640625,131.22921752929688,4.833333333333333,0.0686874761834639,0.0006359951498468878
145,5,214.2622833251953,438.4422302246094,56.61553955078125,121.2843017578125,4.833333333333333,0.15814237293813216,0.001464281230908631
145,6,59.59015655517578,375.05322265625,62.056732177734375,105.305419921875,4.833333333333333,0.6711869807007639,0.006214694265747813
145,7,1653.413330078125,344.623291015625,74.6055908203125,131.6251220703125,4.833333333333333,0.14894643137352387,0.0013791336238289245
145,8,1695.4212646484375,166.26968383789062,46.175048828125,67.80006408691406,4.833333333333333,0.2103939789664475,0.0019480923978374767
145,28,644.6378173828125,219.14862060546875,75.834716796875,96.40632629394533,4.833333333333333,5.193368017211024,0.04808674090010208
146,1,1525.5050048828125,138.2227783203125,42.347412109375,119.14356994628906,4.866666666666666,0.22760894625334707,0.002107490243086547
146,2,954.902099609375,811.77099609375,67.47894287109375,198.251708984375,4.866666666666666,14.239544160828705,0.1318476311187843
146,3,405.37396240234375,129.95346069335938,40.76922607421875,130.89266967773438,4.866666666666666,0.2409946762258351,0.0022314321872762507
146,5,214.3444976806641,439.0757446289063,57.1864013671875,121.71505737304688,4.866666666666666,0.8541513795174561,0.007908809069606075
146,6,59.91790008544922,375.4088134765625,61.1881103515625,104.76959228515624,4.866666666666666,0.6465919414314234,0.005986962420661327
146,7,1653.40673828125,344.6316223144531,74.7685546875,131.63629150390625,4.866666666666666,0.014204508374057939,0.00013152322568572164
146,8,1695.612548828125,166.56683349609375,46.3802490234375,67.8228759765625,4.866666666666666,0.47251031447650854,0.004375095504412116
146,28,642.2215576171875,219.4120178222656,76.448974609375,95.70768737792967,4.866666666666666,3.2498291781560726,0.030091010908852522
147,1,1525.508056640625,138.03445434570312,42.39794921875,119.40546417236328,4.9,0.25183398314972355,0.0023317961402752182
147,2,966.6806640625,809.0914306640625,63.38018798828125,192.826171875,4.9,16.1510647997838,0.14954689629429443
147,3,405.29534912109375,130.01992797851562,40.64840698242188,130.83709716796875,4.9,0.137645684657876,0.0012744970801655184
147,5,214.5748291015625,439.0680541992188,57.387237548828125,121.5858154296875,4.9,0.3081391178889935,0.002853139980453644
147,6,60.121612548828125,375.7530822753906,60.720306396484375,104.03326416015624,4.9,0.5348580471235014,0.004952389325217605
147,7,1653.3564453125,344.7338562011719,74.9547119140625,131.75714111328125,4.9,0.15233801687313608,0.0014105371932697786
147,8,1695.615478515625,166.5758056640625,46.4326171875,67.94374084472656,4.9,0.012619693325766871,0.00011684901227561918
147,28,638.9705810546875,219.5936279296875,78.9906005859375,95.14381408691406,4.9,4.3535360371867275,0.040310518862840074
148,1,1525.500732421875,137.97012329101562,42.4298095703125,119.4701690673828,4.933333333333334,0.08657031865813729,0.0008015770246123823
148,2,976.9814453125,803.2258911132812,62.45855712890625,184.3211669921875,4.933333333333334,15.849162847492128,0.14675150784714933
148,3,405.2288513183594,129.9364013671875,40.6937255859375,130.89312744140625,4.933333333333334,0.1427507723884011,0.0013217664110037135
148,5,214.4960021972656,439.4399719238281,57.72981262207031,122.06207275390624,4.933333333333334,0.5083237922830134,0.004706701780398272
148,6,59.97896194458008,375.92041015625,61.04891204833984,103.77078247070312,4.933333333333334,0.2939951273803986,0.002722177105374061
148,7,1653.311279296875,344.8793029785156,75.168212890625,132.0203857421875,4.933333333333334,0.20363217816666182,0.0018854831311727947
148,8,1695.6357421875,166.47113037109375,46.21337890625,67.9334716796875,4.933333333333334,0.1425557788270299,0.0013199609150650916
148,28,633.8462524414062,220.03097534179688,87.2696533203125,94.99513244628906,4.933333333333334,6.87645621666112,0.06367089089501037
149,1,1525.507080078125,138.0131072998047,42.4259033203125,119.4608383178711,4.966666666666667,0.058095600286632035,0.0005379222248762225
149,2,984.646484375,801.526611328125,64.217041015625,179.69525146484375,4.966666666666667,10.497462859732186,0.09719873018270542
149,3,405.22943115234375,129.879150390625,40.762725830078125,130.92398071289062,4.966666666666667,0.07655205971191521,0.0007088153677029186
149,5,214.54232788085935,439.7463989257813,58.07711791992188,122.52468872070312,4.966666666666667,0.4143676768694512,0.003836737748791215
149,6,60.0167236328125,375.992919921875,61.12786865234375,103.49520874023438,4.966666666666667,0.10930934649045015,0.0010121235786152791
149,7,1653.3212890625,344.94537353515625,75.474853515625,132.120849609375,4.966666666666667,0.08934853365571206,0.0008273012375528895
149,8,1695.60205078125,166.38226318359375,46.2086181640625,67.91600036621094,4.966666666666667,0.12707361999167396,0.0011766075925154994
149,28,632.144775390625,220.22930908203125,90.30328369140624,95.1807861328125,4.966666666666667,2.290384716660853,0.021207265895007894
150,1,1525.484619140625,137.99859619140625,42.4420166015625,119.59822845458984,5.0,0.03575401079023028,0.00033105565546509515
150,2,993.59375,800.9793701171875,72.56622314453125,177.24139404296875,5.0,11.985408792715917,0.1109760073399622
150,3,405.2642211914063,130.03146362304688,40.819091796875,130.6365203857422,5.0,0.20889721071149758,0.0019342334325138663
150,5,214.8568420410156,440.2750854492188,58.7672119140625,123.17105102539062,5.0,0.8225147263568979,0.007615877095897203
150,6,60.2100944519043,376.1805419921875,60.64551544189453,103.10824584960938,5.0,0.36024919094930197,0.003335640656937981
150,7,1653.375244140625,345.1124267578125,75.7591552734375,132.39419555664062,5.0,0.2347218061086257,0.002173350056561349
150,8,1695.71728515625,166.24945068359375,46.3990478515625,68.20140075683594,5.0,0.23510304667029377,0.002176880061761979
150,28,635.0438842773438,219.9402618408203,87.0274658203125,94.97720336914062,5.0,3.8955082793448903,0.03606952110504528
151,1,1525.497802734375,137.9714813232422,42.4219970703125,119.4428482055664,5.033333333333333,0.0403124503337032,0.0003732634290157703
151,2,1004.28076171875,802.298828125,87.40264892578125,181.62652587890625,5.033333333333333,14.397697908979405,0.13331201767573522
151,3,405.281494140625,130.09442138671875,40.66793823242188,130.5633087158203,5.033333333333333,0.08728913770418831,0.0008082327565202621
151,5,215.07388305664065,440.21588134765625,58.70375061035156,122.93777465820312,5.033333333333333,0.3008002201255905,0.002785187223385097
151,6,59.885292053222656,376.1272583007813,61.40290832519531,103.00048828125,5.033333333333333,0.44008605323759986,0.00407487086331111
151,7,1653.4609375,345.08074951171875,75.906982421875,132.34561157226562,5.033333333333333,0.12215512880590594,0.0011310660074620922
151,8,1695.756591796875,165.96954345703125,46.478271484375,68.5618896484375,5.033333333333333,0.3779255524327406,0.003499310670673524
151,28,639.1251831054688,218.94419860839844,90.809814453125,96.25265502929688,5.033333333333333,5.617117495113607,0.05201034717697785
152,1,1525.473388671875,137.93446350097656,42.4913330078125,119.47683715820312,5.066666666666666,0.05929032677491673,0.0005489845071751549
152,2,1012.94921875,801.9155883789062,102.63385009765624,181.47412109375,5.066666666666666,11.601590458811275,0.10742213387788217
152,3,405.2409057617188,130.02073669433594,40.60079956054688,130.66110229492188,5.066666666666666,0.11247906973223613,0.0010414728678910753
152,5,214.97457885742188,440.42388916015625,59.09864807128906,123.29818725585938,5.066666666666666,0.30818804534710287,0.0028535930124731746
152,6,60.06660461425781,376.3904418945313,60.936065673828125,102.45333862304688,5.066666666666666,0.42731615686234725,0.003956631082058771
152,7,1653.42578125,345.11883544921875,76.1702880859375,132.52291870117188,5.066666666666666,0.0693019054019399,0.0006416843092772212
152,8,1695.773193359375,165.7429656982422,46.54736328125,68.68624877929688,5.066666666666666,0.30376074543050197,0.00281259949472687
152,28,641.02294921875,217.7647399902344,96.78546142578124,97.8099365234375,5.066666666666666,2.9875610212206793,0.027662602048339622
153,1,1525.435302734375,137.9144744873047,42.644287109375,119.54196166992188,5.1,0.05751077608353445,0.0005325071859586523
153,2,1026.345947265625,800.6875610351562,119.97247314453124,182.2728271484375,5.1,17.987361530132254,0.16654964379752088
153,3,405.2192687988281,129.90443420410156,40.5626220703125,130.81765747070312,5.1,0.15817187949345254,0.0014645544397541902
153,5,215.1444854736328,439.74652099609375,58.6612548828125,121.9609375,5.1,0.9337406271280053,0.008645746547481532
153,6,60.444366455078125,376.5238342285156,60.11354446411133,102.03167724609376,5.1,0.5356558790189814,0.004959776657583161
153,7,1653.44970703125,345.0806884765625,75.798583984375,132.54168701171875,5.1,0.060206939033225756,0.0005574716577150532
153,8,1695.75732421875,165.6243438720703,46.2838134765625,68.45831298828125,5.1,0.16001776794808317,0.0014816459995192885
153,28,643.4193115234375,216.5272674560547,95.58343505859376,98.93624877929688,5.1,3.6060777815293,0.03338960908823426
154,1,1525.3858642578125,137.91815185546875,42.72216796875,119.54939270019533,5.133333333333334,0.06628494594002735,0.0006137494994446976
154,2,1038.9420166015625,799.2879028320312,123.39324951171876,185.2044677734375,5.133333333333334,16.945388381390124,0.15690174427213077
154,3,405.2254028320313,129.8629150390625,40.706085205078125,131.1076202392578,5.133333333333334,0.056116298545947935,0.0005195953569069253
154,5,215.09043884277344,440.14593505859375,58.7730712890625,122.56735229492188,5.133333333333334,0.5389085625603433,0.004989894097780956
154,6,60.634395599365234,376.74615478515625,59.59806060791016,101.77713012695312,5.133333333333334,0.39104793709738744,0.003620814232383217
154,7,1653.4981689453125,345.104248046875,76.10009765625,132.80471801757812,5.133333333333334,0.072047826738594,0.0006671095068388333
154,8,1695.687744140625,165.69097900390625,46.4739990234375,68.53424072265625,5.133333333333334,0.12881421439368854,0.001192724207348968
154,28,651.513671875,215.54953002929688,106.27935791015624,103.10289001464844,5.133333333333334,10.901335493519,0.1009382916066574
155,1,1525.401123046875,137.81729125976562,42.6763916015625,119.66240692138672,5.166666666666667,0.13639145387749615,0.0012628838321990384
155,2,1048.113525390625,799.5849609375,121.3194580078125,187.57366943359372,5.166666666666667,12.269311046411207,0.11360473191121488
155,3,405.24072265625,129.83969116210938,40.918792724609375,131.234619140625,5.166666666666667,0.03719931532652215,0.00034443810487520506
155,5,215.14154052734372,439.9502258300781,58.78117370605469,122.22406005859376,5.166666666666667,0.27044872717102775,0.0025041548812132198
155,6,60.57636260986328,376.8268127441406,59.665618896484375,101.80914306640624,5.166666666666667,0.13285809663553086,0.0012301675614401005
155,7,1653.5186767578125,345.0469665527344,75.70654296875,132.705078125,5.166666666666667,0.08134945751896293,0.0007532357177681752
155,8,1695.6099853515625,165.68240356445312,46.4521484375,68.51043701171875,5.166666666666667,0.1045986945288708,0.0009685064308228778
155,28,655.388671875,213.8370361328125,111.59307861328124,104.6600341796875,5.166666666666667,5.664517055377184,0.05244923199423318
156,1,1525.377685546875,137.87155151367188,42.6683349609375,119.54009246826172,5.2,0.07902810309146768,0.0007317416952913674
156,2,1057.3125,799.1793823242188,103.51715087890624,187.7022705078125,5.2,12.311552711376063,0.11399585843866723
156,3,405.2346496582031,130.04002380371094,41.17852783203125,130.98016357421875,5.2,0.2679803111715341,0.0024812991775142045
156,5,215.20448303222656,440.01849365234375,58.75,122.42852783203124,5.2,0.12415440323491507,0.001149577807730695
156,6,60.29360961914063,376.9159240722656,60.22394180297852,102.00396728515624,5.2,0.39638904622867394,0.0036702689465617955
156,7,1653.57373046875,345.22723388671875,75.7923583984375,132.86312866210938,5.2,0.25201845119171307,0.002333504177701047
156,8,1695.627685546875,165.97616577148438,46.6895751953125,68.15638732910156,5.2,0.3934907724751572,0.003643433078473678
156,28,658.633544921875,212.2253570556641,110.68524169921876,107.40542602539062,5.2,4.844284744167416,0.04485448837192051
157,1,1525.360107421875,137.93408203125,42.683837890625,119.50572967529295,5.233333333333333,0.08684790747365229,0.0008041472914227062
157,2,1069.09228515625,796.8192138671875,84.0948486328125,190.00872802734372,5.233333333333333,16.063331844594366,0.1487345541166145
157,3,405.3132934570313,130.01170349121094,41.28668212890625,131.01730346679688,5.233333333333333,0.11176184798807147,0.0010348319258154765
157,5,215.26515197753903,439.8775024414063,58.714111328125,122.31625366210938,5.233333333333333,0.20522599485337015,0.0019002406930867604
157,6,60.45219802856445,377.1731872558594,59.800254821777344,101.51092529296876,5.233333333333333,0.4040819428112496,0.003741499470474533
157,7,1653.4100341796875,345.2466125488281,75.530029296875,132.79901123046875,5.233333333333333,0.22040049836111786,0.002040745355195536
157,8,1695.640380859375,166.16839599609375,46.7926025390625,67.7855224609375,5.233333333333333,0.2575837293121728,0.002385034530668267
157,28,661.63818359375,211.57293701171875,104.0211181640625,108.51066589355467,5.233333333333333,4.111006356077525,0.03806487366738449
158,1,1525.3623046875,137.90040588378906,42.6580810546875,119.34982299804688,5.266666666666667,0.04512285601553384,0.0004178042223660541
158,2,1077.201171875,795.35498046875,74.1915283203125,191.86822509765625,5.266666666666667,11.017429340272747,0.10201323463215506
158,3,405.2823486328125,130.00604248046875,41.12399291992188,130.84193420410156,5.266666666666667,0.04206180993017023,0.0003894612030571318
158,5,215.2588806152344,439.96142578125,58.79154968261719,122.69973754882812,5.266666666666667,0.11252361610384409,0.0010418853342948526
158,6,60.15741729736328,377.3016357421875,60.426513671875,101.35293579101562,5.266666666666667,0.4299330511151452,0.003980861584399492
158,7,1654.664794921875,347.0760498046875,77.96435546875,139.36325073242188,5.266666666666667,2.9661293946693994,0.027464161061753697
158,8,1695.606201171875,166.09869384765625,46.6865234375,67.78303527832031,5.266666666666667,0.10379808774384734,0.0009610934050356235
158,28,665.4874267578125,211.0478363037109,95.36883544921876,109.15969848632812,5.266666666666667,5.194346479394065,0.04809580073513023
159,1,1525.3798828125,137.84893798828125,42.6151123046875,118.82505798339844,5.3,0.07271868269776817,0.0006733211360904459
159,2,1086.468017578125,793.9442138671875,69.8306884765625,193.16534423828125,5.3,12.533111496700466,0.11604732867315246
159,3,405.33148193359375,129.95069885253906,41.03057861328125,130.7958984375,5.3,0.09895164432292225,0.0009162189289159467
159,5,215.26971435546875,439.7830200195313,58.91680908203125,122.16131591796876,5.3,0.23897906369451072,0.0022127691082825065
159,6,59.56396865844727,377.1815185546875,61.62439727783203,101.78652954101562,5.3,0.8095683514294432,0.007496003253976325
159,7,1653.528564453125,345.9066467285156,75.8695068359375,135.3919677734375,5.3,2.1800775290323235,0.020185903046595587
159,8,1695.5179443359375,165.92364501953125,46.59521484375,68.11012268066406,5.3,0.2621166402779218,0.0024270059284992756
159,28,672.01904296875,211.66390991210935,86.619384765625,108.80784606933594,5.3,8.771940864219362,0.08122167466869779
160,1,1525.441650390625,137.85662841796875,42.5645751953125,118.90171813964844,5.333333333333333,0.08322477213086515,0.000770599741952455
160,2,1094.8087158203125,791.7523193359375,72.694580078125,193.41937255859372,5.333333333333333,11.530693107184929,0.10676567691837896
160,3,405.29888916015625,129.83233642578125,40.975128173828125,130.9740447998047,5.333333333333333,0.1641483317580003,0.001519891960722225
160,5,215.1104431152344,439.9779052734375,58.94622802734375,122.57638549804688,5.333333333333333,0.3365245542316217,0.003115968094737238
160,6,59.28913879394531,377.18212890625,62.17106246948242,101.88775634765624,5.333333333333333,0.3674656118917079,0.003402459369367666
160,7,1652.885986328125,345.34381103515625,74.64208984375,133.59170532226562,5.333333333333333,1.1421446334676788,0.010575413272848878
160,8,1695.6383056640625,165.60848999023438,46.3427734375,68.19062805175781,5.333333333333333,0.4510669902448718,0.004176546205971035
160,28,679.9974975585938,210.95260620117188,74.8211669921875,109.59629821777344,5.333333333333333,10.710003379910338,0.09916669796213275
161,1,1525.517578125,137.8299102783203,42.5186767578125,119.03158569335938,5.366666666666666,0.10762215177814483,0.0009965014053531927
161,2,1100.6142578125,791.4212036132812,74.4488525390625,194.3575439453125,5.366666666666666,7.7749874475764456,0.07199062451459672
161,3,405.30023193359375,129.67813110351562,41.039581298828125,131.26182556152344,5.366666666666666,0.20618997033259656,0.0019091663919684866
161,5,214.96649169921875,440.1181335449219,59.12615966796875,122.5693359375,5.366666666666666,0.2686995952764184,0.002487959215522392
161,6,59.01934051513672,377.2331848144531,62.67304611206055,101.89959716796876,5.366666666666666,0.36713948508758754,0.0033994396767369215
161,7,1654.13037109375,346.9130249023437,76.8695068359375,139.24948120117188,5.366666666666666,2.6777745640755555,0.02479420892662551
161,8,1695.464111328125,165.26556396484375,46.2313232421875,68.23542785644531,5.366666666666666,0.5142772844573129,0.0047618267079380825
161,28,685.583740234375,210.4136505126953,67.38299560546875,110.51559448242188,5.366666666666666,7.503837340828367,0.06947997537804043
162,1,1525.598876953125,137.6022186279297,42.4281005859375,119.3854751586914,5.4,0.32326230355982016,0.002993169477405742
162,2,1107.814208984375,789.1521606445312,69.9976806640625,194.9677734375,5.4,10.09352482966321,0.09345856323762232
162,3,405.2474365234375,129.57896423339844,40.97869873046875,131.31417846679688,5.4,0.15021243198206952,0.001390855851685829
162,5,214.8240966796875,439.6326293945313,58.58123779296875,121.52703857421876,5.4,0.6764936680826105,0.00626383026002417
162,6,59.126609802246094,376.99609375,62.357666015625,102.26092529296876,5.4,0.3479417702923952,0.0032216830582629183
162,7,1654.5174560546875,347.434814453125,77.269287109375,141.0494384765625,5.4,0.8686781999913,0.008043316666586111
162,8,1695.361083984375,164.72457885742188,46.156005859375,69.09791564941406,5.4,0.7363312807993301,0.006817882229623427
162,28,690.3585815429688,210.164306640625,70.3720703125,113.74769592285156,5.4,6.392960158307269,0.05919407553988212
163,1,1525.63037109375,137.514892578125,42.4217529296875,119.41552734375,5.433333333333334,0.12412175134588957,0.0011492754754249034
163,2,1116.6500244140625,786.9686279296875,72.4892578125,187.63446044921875,5.433333333333334,12.16943205883155,0.1126799264706625
163,3,405.245361328125,129.52572631835938,40.91061401367188,131.2303466796875,5.433333333333334,0.07123647700286213,0.0006595970092857605
163,5,214.49972534179688,439.67376708984375,58.25486755371094,121.59085083007812,5.433333333333334,0.43717869980670443,0.004047950924136152
163,6,59.32159423828125,376.7874145507813,62.00129318237305,102.51242065429688,5.433333333333334,0.38186172250346745,0.0035357566898469206
163,7,1654.6090087890625,347.5610656738281,77.393798828125,141.40673828125,5.433333333333334,0.20851863238826146,0.0019307280776690876
163,8,1695.2437744140625,164.57415771484375,46.095947265625,69.64530944824219,5.433333333333334,0.2550534087941213,0.0023616056369826044
163,28,696.0226440429688,209.93638610839844,70.20751953125,118.13253784179688,5.433333333333334,7.579334499448,0.07017902314303703
164,1,1525.671630859375,137.4561309814453,42.444580078125,119.5872573852539,5.466666666666667,0.09600158567344808,0.0008889035710504451
164,2,1122.76123046875,784.93115234375,74.5321044921875,183.69232177734372,5.466666666666667,8.61323024511427,0.0797521318992062
164,3,405.2716369628906,129.4381103515625,40.96820068359375,131.433349609375,5.466666666666667,0.12230261042219523,0.0011324315779832892
164,5,214.27346801757807,439.6923828125,58.16563415527344,121.61785888671876,5.466666666666667,0.303542406777704,0.002810577840534296
164,6,59.31829071044922,376.6298828125,62.185359954833984,103.05908203125,5.466666666666667,0.21067608843677738,0.0019507045225627534
164,7,1651.712646484375,344.82647705078125,73.842041015625,134.42657470703125,5.466666666666667,5.325956409811988,0.04931441120196285
164,8,1695.373779296875,164.46337890625,46.3148193359375,69.57273864746094,5.466666666666667,0.22837252164748442,0.0021145603856248555
164,28,699.8519287109375,209.92825317382807,71.5614013671875,121.67295837402344,5.466666666666667,5.120004479136012,0.047407448880889
165,1,1525.59423828125,137.68914794921875,42.5091552734375,119.37406158447266,5.5,0.3282931419690442,0.0030397513145281867
165,2,1130.71923828125,783.8184814453125,80.2625732421875,187.23492431640625,5.5,10.743854618443594,0.09948013535595919
165,3,405.2288208007813,129.45809936523438,40.879730224609375,131.40496826171875,5.5,0.06317934274345671,0.0005849939142912658
165,5,214.12484741210935,439.6304626464844,57.955841064453125,121.40325927734376,5.5,0.21527200928080634,0.001993259345192651
165,6,59.4166259765625,376.5606689453125,61.946624755859375,103.28121948242188,5.5,0.1607835528457665,0.001488736600423764
165,7,1651.90576171875,344.54217529296875,73.1583251953125,131.88888549804688,5.5,0.4595314454152409,0.00425492079088186
165,8,1695.3988037109375,164.5834503173828,46.316162109375,69.608154296875,5.5,0.16399258287200488,0.0015184498414074527
165,28,705.2884521484375,209.87213134765625,71.73126220703125,123.26942443847656,5.5,7.269358923084476,0.06730887891744884
166,1,1525.5703125,137.79754638671875,42.5379638671875,119.17633819580078,5.533333333333333,0.1484239606786211,0.0013742959322094546
166,2,1139.847900390625,783.103515625,90.7742919921875,189.84149169921875,5.533333333333333,12.242970177410008,0.11336083497601859
166,3,405.16943359375,129.3358612060547,40.957366943359375,131.5189666748047,5.533333333333333,0.18170776736608948,0.0016824793274637913
166,5,214.19515991210935,439.4685363769531,57.79585266113281,120.9432373046875,5.533333333333333,0.2360358979362646,0.0021855175734839315
166,6,59.81768798828125,376.3869018554688,61.21696472167969,103.70269775390624,5.533333333333333,0.5844136971776285,0.005411237936829893
166,7,1653.35595703125,346.5360107421875,75.1005859375,137.7666015625,5.533333333333333,3.2964614294954258,0.030522791013846532
166,8,1695.470703125,164.5860595703125,46.4407958984375,69.63316345214844,5.533333333333333,0.09619729313170716,0.0008907156771454367
166,28,715.7862548828125,210.42724609375,66.42095947265625,124.221435546875,5.533333333333333,14.055828728124858,0.1301465622974524
167,1,1525.5928955078125,137.78921508789062,42.529296875,119.16214752197266,5.566666666666666,0.03218414651052946,0.0002980013565789765
167,2,1146.30078125,783.1001586914062,95.6339111328125,191.20068359375,5.566666666666666,8.627906181529076,0.07988802019934328
167,3,405.1567993164063,129.3851776123047,40.82046508789063,131.3762969970703,5.566666666666666,0.06806860159337144,0.0006302648295682541
167,5,214.18679809570312,439.1150207519531,57.61756896972656,120.00341796875,5.566666666666666,0.47280469209958176,0.004377821223144275
167,6,60.14558410644531,376.4400024414063,60.56003952026367,103.576171875,5.566666666666666,0.4441292885681237,0.004112308227482627
167,7,1653.84033203125,347.35235595703125,75.6273193359375,139.98638916015625,5.566666666666666,1.2691805816756894,0.011751672052552679
167,8,1695.47021484375,164.761962890625,46.4525146484375,69.42179870605469,5.566666666666666,0.23519463933787363,0.0021777281420173483
167,28,726.1630859375,211.0589599609375,54.44415283203125,123.47401428222656,5.566666666666666,13.90015764179611,0.12870516334996399
168,1,1525.54931640625,137.90377807617188,42.5950927734375,118.98582458496094,5.6,0.16388599492049757,0.001517462915930533
168,2,1153.885009765625,782.9453125,96.6668701171875,195.425048828125,5.6,10.142700863779435,0.09391389688684662
168,3,405.1412353515625,129.45445251464844,40.694122314453125,131.15895080566406,5.6,0.0949337829460196,0.0008790165087594408
168,5,213.90447998046875,439.09027099609375,57.6497802734375,119.88470458984376,5.6,0.3789247122795449,0.003508562150736527
168,6,60.34295654296875,376.3736572265625,60.110469818115234,103.55767822265624,5.6,0.27840956810813505,0.002577866371371621
168,7,1654.0499267578125,347.628173828125,76.16259765625,140.70523071289062,5.6,0.4631825493407753,0.004288727308710882
168,8,1695.4046630859375,164.8438720703125,46.625,69.33790588378906,5.6,0.1402714726553685,0.0012988099319941528
168,28,734.836181640625,210.60708618164065,49.92889404296875,122.96717834472656,5.6,11.612199528247915,0.1075203660022955
169,1,1525.564453125,137.88584899902344,42.5787353515625,118.9887466430664,5.633333333333334,0.03137319822149323,0.00029049257612493736
169,2,1160.4222412109375,785.3053588867188,98.56494140625,192.322998046875,5.633333333333334,9.292845427211708,0.08604486506677507
169,3,405.0836791992188,129.5626678466797,40.53271484375,131.00759887695312,5.633333333333334,0.16388300807334863,0.0015174352599384132
169,5,213.77818298339844,439.002197265625,57.468536376953125,119.62905883789062,5.633333333333334,0.20587251746437604,0.0019062270135590373
169,6,60.53987884521485,376.29486083984375,59.72055435180664,103.47116088867188,5.633333333333334,0.28359364701038237,0.0026258671019479844
169,7,1654.072021484375,347.764892578125,76.0849609375,140.92111206054688,5.633333333333334,0.1851732295905961,0.0017145669406536674
169,8,1695.462158203125,164.97540283203125,46.664306640625,69.18174743652344,5.633333333333334,0.19193265461805586,0.0017771542094264432
169,28,743.37646484375,209.7388610839844,48.828125,124.44781494140624,5.633333333333334,11.47774916375544,0.10627545521995778
170,1,1525.550048828125,137.9424591064453,42.6090087890625,118.9620590209961,5.666666666666667,0.07810308458214525,0.0007231767090939375
170,2,1164.115966796875,787.9830932617188,99.845458984375,189.6170654296875,5.666666666666667,6.099976027605883,0.056481259514869285
170,3,405.0831298828125,129.61744689941406,40.44204711914063,130.8355712890625,5.666666666666667,0.07324669968531203,0.0006782101822714075
170,5,213.80807495117188,438.8448486328125,57.33235168457031,119.29608154296876,5.666666666666667,0.21414767161070622,0.001982848811210243
170,6,60.69541931152344,376.3082885742188,59.39903259277344,103.25311279296876,5.666666666666667,0.20874085422378358,0.0019327856872572552
170,7,1654.029052734375,347.9267578125,76.1409912109375,141.08901977539062,5.666666666666667,0.22391971981213674,0.002073330739001266
170,8,1695.557861328125,164.9378662109375,46.5792236328125,69.11140441894531,5.666666666666667,0.1374516251599112,0.0012727002329621406
170,28,747.1788330078125,210.3399658203125,50.41290283203125,123.73980712890624,5.666666666666667,5.14714023966019,0.047658705922779536
171,1,1525.5179443359375,137.9779815673828,42.599365234375,118.86341094970705,5.7,0.06401924015181562,0.0005927707421464409
171,2,1171.08056640625,789.0338745117188,102.4647216796875,189.004150390625,5.7,9.417494999252252,0.08719902777085418
171,3,405.054931640625,129.63577270507812,40.44357299804688,130.75860595703125,5.7,0.04496539429602181,0.00041634624348168344
171,5,213.6068572998047,438.8636779785156,57.006439208984375,118.78204345703124,5.7,0.27021595642459906,0.0025019995965240654
171,6,60.33489608764648,375.8311767578125,60.13906097412109,104.06338500976562,5.7,0.799573079051371,0.007403454435660843
171,7,1653.937255859375,348.05926513671875,76.2210693359375,141.12521362304688,5.7,0.21553205811898676,0.001995667204805433
171,8,1695.57568359375,165.07505798339844,46.4862060546875,68.95938110351562,5.7,0.18497531504668913,0.0017127343985804547
171,28,755.44287109375,210.4790954589844,51.0426025390625,123.57380676269533,5.7,11.051101229257284,0.10232501138201189
172,1,1525.5994873046875,137.654296875,42.55908203125,119.26072692871094,5.733333333333333,0.4463086502447786,0.004132487502266469
172,2,1182.3720703125,789.1412353515625,106.657958984375,188.0174560546875,5.733333333333333,15.0981288619057,0.1397974894620898
172,3,405.0341796875,129.59996032714844,40.472076416015625,130.70477294921875,5.733333333333333,0.0553416285717525,0.0005124224867754861
172,5,213.42034912109372,438.8855590820313,56.85453796386719,118.42141723632812,5.733333333333333,0.25108340442489413,0.0023248463372675383
172,6,60.455345153808594,375.529541015625,59.93429565429688,104.24148559570312,5.733333333333333,0.4342718455188264,0.0040210356066558
172,7,1653.848388671875,348.0596923828125,76.1712646484375,141.08956909179688,5.733333333333333,0.1188223570872699,0.001100207010067314
172,8,1695.583251953125,165.0566864013672,46.3843994140625,68.83770751953125,5.733333333333333,0.02656669806047527,0.00024598794500440066
172,28,767.495361328125,210.0557556152344,58.71697998046875,124.37501525878906,5.733333333333333,16.124870502779235,0.14930435650721513
173,1,1525.63037109375,137.50218200683594,42.5130615234375,119.4604721069336,5.766666666666667,0.20753665821147158,0.0019216357241802924
173,2,1190.8931884765625,788.8062133789062,109.966796875,187.409423828125,5.766666666666667,11.402070013450198,0.10557472234676109
173,3,405.0231018066406,129.58148193359375,40.54437255859375,130.82205200195312,5.766666666666667,0.028806497947700762,0.00026672683284908116
173,5,213.3691864013672,438.7655029296875,56.86407470703125,118.12924194335938,5.766666666666667,0.17449102908329217,0.0016156576766971496
173,6,60.64250946044922,375.30511474609375,59.49688720703125,104.39523315429688,5.766666666666667,0.39072807058309855,0.0036178525053990607
173,7,1653.8436279296875,348.2243347167969,75.956298828125,141.38043212890625,5.766666666666667,0.22022910147603159,0.0020391583470002923
173,8,1695.6368408203125,165.1183624267578,46.602294921875,69.07687377929688,5.766666666666667,0.10924462421780137,0.0010115242983129756
173,28,776.7962646484375,211.34814453125,61.6583251953125,125.64122009277344,5.766666666666667,12.555370834456253,0.11625343365237271
174,1,1525.6370849609375,137.47409057617188,42.5224609375,119.5404815673828,5.8,0.038617839200737185,0.00035757258519201096
174,2,1199.57275390625,788.4539794921875,114.1973876953125,186.44476318359372,5.8,11.614673738009316,0.10754327535193811
174,3,405.0186767578125,129.41522216796875,40.76422119140625,131.3251190185547,5.8,0.22237841945437567,0.0020590594393923673
174,5,213.64669799804688,438.2266845703125,56.74195861816406,117.06475830078124,5.8,0.8103722937389529,0.007503447164249564
174,6,60.730262756347656,375.4519653320313,59.0557861328125,104.24774169921876,5.8,0.22873437159337812,0.002117910848086834
174,7,1653.804443359375,348.2218017578125,76.394775390625,141.35589599609375,5.8,0.05250156732269386,0.0004861256233582764
174,8,1695.6868896484375,165.10385131835938,46.772216796875,69.15582275390625,5.8,0.06967439568630635,0.0006451332933917254
174,28,786.3380126953125,213.68020629882807,68.7347412109375,121.3445281982422,5.8,13.133429916338844,0.121605832558693
175,1,1525.5743408203125,137.68756103515625,42.55517578125,119.35494232177734,5.833333333333333,0.29749704936666094,0.002754602308950564
175,2,1204.27734375,787.603271484375,115.1619873046875,188.98065185546875,5.833333333333333,6.392343215026015,0.05918836310209273
175,3,405.0321044921875,129.43319702148438,40.77163696289063,131.34921264648438,5.833333333333333,0.02999908850901533,0.0002777693380464382
175,5,213.90953063964844,437.7309875488281,56.5755615234375,116.20233154296876,5.833333333333333,0.7501820700059653,0.006946130277833012
175,6,60.80253219604492,375.5509643554688,58.739479064941406,103.92684936523438,5.833333333333333,0.16388524321354322,0.0015174559556809558
175,7,1653.861328125,348.205810546875,76.5362548828125,141.3271484375,5.833333333333333,0.07900665302164442,0.0007315430835337447
175,8,1695.70166015625,165.19586181640625,46.8631591796875,69.10111999511719,5.833333333333333,0.12459887116132212,0.0011536932514937233
175,28,794.4740600585938,214.4386444091797,74.2720947265625,120.05746459960938,5.833333333333333,10.925567553783223,0.10116266253502983
176,1,1525.5614013671875,137.52980041503906,42.611083984375,119.50228118896484,5.866666666666666,0.21164412405587213,0.0019596678153321495
176,2,1206.9749755859375,787.6021118164062,110.038330078125,187.54931640625,5.866666666666666,3.6069026999159464,0.03339724722144395
176,3,405.0595703125,129.44630432128906,40.74334716796875,131.24374389648438,5.866666666666666,0.040690935196880385,0.00037676791848963317
176,5,214.01370239257807,437.3895568847656,56.31355285644531,115.42303466796876,5.866666666666666,0.4772894618648706,0.004419346869119172
176,6,60.85741424560547,375.5230407714844,58.60661697387695,103.716064453125,5.866666666666666,0.08233272073366991,0.0007623400067932399
176,7,1653.8360595703125,348.10601806640625,76.435546875,141.12503051757812,5.866666666666666,0.1376397816946012,0.0012744424230981591
176,8,1695.7266845703125,165.2964630126953,46.857421875,68.77035522460938,5.866666666666666,0.13860909764344492,0.0012834175707726382
176,28,797.30029296875,215.1298828125,77.39898681640625,120.1537628173828,5.866666666666666,3.8902322264559395,0.036020668763480916
177,1,1525.570556640625,137.46995544433594,42.6141357421875,119.52544403076172,5.9,0.08094739751802321,0.0007495129399816964
177,2,1208.9755859375,786.32275390625,105.427978515625,187.38775634765625,5.9,3.175121854535964,0.029399276430888556
177,3,405.03070068359375,129.36582946777344,40.77801513671875,131.42156982421875,5.9,0.11431421102032284,0.001058464916854841
177,5,213.9923095703125,437.2440185546875,55.99690246582031,115.286376953125,5.9,0.1966848403846925,0.0018211559294878936
177,6,60.89204788208008,375.622314453125,58.48792266845703,103.46566772460938,5.9,0.14058086887666174,0.001301674711820942
177,7,1653.9339599609375,348.1043395996094,76.217529296875,141.131103515625,5.9,0.13091817775397693,0.0012122053495738604
177,8,1695.679931640625,165.44064331054688,46.8741455078125,68.43568420410156,5.9,0.2026600178729317,0.0018764816469715897
177,28,799.1248779296875,216.26266479492188,76.7481689453125,118.64898681640624,5.9,2.8715126364418935,0.02658807996705457
178,1,1525.5450439453125,137.534912109375,42.625,119.58816528320312,5.933333333333334,0.09330996948517382,0.0008639811989367947
178,2,1212.14404296875,783.6680908203125,104.547119140625,191.66351318359372,5.933333333333334,5.526834178580372,0.051174390542410846
178,3,405.0368041992188,129.38671875,40.751495361328125,131.3632049560547,5.933333333333334,0.02909808710854043,0.00026942673248648544
178,5,214.106201171875,437.1966552734375,55.76673889160156,115.111572265625,5.933333333333334,0.16492316258204495,0.00152706632020412
178,6,60.97301483154297,375.6846008300781,58.31474304199219,103.335693359375,5.933333333333334,0.13658497337803235,0.0012646756794262254
178,7,1653.9200439453125,348.045654296875,76.196044921875,141.03884887695312,5.933333333333334,0.08064183244701605,0.000746683633768667
178,8,1695.6461181640625,165.40672302246094,46.86474609375,68.3175048828125,5.933333333333334,0.06403869380726777,0.0005929508685858127
178,28,800.8973388671875,217.94671630859372,75.219970703125,115.32159423828124,5.933333333333334,3.269014530491142,0.03026865306010317
179,1,1525.543212890625,137.56825256347656,42.6405029296875,119.61386108398438,5.966666666666667,0.044645448703875296,0.0004133837842951416
179,2,1202.257080078125,782.59375,79.1011962890625,195.0584716796875,5.966666666666667,13.297302910680962,0.12312317509889778
179,3,405.0298767089844,129.37936401367188,40.73968505859375,131.27810668945312,5.966666666666667,0.0135091138702543,0.0001250843876875398
179,5,214.2007598876953,437.0966796875,55.51754760742188,115.07357788085938,5.966666666666667,0.18399295891181677,0.0017036385084427477
179,6,61.51925659179688,375.68890380859375,57.16837692260742,103.12728881835938,5.966666666666667,0.7303820340143868,0.006762796611244322
179,7,1653.959716796875,348.032470703125,75.7330322265625,141.0274658203125,5.966666666666667,0.0558972454174902,0.0005175670871989833
179,8,1695.62744140625,165.50323486328125,46.8397216796875,68.28196716308594,5.966666666666667,0.13143641771110817,0.0012170038676954458
179,28,803.1473388671875,218.1587829589844,71.481201171875,117.89356994628906,5.966666666666667,3.0217234642023603,0.02797892096483667
180,1,1525.3055419921875,137.884765625,43.15478515625,119.62834167480467,6.0,0.5292267921256688,0.004900248075237674
180,2,1197.460205078125,780.3347778320312,68.99072265625,196.3817138671875,6.0,7.08932741938361,0.06564192054984824
180,3,405.1690673828125,129.30435180664062,40.745635986328125,131.52139282226562,6.0,0.21141184282143302,0.001957517063161417
180,5,214.3424835205078,437.5115051269531,56.02130126953125,115.91033935546876,6.0,0.5861242395474525,0.005427076292106041
180,6,61.341583251953125,375.4443054199219,57.73541641235352,103.70538330078124,6.0,0.40421809251526025,0.003742760115882039
180,7,1653.85205078125,348.1285400390625,74.9237060546875,141.31536865234375,6.0,0.1929325509488446,0.001786412508785598
180,8,1695.747802734375,164.83877563476562,46.422607421875,69.83819580078125,6.0,0.9028815037779087,0.008360013923869525
180,28,807.427978515625,215.7471618652344,64.26263427734375,120.86302185058594,6.0,6.569290561448152,0.060826764457853254
181,1,1525.1494140625,137.97628784179688,43.4090576171875,119.38396453857422,6.033333333333333,0.2419759792673053,0.002240518326549123
181,2,1200.811279296875,773.166259765625,79.2825927734375,193.018310546875,6.033333333333333,10.580326003178222,0.09796598151090946
181,3,405.2132568359375,129.3803253173828,40.522247314453125,131.35546875,6.033333333333333,0.1175146513334608,0.0010880986234579702
181,5,214.42523193359372,437.5989379882813,56.1258544921875,116.13003540039062,6.033333333333333,0.16095814227655966,0.0014903531692274043
181,6,61.26177215576172,375.3716430664063,57.90621948242188,103.98165893554688,6.033333333333333,0.14431376269802548,0.001336238543500236
181,7,1653.869384765625,348.16607666015625,74.7200927734375,141.38424682617188,6.033333333333333,0.05528175313586889,0.0005118680845913786
181,8,1695.755126953125,164.56500244140625,46.1656494140625,70.22068786621094,6.033333333333333,0.36618284151920555,0.0033905818659185696
181,28,812.5831298828125,213.9781188964844,55.07086181640625,121.53704833984376,6.033333333333333,7.287309384019745,0.06747508688907171
182,1,1525.055908203125,138.04339599609375,43.5623779296875,119.3869171142578,6.066666666666666,0.15388915665799302,0.0014248995986851204
182,2,1205.4952392578125,767.0781860351562,91.489013671875,186.0579833984375,6.066666666666666,10.270530747706196,0.09509750692320551
182,3,405.2517395019531,129.5257110595703,40.4464111328125,131.1793212890625,6.066666666666666,0.20108428564643682,0.0018618915337633038
182,5,214.77713012695312,437.1461791992188,55.912200927734375,115.36273193359376,6.066666666666666,0.7667127924137942,0.007099192522349946
182,6,61.30462646484375,375.4651794433594,57.656864166259766,103.81610107421876,6.066666666666666,0.13756512039678828,0.0012737511147850767
182,7,1653.81787109375,348.33074951171875,74.7071533203125,141.7076416015625,6.066666666666666,0.23069968843661315,0.0021361082262649363
182,8,1695.84765625,164.68197631835938,46.3409423828125,70.091796875,6.066666666666666,0.1994176551994994,0.001846459770365735
182,28,814.942626953125,213.42633056640625,49.65728759765625,121.53985595703124,6.066666666666666,3.239914270834538,0.029999206211430905
183,1,1525.008544921875,137.9847412109375,43.594970703125,119.33258819580078,6.1,0.10080124946149704,0.0009333449024212689
183,2,1213.0450439453125,762.7255249023438,109.53369140625,187.33837890625,6.1,11.652038246549271,0.10788924302360435
183,3,405.2686462402344,129.44024658203125,40.5772705078125,131.41627502441406,6.1,0.11648580829643682,0.0010785722990410815
183,5,214.76235961914065,437.4527587890625,56.063385009765625,115.97415161132812,6.1,0.41039153672539974,0.0037999216363462937
183,6,61.40320587158203,375.5652465820313,57.40365982055664,103.74703979492188,6.1,0.18781484101789703,0.0017390263057212687
183,7,1653.779541015625,348.3350830078125,74.6910400390625,141.69204711914062,6.1,0.05157620592052909,0.0004775574622271212
183,8,1695.702392578125,164.53799438476562,45.761962890625,70.27935791015625,6.1,0.27346877426957517,0.0025321182802738444
183,28,818.8551635742188,211.6369171142578,48.3846435546875,124.52188110351562,6.1,5.752468548951483,0.05326359767547669
184,1,1525.0130615234375,137.94578552246094,43.559814453125,119.52368927001952,6.133333333333334,0.05243510726858658,0.00048551025248691276
184,2,1210.267822265625,758.033447265625,100.4346923828125,190.12713623046875,6.133333333333334,7.290185725575869,0.06750171968125804
184,3,405.3058471679688,129.4261016845703,40.646820068359375,131.41250610351562,6.133333333333334,0.05321419973151896,0.0004927240715881385
184,5,214.61456298828125,437.3488159179688,55.92189025878906,116.19989013671876,6.133333333333334,0.24159045045617053,0.0022369486153349123
184,6,61.99858856201172,375.8609008789063,56.1308708190918,102.96884155273438,6.133333333333334,0.8888117425635554,0.008229738357069957
184,7,1653.7998046875,348.2491455078125,74.4381103515625,141.53683471679688,6.133333333333334,0.11805489824196465,0.0010931009096478209
184,8,1695.6812744140625,164.59259033203125,45.384033203125,70.57914733886719,6.133333333333334,0.0782689288469733,0.0007247123041386416
184,28,823.62109375,207.8252716064453,50.31011962890625,131.13064575195312,6.133333333333334,8.15966772536431,0.07555247893855842
185,1,1525.024658203125,138.01150512695312,43.5506591796875,119.5351104736328,6.166666666666667,0.08922875743956582,0.0008261921985144984
185,2,1207.220458984375,754.595703125,92.2196044921875,192.8641357421875,6.166666666666667,6.142417356162704,0.05687423477928429
185,3,405.3155212402344,129.40248107910156,40.75897216796875,131.42559814453125,6.166666666666667,0.03412839071566465,0.00031600361773763565
185,5,214.6517791748047,437.2282104492188,55.730743408203125,115.94876098632812,6.166666666666667,0.16875997806384116,0.0015625923894800105
185,6,62.29228973388672,375.8807678222656,55.521854400634766,102.8026123046875,6.166666666666667,0.3935942151300632,0.0036443908808339183
185,7,1653.767333984375,348.2436828613281,74.781005859375,141.97833251953125,6.166666666666667,0.04402545163921927,0.0004076430707335117
185,8,1695.6197509765625,164.62069702148438,45.14501953125,70.50682067871094,6.166666666666667,0.09043841088222174,0.000837392693353905
185,28,827.106689453125,205.55650329589844,52.76300048828125,132.95968627929688,6.166666666666667,5.560747463632159,0.05148840244103851
186,1,1525.006591796875,138.02304077148438,43.56103515625,119.642822265625,6.2,0.028660150030833314,0.0002653717595447529
186,2,1204.12158203125,750.4444580078125,78.4644775390625,199.79827880859372,6.2,6.926432141023058,0.06413363093539869
186,3,405.3473205566406,129.3019561767578,41.0325927734375,131.7045440673828,6.2,0.140972634885499,0.0013053021748657314
186,5,214.643798828125,436.994873046875,55.75971984863281,115.72952270507812,6.2,0.3121691027408055,0.002890454655007458
186,6,62.01729965209961,375.87298583984375,56.22034454345703,102.84036254882812,6.2,0.36782612298906453,0.0034057974350839306
186,7,1652.7364501953125,345.84332275390625,72.6826171875,135.16082763671875,6.2,3.4928950573787905,0.03234162090165547
186,8,1695.548583984375,164.60333251953125,45.0260009765625,70.36091613769531,6.2,0.09794625498734705,0.0009069097684013615
186,28,831.248291015625,204.0699615478516,56.41607666015625,132.43423461914062,6.2,5.883480643361411,0.05447667262371677
187,1,1525.023681640625,138.0536651611328,43.568115234375,119.73379516601562,6.233333333333333,0.04689099348532223,0.00043417586560483545
187,2,1201.062744140625,747.2691040039062,75.3228759765625,200.0921630859375,6.233333333333333,5.895120888578912,0.05458445267202696
187,3,405.35546875,129.20822143554688,41.201690673828125,131.99264526367188,6.233333333333333,0.12580184217961102,0.0011648318720334353
187,5,214.75924682617188,437.0629577636719,56.06166076660156,116.204833984375,6.233333333333333,0.1792051302264867,0.0016593067613563585
187,6,62.03287887573242,375.8902587890625,56.25859832763672,102.79183959960938,6.233333333333333,0.031101205683141907,0.00028797412669575835
187,7,1652.396240234375,344.9057922363281,72.216796875,132.37164306640625,6.233333333333333,1.3335187926449226,0.012347396228193728
187,8,1695.4832763671875,164.83453369140625,44.977294921875,69.853759765625,6.233333333333333,0.3212264947606417,0.002974319395931867
187,28,835.594482421875,202.93499755859372,62.98443603515625,132.3450164794922,6.233333333333333,6.006004233514151,0.05561115031031621
188,1,1525.032470703125,138.07797241210938,43.5540771484375,119.72672271728516,6.266666666666667,0.03455964054943721,0.0003199966717540482
188,2,1201.4349365234375,746.34326171875,77.598388671875,200.9830322265625,6.266666666666667,1.3341921599200364,0.012353631110370708
188,3,405.3576049804688,129.11907958984375,41.334869384765625,132.15924072265625,6.266666666666667,0.1192224385942195,0.0011039114684649953
188,5,214.73426818847656,436.9942626953125,56.11505126953125,116.36038208007812,6.266666666666667,0.09773318463372564,0.0009049368947567189
188,6,62.11334228515625,375.965576171875,56.20766067504883,102.66696166992188,6.266666666666667,0.14736265828408207,0.001364469058185945
188,7,1652.2850341796875,344.54412841796875,72.29736328125,131.30673217773438,6.266666666666667,0.5059107822351525,0.0046843590947699305
188,8,1695.460693359375,165.34915161132812,45.10009765625,68.85630798339844,6.266666666666667,0.6887385260153467,0.0063772085742161725
188,28,838.652099609375,203.79409790039065,67.47833251953125,128.56480407714844,6.266666666666667,4.246531604689976,0.03931973708046275
189,1,1525.0526123046875,138.06629943847656,43.498291015625,119.67581939697266,6.3,0.03112635629845784,0.0002882070027634985
189,2,1207.551513671875,746.041259765625,86.336669921875,202.10736083984372,6.3,8.188208433120272,0.07581674475111362
189,3,405.4014587402344,129.20260620117188,41.22412109375,132.13714599609375,6.3,0.1261371400700204,0.0011679364821298183
189,5,214.77899169921875,436.9065246582031,56.12028503417969,116.224853515625,6.3,0.13167286392532992,0.0012191931844937956
189,6,62.10440826416016,375.9921875,56.1505126953125,102.54574584960938,6.3,0.03753264511218721,0.0003475244917795112
189,7,1652.184326171875,344.40655517578125,73.3310546875,131.2694091796875,6.3,0.22796229361869957,0.002110761977950922
189,8,1695.489990234375,165.47244262695312,45.2039794921875,68.56124877929688,6.3,0.16943795700929165,0.001568869972308256
189,28,841.7661743164062,207.17535400390625,76.876953125,120.2861785888672,6.3,6.1461774684990065,0.05690905063425006
190,1,1525.095458984375,138.03799438476562,43.3843994140625,119.58406066894533,6.333333333333333,0.06866065282529007,0.0006357467854193525
190,2,1212.585693359375,745.7457275390625,91.04931640625,201.398681640625,6.333333333333333,6.742601425713675,0.062431494682534026
190,3,405.3689575195313,129.07440185546875,41.22579956054688,132.34486389160156,6.333333333333333,0.1768397649597881,0.001637405231109149
190,5,214.72650146484372,436.9498596191406,56.090179443359375,116.4808349609375,6.333333333333333,0.09101009891421508,0.0008426861010575469
190,6,62.117454528808594,375.89642333984375,56.19289016723633,102.46054077148438,6.333333333333333,0.12922540902595944,0.00119653156505518
190,7,1652.28173828125,344.26422119140625,73.1290283203125,131.39718627929688,6.333333333333333,0.23061162426209422,0.002135292817241613
190,8,1695.435546875,165.37741088867188,45.2457275390625,68.96879577636719,6.333333333333333,0.14643801657535965,0.0013559075608829596
190,28,844.8577270507812,205.98858642578125,80.355712890625,121.0108642578125,6.333333333333333,4.427699294328321,0.040997215688225196
191,1,1525.13916015625,138.05322265625,43.2874755859375,119.52739715576172,6.366666666666666,0.06187714742353281,0.0005729365502178964
191,2,1215.197265625,745.243896484375,94.5736083984375,201.70166015625,6.366666666666666,3.555717582595959,0.032923310949962585
191,3,405.4117431640625,129.0797119140625,41.2874755859375,132.55111694335938,6.366666666666666,0.05764597468570133,0.0005337590248676049
191,5,214.6278381347656,437.2394714355469,56.34043884277344,116.9146728515625,6.366666666666666,0.4090831310564994,0.003787806769041661
191,6,62.09210205078125,375.93994140625,56.18642044067383,102.52505493164062,6.366666666666666,0.06734031683948911,0.0006235214522174917
191,7,1652.4686279296875,344.0860290527344,72.71142578125,131.26885986328125,6.366666666666666,0.3452630374657842,0.0031968799765350387
191,8,1695.4803466796875,165.3450927734375,45.10498046875,69.06480407714844,6.366666666666666,0.07385964077335426,0.0006838855627162431
191,28,845.7119750976562,206.6367645263672,83.6614990234375,119.01974487304688,6.366666666666666,1.433761598953647,0.013275570360681915
192,1,1525.1083984375,138.13812255859375,43.3187255859375,119.34749603271484,6.4,0.12073812639820997,0.0011179456147982403
192,2,1217.966064453125,743.9520263671875,100.2767333984375,200.69903564453125,6.4,4.085196475498017,0.0378258932916483
192,3,405.3638610839844,129.00352478027344,41.375244140625,132.66090393066406,6.4,0.12031462346875256,0.0011140242913773384
192,5,214.4491424560547,437.3829956054688,56.29254150390625,117.12631225585938,6.4,0.3064509125447947,0.0028375084494888392
192,6,61.78016662597656,375.8291015625,56.8216552734375,103.00814819335938,6.4,0.44262460031014644,0.004098375928797652
192,7,1652.7750244140625,344.3095397949219,73.1181640625,131.43609619140625,6.4,0.5070902869350304,0.004695280434583615
192,8,1695.4580078125,165.16363525390625,45.3265380859375,69.72891235351562,6.4,0.2444516538972803,0.0022634412397896323
192,28,844.9932250976562,208.16851806640625,82.1688232421875,115.17546081542967,6.4,2.262312306349133,0.020947336169899376
193,1,1525.096435546875,138.26927185058594,43.3399658203125,119.20667266845705,6.433333333333334,0.17608279366161808,0.0016303962376075748
193,2,1219.560302734375,744.048828125,102.4063720703125,198.67584228515625,6.433333333333334,2.1355220856500026,0.01977335264490743
193,3,405.3683471679688,128.89825439453125,41.385498046875,132.90948486328125,6.433333333333334,0.14088083288637793,0.001304452156355351
193,5,214.2871856689453,437.9000549316406,56.66452026367188,118.03021240234376,6.433333333333334,0.7244613131632184,0.006707975121881651
193,6,61.46021270751953,375.75091552734375,57.4847297668457,103.36917114257812,6.433333333333334,0.44038618323405393,0.004077649844759759
193,7,1652.83056640625,344.2738647460937,73.270263671875,131.74331665039062,6.433333333333334,0.08826255318391729,0.000817245862814049
193,8,1695.5423583984375,165.02560424804688,45.66748046875,70.14376831054688,6.433333333333334,0.21628852960972317,0.0020026715704603995
193,28,845.3289794921875,211.0567626953125,80.56573486328125,110.24815368652344,6.433333333333334,3.887769448585379,0.035997865264679435
194,1,1525.1361083984375,138.24072265625,43.28857421875,119.21289825439452,6.466666666666667,0.06535202124936254,0.0006051113078644679
194,2,1220.239013671875,744.00830078125,103.083984375,198.3695068359375,6.466666666666667,0.9090953342926824,0.008417549391598911
194,3,405.4663391113281,129.0274658203125,41.37158203125,132.70941162109375,6.466666666666667,0.21682690995489412,0.002007656573656427
194,5,214.1682586669922,438.201904296875,56.78167724609375,118.72543334960938,6.466666666666667,0.4337869911705068,0.004016546214541729
194,6,61.29186248779297,375.6324462890625,57.917083740234375,103.7442626953125,6.466666666666667,0.2752425463798331,0.0025485420961095656
194,7,1652.7646484375,344.3079833984375,73.359375,131.61270141601562,6.466666666666667,0.09924265720017214,0.0009189134925941865
194,8,1695.626220703125,164.9417724609375,45.916259765625,70.21734619140625,6.466666666666667,0.1585457043345962,0.0014680157808758907
194,28,846.500244140625,207.691162109375,86.22113037109375,117.66340637207033,6.466666666666667,4.764734017164489,0.044117907566337856
195,1,1525.14697265625,138.26785278320312,43.2689208984375,119.2187728881836,6.5,0.03907508565291302,0.0003618063486380835
195,2,1217.7618408203125,744.36376953125,101.79296875,197.7027587890625,6.5,3.3460622508215843,0.030982057877977632
195,3,405.4311828613281,128.9917755126953,41.494384765625,132.92550659179688,6.5,0.0669834948072901,0.0006202175445119454
195,5,213.83883666992188,438.4906921386719,57.21461486816406,119.8824462890625,6.5,0.5857451978853334,0.00542356664708642
195,6,61.08797454833984,375.5499877929688,58.35309982299805,103.96939086914062,6.5,0.29406164671516066,0.0027227930251403766
195,7,1654.02978515625,346.5990295410156,76.154052734375,138.81396484375,6.5,3.4992903687282046,0.032400836747483376
195,8,1695.54296875,164.84677124023438,46.0784912109375,70.42724609375,6.5,0.16889443906543963,0.0015638373987540706
195,28,851.685791015625,204.3124084472656,91.26055908203124,122.57818603515624,6.5,8.275312234515416,0.0766232614306983
196,1,1525.19482421875,138.2359161376953,43.2572021484375,119.18097686767578,6.533333333333333,0.07692144338124768,0.0007122355868634044
196,2,1214.15234375,743.613037109375,102.03662109375,197.06524658203125,6.533333333333333,4.929404782787574,0.04564263687766272
196,3,405.4533386230469,128.99110412597656,41.49652099609375,132.8970489501953,6.533333333333333,0.029637236335180017,0.0002744188549553705
196,5,213.90582275390625,438.3280029296875,57.18428039550781,119.49444580078124,6.533333333333333,0.23524289239948032,0.002178174929624818
196,6,61.00928497314453,375.52825927734375,58.47951126098633,103.9041748046875,6.533333333333333,0.10915031437776451,0.001010651059053375
196,7,1654.5430908203125,347.4019470214844,77.06103515625,141.4503173828125,6.533333333333333,1.2741856168477828,0.011798014970812802
196,8,1695.6009521484375,164.8203125,46.119384765625,70.62623596191406,6.533333333333333,0.08521756519726237,0.0007890515296042811
196,28,856.57958984375,202.6053466796875,86.78271484375,123.57025146484376,6.533333333333333,6.929974022292795,0.06416642613234069
197,1,1525.22412109375,138.16397094726562,43.226806640625,119.2021026611328,6.566666666666666,0.10386503667398689,0.0009617133025369155
197,2,1212.3157958984375,743.5877685546875,102.60302734375,195.79058837890625,6.566666666666666,2.4558116744049854,0.022738996985231345
197,3,405.405517578125,129.0308074951172,41.4609375,132.859130859375,6.566666666666666,0.08310475219656756,0.0007694884462645143
197,5,214.00006103515625,438.41644287109375,57.40509033203125,120.02316284179688,6.566666666666666,0.1727993674076943,0.001599994142663836
197,6,61.06004333496094,375.52545166015625,58.3293342590332,103.76583862304688,6.566666666666666,0.06797084497645196,0.0006293596757078885
197,7,1654.685302734375,347.6246643066406,77.352783203125,142.24481201171875,6.566666666666666,0.3533166281114636,0.0032714502602913297
197,8,1695.61181640625,164.7736358642578,45.9725341796875,70.74533081054688,6.566666666666666,0.06407781075515968,0.0005933130625477748
197,28,861.14697265625,200.77691650390625,79.858154296875,122.5959014892578,6.566666666666666,6.5780407652255155,0.06090778486319922
198,1,1525.2421875,138.24142456054688,43.1993408203125,119.01912689208984,6.6,0.10634024849010634,0.0009846319304639476
198,2,1208.62744140625,742.9111938476562,104.213134765625,195.4171142578125,6.6,5.013843926960027,0.04642448080518543
198,3,405.34808349609375,128.97775268554688,41.446136474609375,132.8714141845703,6.6,0.10454329659812352,0.0009679934870196622
198,5,214.02224731445312,438.36029052734375,57.276275634765625,119.67550659179688,6.6,0.0807270980632082,0.0007474731302148908
198,6,61.34491729736328,375.5891418457031,57.45327758789063,103.69921875,6.6,0.39029771433776195,0.0036138677253496477
198,7,1654.65869140625,347.5078430175781,77.1251220703125,142.2314453125,6.6,0.16019870463841282,0.0014833213392445631
198,8,1695.53759765625,164.77395629882812,45.6961669921875,70.78799438476562,6.6,0.09923603230058323,0.0009188521509313262
199,1,1525.2454833984375,138.2555389404297,43.17236328125,119.08554077148438,6.633333333333334,0.019379505181938355,0.0001794398627957255
199,2,1199.533935546875,741.118896484375,100.2362060546875,194.14923095703125,6.633333333333334,12.39249788387428,0.11474535077661369
199,3,405.2669067382813,128.8653564453125,41.51361083984375,133.10475158691406,6.633333333333334,0.1853777285345066,0.0017164604493935796
199,5,214.008056640625,438.4768676757813,57.13887023925781,119.88278198242188,6.633333333333334,0.15702150707228624,0.0014539028432619095
199,6,61.286376953125,375.55419921875,57.31204605102539,103.87344360351562,6.633333333333334,0.09115549559093733,0.0008440323665827531
199,7,1654.5748291015625,347.400390625,77.0068359375,142.06588745117188,6.633333333333334,0.18224756734630548,0.0016874774754287545
199,8,1695.487548828125,164.7668914794922,45.5518798828125,70.83163452148438,6.633333333333334,0.06758182199831601,0.0006257576110955187
199,28,889.5567016601562,200.86651611328125,89.540771484375,112.1964111328125,6.633333333333334,18.992886100497365,0.3517201129721734
200,1,1525.238525390625,138.21109008789062,43.181640625,119.1649932861328,6.666666666666667,0.06015465384254356,0.000556987535579107
200,2,1193.3955078125,739.005859375,92.6773681640625,194.48858642578125,6.666666666666667,8.680122926565867,0.08037150857931358
200,3,405.2820129394531,128.78440856933594,41.609619140625,133.24072265625,6.666666666666667,0.11010087362675693,0.0010194525335810826
200,5,214.04547119140625,438.3382568359375,57.09617614746094,119.545654296875,6.666666666666667,0.19196424529120598,0.0017774467156593146
200,6,61.34442138671875,375.6540222167969,57.17446899414063,103.68463134765624,6.666666666666667,0.15439330662621278,0.0014295676539464147
200,7,1654.389892578125,347.42584228515625,76.8280029296875,142.12411499023438,6.666666666666667,0.2496024060179015,0.0023111333890546435
200,8,1695.485595703125,164.8143310546875,45.5279541015625,70.97856140136719,6.666666666666667,0.0634834119881923,0.0005878093702610398
200,28,892.1731567382812,202.84280395507807,85.2298583984375,110.69374084472656,6.666666666666667,4.384168772284968,0.040594155298934884
201,1,1525.236572265625,138.22840881347656,43.1163330078125,119.19922637939452,6.7,0.023303006859066694,0.0002157685820283953
201,2,1192.27685546875,739.2012939453125,80.1822509765625,199.0941162109375,6.7,1.5183625101646891,0.01405891213115453
201,3,405.2575073242188,128.7535858154297,41.632720947265625,133.26675415039062,6.7,0.05264983615876062,0.00048749848295148723
201,5,214.07183837890625,438.30859375,57.01606750488281,119.45489501953124,6.7,0.053065166368490575,0.0004913441330415794
201,6,61.27843475341797,375.7672729492188,57.1646614074707,103.45547485351562,6.7,0.17525194046657222,0.0016227031524682612
201,7,1654.2303466796875,347.60748291015625,77.2001953125,142.48733520507812,6.7,0.3232490948603212,0.002993047174632604
201,8,1695.486572265625,164.89730834960938,45.7109375,70.95736694335938,6.7,0.11095351268614223,0.001027347339686502
201,28,897.4395751953125,203.99366760253903,84.99591064453125,112.40744018554688,6.7,7.20770331600401,0.0667379936667038
202,1,1525.2333984375,138.2203369140625,43.0628662109375,119.13385772705078,6.733333333333333,0.011596945527997506,0.00010737912525923616
202,2,1190.568359375,735.970947265625,77.013427734375,200.16058349609372,6.733333333333333,4.8860622681779455,0.045241317297943937
202,3,405.2161865234375,128.75100708007812,41.59814453125,133.2340850830078,6.733333333333333,0.05535597730942756,0.0005125553454576626
202,5,214.0912628173828,438.0817260742188,56.80596923828125,119.04293823242188,6.733333333333333,0.3044460810777463,0.0028189451951643177
202,6,61.57854080200195,375.923095703125,56.75275421142578,103.00189208984376,6.733333333333333,0.4521256055901475,0.004186348199908773
202,7,1654.2838134765625,347.64324951171875,77.66552734375,142.47857666015625,6.733333333333333,0.08600906589979433,0.0007963802398129105
202,8,1695.45947265625,165.09442138671875,46.0196533203125,71.08421325683594,6.733333333333333,0.26603155346102586,0.0024632551246391286
202,28,904.51220703125,203.69207763671875,81.53765869140625,115.6665496826172,6.733333333333333,9.465144444002632,0.0876402263333577
203,1,1525.285400390625,138.2463836669922,42.992919921875,119.0650405883789,6.766666666666667,0.07776413969820888,0.000720038330538971
203,2,1189.1220703125,732.4931640625,77.6025390625,202.20159912109372,6.766666666666667,5.036082436206638,0.04663039292783924
203,3,405.1886901855469,128.61691284179688,41.71044921875,133.47125244140625,6.766666666666667,0.1830228729211393,0.0016946562307512897
203,5,214.16726684570312,437.9614868164063,56.59835815429688,118.83737182617188,6.766666666666667,0.19019257688791727,0.0017610423785918265
203,6,61.14653778076172,375.8163146972656,57.64418029785156,103.2294921875,6.766666666666667,0.5949985116235368,0.005509245477995711
203,7,1654.272216796875,347.7919311523437,78.04150390625,142.56411743164062,6.766666666666667,0.19940041772640835,0.0018463001641334106
203,8,1695.45849609375,165.21456909179688,46.2615966796875,71.14241027832031,6.766666666666667,0.1606502973107906,0.0014875027528776907
203,28,913.4639892578124,201.95443725585935,75.84320068359375,117.20692443847656,6.766666666666667,12.192499782717249,0.11289351650664119
204,1,1525.277099609375,138.22677612304688,42.9971923828125,118.8516616821289,6.8,0.028469032558445132,0.0002636021533189364
204,2,1185.5535888671875,724.8547973632812,79.613525390625,195.4722900390625,6.8,11.272531663268946,0.10437529317841616
204,3,405.1820373535156,128.71713256835938,41.746826171875,133.26791381835938,6.8,0.13429495796784785,0.001243471833035628
204,5,214.16632080078125,437.877197265625,56.502471923828125,118.83905029296876,6.8,0.1127074958481549,0.0010435879245199527
204,6,60.84943771362305,375.7637939453125,58.42542266845703,103.34182739257812,6.8,0.4034005959212191,0.00373519070297425
204,7,1654.3441162109375,347.907470703125,78.067138671875,142.64385986328125,6.8,0.18195310054703973,0.0016847509309911085
204,8,1695.4298095703125,165.15200805664062,46.18896484375,70.98722839355469,6.8,0.09202254094873791,0.0008520605643401657
204,28,927.2364501953124,201.5652313232422,68.39324951171875,122.26742553710938,6.8,18.421992660969604,0.17057400612008894
205,1,1525.379638671875,138.1465301513672,42.8538818359375,119.06261444091795,6.833333333333333,0.17409393403561116,0.0016119808707001034
205,2,1179.444091796875,714.9755859375,77.413330078125,180.15582275390625,6.833333333333333,15.530933362288444,0.14380493853970783
205,3,405.1634521484375,128.71084594726562,41.80978393554688,133.3574981689453,6.833333333333333,0.02623272507605615,0.00024289560255607545
205,5,214.21487426757807,437.7937622070313,56.50205993652344,118.7744140625,6.833333333333333,0.12907223365466067,0.0011951132745801913
205,6,60.40813064575195,375.7396240234375,59.13729095458984,103.43038940429688,6.833333333333333,0.5909394444309756,0.0054716615225090335
205,7,1654.28076171875,347.80242919921875,77.1016845703125,142.44210815429688,6.833333333333333,0.16401516968989577,0.001518658978610146
205,8,1695.4595947265625,165.1779327392578,46.1484375,70.80303955078125,6.833333333333333,0.05279695149272693,0.0004888606619696938
205,28,935.8521118164062,212.06304931640625,60.3797607421875,99.62855529785156,6.833333333333333,18.158165699546675,0.16813116388469143
206,1,1525.4154052734375,138.1124267578125,42.810791015625,119.0330047607422,6.866666666666666,0.06607701783347875,0.0006118242391988772
206,2,1175.194091796875,713.5638427734375,74.898681640625,178.78448486328125,6.866666666666666,5.987818924574487,0.05544276782013414
206,3,405.0567626953125,128.62640380859375,41.870513916015625,133.57192993164062,6.866666666666666,0.18192460828286972,0.001684487113730275
206,5,214.201416015625,437.4302978515625,56.39460754394531,118.141357421875,6.866666666666666,0.4863075936599411,0.004502848089443899
206,6,60.26677703857422,375.71484375,59.33859252929688,103.41775512695312,6.866666666666666,0.19188083368164735,0.001776674385941179
206,7,1654.3203125,347.66314697265625,76.4857177734375,142.2015380859375,6.866666666666666,0.1935917041193493,0.001792515778882864
206,8,1695.3790283203125,165.36685180664062,46.1162109375,70.32565307617188,6.866666666666666,0.2746072485326982,0.002542659708636094
206,28,945.3497314453124,214.61227416992188,70.3863525390625,91.70027160644533,6.866666666666666,13.148385057507026,0.12174430608802803
207,1,1525.438232421875,138.1378631591797,42.7156982421875,119.12928009033205,6.9,0.045697213272986446,0.00042312234512024483
207,2,1167.989013671875,709.5869140625,74.1973876953125,172.884765625,6.9,11.003716729289483,0.10188626601193966
207,3,404.9955749511719,128.60829162597656,41.96026611328125,133.75238037109375,6.9,0.08532084019067526,0.0007900077795432894
207,5,214.30010986328125,437.2130737304688,56.30601501464844,117.79379272460938,6.9,0.3190142425700306,0.0029538355793521346
207,6,60.236942291259766,375.6116333007813,59.48029327392578,103.53128051757812,6.9,0.1436487393375391,0.0013300809197920288
207,7,1654.383056640625,347.66851806640625,76.2886962890625,142.20004272460938,6.9,0.08419965533376536,0.0007796264382756052
207,8,1695.332763671875,165.6752166748047,46.0692138671875,69.6605224609375,6.9,0.416917677226052,0.0038603488632041848
207,28,959.9371337890624,203.83425903320312,83.796142578125,111.2971649169922,6.9,24.25056605260645,0.22454227826487452
208,1,1525.428466796875,138.1543426513672,42.70751953125,119.16976928710938,6.933333333333334,0.025612376922819844,0.00023715163817425783
208,2,1163.67919921875,708.4267578125,86.2042236328125,176.0074462890625,6.933333333333334,5.96762361987309,0.055255774258084166
208,3,405.0060729980469,128.6693115234375,41.88714599609375,133.5341796875,6.933333333333334,0.08278605646697018,0.0007665375598793536
208,5,214.43475341796875,437.0546875,56.814483642578125,117.80859375,6.933333333333334,0.27795173762410014,0.002573627200223149
208,6,60.29542922973633,375.627197265625,59.614723205566406,103.38177490234376,6.933333333333334,0.08092221015612108,0.0007492797236677877
208,7,1654.406982421875,347.7547302246094,76.541015625,142.361083984375,6.933333333333334,0.11962771661050696,0.0011076640426898792
208,8,1695.380126953125,166.0709686279297,46.1688232421875,69.37362670898438,6.933333333333334,0.5329211253773398,0.004934454864604997
208,28,970.7584838867188,201.172119140625,84.7174072265625,113.6601104736328,6.933333333333334,14.900216745881542,0.13796496986927353
209,1,1525.44677734375,138.1358184814453,42.6856689453125,119.27640533447266,6.966666666666667,0.034825819861307616,0.00032246129501210753
209,2,1160.625244140625,707.661865234375,93.05126953125,178.6524658203125,6.966666666666667,4.20945462696458,0.03897643173115352
209,3,405.0013427734375,128.67874145507812,41.85302734375,133.48468017578125,6.966666666666667,0.01410576449412304,0.00013060893050113924
209,5,214.4780731201172,437.083984375,57.107208251953125,118.385498046875,6.966666666666667,0.06992342782265967,0.000647439146506108
209,6,59.66443634033203,375.4889831542969,61.12672424316406,103.75439453125,6.966666666666667,0.8636794180170797,0.007997031648306294
209,7,1654.5482177734375,347.8493347167969,76.5703125,142.517822265625,6.966666666666667,0.2272905357469828,0.002104541997657248
209,8,1695.402099609375,166.17446899414062,46.2427978515625,69.34840393066406,6.966666666666667,0.1414705857083246,0.0013099128306326353
209,28,978.27001953125,199.0234375,77.76434326171875,116.68707275390624,6.966666666666667,10.446215307909162,0.09672421581397371
210,1,1525.430419921875,138.08387756347656,42.7369384765625,119.21503448486328,7.0,0.07281068601140894,0.0006741730186241568
210,2,1157.0010986328125,706.404541015625,102.633544921875,182.4384765625,7.0,5.129041260894006,0.047491122786055606
210,3,405.0057067871094,128.69236755371094,41.88250732421875,133.44813537597656,7.0,0.019130518083245597,0.0001771344266967185
210,5,214.4695281982422,436.8430786132813,57.22613525390625,118.2342529296875,7.0,0.32230862025934587,0.002984339076475425
210,6,59.70981216430664,375.64697265625,61.08544158935547,103.44802856445312,7.0,0.2197817125016057,0.002035015856496349
210,7,1654.452880859375,347.7222900390625,76.2254638671875,142.28604125976562,7.0,0.21237619481666456,0.0019664462483024495
210,8,1695.304931640625,165.84078979492188,46.1243896484375,69.7579345703125,7.0,0.4646814904175399,0.004302606392754999
210,28,989.434814453125,197.07952880859372,61.05352783203125,118.56385803222656,7.0,15.15260708609885,0.14030191746387824
211,1,1525.433837890625,138.0840301513672,42.7122802734375,119.33755493164062,7.033333333333333,0.0045745895827727645,4.235731095159967e-05
211,2,1153.189697265625,702.0995483398438,109.57373046875,184.15576171875,7.033333333333333,7.687788743090111,0.07118322910268621
211,3,405.0646667480469,129.02842712402344,41.75396728515625,132.8388671875,7.033333333333333,0.45619567692025037,0.004224034045557874
211,5,214.41799926757807,436.9308776855469,57.23338317871094,118.4381103515625,7.033333333333333,0.1361173478504181,0.001260345813429797
211,6,59.35070037841797,375.8468017578125,61.80441284179688,102.86941528320312,7.033333333333333,0.5494870507760914,0.005087843062741587
211,7,1654.2884521484375,347.6067199707031,75.195556640625,142.1107177734375,7.033333333333333,0.26872375688995004,0.002488182934166204
211,8,1695.2821044921875,165.39353942871094,46.010986328125,70.6763916015625,7.033333333333333,0.5987800729703788,0.0055442599349109145
211,28,1002.7861328125,195.6624755859375,50.94451904296875,113.99497985839844,7.033333333333333,17.95181270415127,0.16622048800140063
212,1,1525.38818359375,138.11187744140625,42.7254638671875,119.4304656982422,7.066666666666666,0.07150205201682695,0.0006620560371928421
212,2,1147.254150390625,699.1349487304688,113.873046875,186.8243408203125,7.066666666666666,8.87104116136236,0.08213927001261444
212,3,405.073974609375,129.0505828857422,41.74288940429688,132.83624267578125,7.066666666666666,0.03213164716802133,0.00029751525155575305
212,5,214.5147705078125,436.71783447265625,57.217620849609375,118.06448364257812,7.066666666666666,0.31286143545887257,0.002896865143137709
212,6,59.66301345825195,375.9680480957031,61.29204559326172,102.40289306640624,7.066666666666666,0.44794613870269384,0.00414764943243235
212,7,1654.094970703125,347.5958251953125,74.7972412109375,142.12979125976562,7.066666666666666,0.25910658794568636,0.0023991350735711697
212,8,1695.323974609375,165.0989990234375,45.9932861328125,71.61882019042969,7.066666666666666,0.39777813203911194,0.0036831308522139996
212,28,1008.435791015625,199.14044189453125,56.851318359375,112.03131103515624,7.066666666666666,8.870569571034718,0.08213490343550664
213,1,1525.40234375,138.14279174804688,42.7205810546875,119.3840103149414,7.1,0.0454641434835794,0.00042096429151462403
213,2,1141.7261962890625,692.82421875,106.166748046875,184.04425048828125,7.1,11.217276216431198,0.10386366867065923
213,3,405.08782958984375,129.09779357910156,41.67642211914063,132.7440185546875,7.1,0.06578578562167624,0.0006091276446451504
213,5,214.59320068359372,436.5822143554688,57.014434814453125,117.78146362304688,7.1,0.209471692124524,0.0019395527048567034
213,6,60.49553298950195,376.248046875,59.53246307373047,101.62557983398438,7.1,1.174400751419987,0.010874081031666545
213,7,1654.12158203125,347.5570983886719,74.7408447265625,142.031005859375,7.1,0.06282669224438815,0.0005817286318924829
213,8,1695.345458984375,164.72613525390625,45.87548828125,71.92762756347656,7.1,0.4993690713910452,0.004623787698065233
213,28,1019.61669921875,200.1318359375,67.53662109375,106.2889404296875,7.1,15.00822552061188,0.13896505111677668
214,1,1525.4189453125,138.10580444335938,42.679443359375,119.53436279296876,7.133333333333334,0.05420749823749949,0.0005019212799768472
214,2,1133.4884033203125,684.4967041015625,97.010498046875,177.85888671875,7.133333333333334,15.661832893105892,0.14501697123246196
214,3,405.0548706054688,129.11349487304688,41.6165771484375,132.5699920654297,7.133333333333334,0.048813316945241755,0.0004519751569003866
214,5,214.6123809814453,436.34368896484375,56.922119140625,117.72161865234376,7.133333333333334,0.3199527865737529,0.0029625258016088233
214,6,60.68685150146485,376.3499145507813,59.230072021484375,101.53897094726562,7.133333333333334,0.2898059339159338,0.0026833882769993866
214,7,1654.2711181640625,347.39288330078125,74.812255859375,141.82608032226562,7.133333333333334,0.2969592939295262,0.002749623091940057
214,8,1695.244140625,164.58782958984375,45.6837158203125,71.99491882324219,7.133333333333334,0.22923454668338317,0.0021225420989202147
214,28,1035.1524658203125,197.5136566162109,91.65838623046876,112.86334228515624,7.133333333333334,21.06520250841976,0.195048171374257
