frame_id,track_id,center_x,center_y,width,height,timestamp
1,1,1525.029541015625,137.45889282226562,42.58447265625,118.64148712158203,0.03333333333333333
1,2,562.0750732421875,839.8727416992188,151.28424072265625,184.339599609375,0.03333333333333333
1,3,405.40118408203125,129.67356872558594,43.555877685546875,134.02056884765625,0.03333333333333333
1,4,1068.23046875,254.8124237060547,77.901123046875,100.03665161132812,0.03333333333333333
1,5,211.52618408203125,440.14654541015625,49.85298156738281,122.13400268554688,0.03333333333333333
1,6,55.8515739440918,372.7396240234375,70.80797576904297,108.07327270507812,0.03333333333333333
1,7,1651.0797119140625,342.1944580078125,70.8193359375,128.162109375,0.03333333333333333
1,8,1695.195068359375,167.25439453125,45.9276123046875,65.16000366210938,0.03333333333333333
2,1,1525.0078125,137.49337768554688,42.5347900390625,118.72988891601562,0.06666666666666667
2,2,561.5390014648438,840.6416015625,151.73263549804688,184.411376953125,0.06666666666666667
2,3,405.3446044921875,129.63059997558594,43.498291015625,134.00860595703125,0.06666666666666667
2,4,1069.17138671875,255.80487060546875,81.3507080078125,102.68743896484375,0.06666666666666667
2,5,211.42388916015625,440.6243896484375,50.46647644042969,123.45819091796875,0.06666666666666667
2,6,55.771697998046875,372.7702331542969,71.02348327636719,108.11236572265625,0.06666666666666667
2,7,1651.005126953125,342.1602783203125,71.1258544921875,128.08529663085938,0.06666666666666667
2,8,1695.22998046875,166.75616455078125,46.3775634765625,66.34538269042969,0.06666666666666667
3,1,1524.956298828125,137.65478515625,42.662353515625,119.00083923339844,0.1
3,2,575.28369140625,840.6912841796875,170.35556030273438,183.8363037109375,0.1
3,3,405.18499755859375,129.08248901367188,43.265838623046875,134.78843688964844,0.1
3,4,1068.7125244140625,255.78857421875,78.35693359375,98.89509582519531,0.1
3,5,210.90802001953125,441.12847900390625,50.99803161621094,124.1533203125,0.1
3,6,56.105987548828125,372.86767578125,70.23504638671875,108.13101196289062,0.1
3,7,1650.94580078125,342.07220458984375,70.783203125,127.9515380859375,0.1
3,8,1695.2265625,166.83810424804688,45.95166015625,65.83110046386719,0.1
4,1,1524.9154052734375,137.6959228515625,42.67431640625,119.12118530273438,0.13333333333333333
4,2,587.5458984375,839.8145751953125,179.12399291992188,183.12664794921875,0.13333333333333333
4,3,405.09893798828125,129.01495361328125,43.08282470703125,134.42791748046875,0.13333333333333333
4,4,1068.4691162109375,256.08746337890625,73.992919921875,97.93882751464844,0.13333333333333333
4,5,211.0800018310547,441.6677551269531,50.737396240234375,124.59832763671875,0.13333333333333333
4,6,56.474327087402344,372.99444580078125,69.75770568847656,108.10269165039062,0.13333333333333333
4,7,1652.0849609375,343.1912536621094,71.1707763671875,128.69305419921875,0.13333333333333333
4,8,1695.2769775390625,166.85272216796875,46.091796875,65.52265930175781,0.13333333333333333
5,1,1524.906982421875,137.67974853515625,42.6602783203125,119.09999084472656,0.16666666666666666
5,2,591.730712890625,839.105224609375,170.83465576171875,182.540771484375,0.16666666666666666
5,3,405.0467529296875,128.98294067382812,43.070037841796875,134.2674102783203,0.16666666666666666
5,4,1070.05517578125,255.8793182373047,70.2049560546875,99.05667114257812,0.16666666666666666
5,5,210.76968383789062,442.09393310546875,50.61433410644531,124.97662353515625,0.16666666666666666
5,6,56.515586853027344,372.95379638671875,69.71438598632812,108.37808227539062,0.16666666666666666
5,7,1651.335693359375,342.580078125,70.8345947265625,128.36602783203125,0.16666666666666666
5,8,1695.2236328125,166.51254272460938,45.9949951171875,65.92582702636719,0.16666666666666666
6,1,1524.8524169921875,137.71212768554688,42.791259765625,119.23416900634766,0.2
6,2,607.0652465820312,837.046875,178.6656494140625,186.11126708984375,0.2
6,3,404.49798583984375,128.44955444335938,43.21929931640625,134.7884063720703,0.2
6,4,1070.822509765625,256.0094909667969,64.2222900390625,102.59770202636719,0.2
6,5,211.03372192382812,441.490234375,50.8258056640625,123.55078125,0.2
6,6,56.09358215332031,372.928955078125,70.70851135253906,108.3902587890625,0.2
6,7,1650.974365234375,342.39031982421875,70.661865234375,128.32369995117188,0.2
6,8,1695.30810546875,166.60797119140625,46.1021728515625,65.34947204589844,0.2
7,1,1524.840576171875,137.64295959472656,42.8184814453125,119.38558959960938,0.23333333333333334
7,2,624.8734130859375,833.909912109375,170.39764404296875,190.36138916015625,0.23333333333333334
7,3,404.7843017578125,128.64889526367188,43.172607421875,134.87030029296875,0.23333333333333334
7,4,1072.6593017578125,254.58572387695312,57.1005859375,103.05274963378906,0.23333333333333334
7,5,211.21182250976562,441.30230712890625,51.13087463378906,123.11480712890625,0.23333333333333334
7,6,55.81650161743164,373.1419677734375,71.05799102783203,108.369384765625,0.23333333333333334
7,7,1650.82861328125,342.3267822265625,70.599365234375,128.28536987304688,0.23333333333333334
7,8,1695.343994140625,166.455322265625,46.0582275390625,65.44270324707031,0.23333333333333334
8,1,1524.751708984375,137.8011016845703,43.0244140625,119.12779998779297,0.26666666666666666
8,2,635.3170166015625,833.0433349609375,168.9161376953125,192.81829833984375,0.26666666666666666
8,3,404.92352294921875,128.85440063476562,43.13946533203125,134.81309509277344,0.26666666666666666
8,4,1071.05908203125,254.47747802734375,52.1396484375,105.20579528808594,0.26666666666666666
8,5,211.24136352539062,441.3330993652344,51.07209777832031,123.05255126953125,0.26666666666666666
8,6,55.37607192993164,373.09747314453125,71.80420684814453,108.6881103515625,0.26666666666666666
8,7,1650.74658203125,342.177001953125,70.535400390625,128.049072265625,0.26666666666666666
8,8,1695.434814453125,166.5154571533203,45.9522705078125,65.366455078125,0.26666666666666666
9,1,1524.786865234375,137.74563598632812,43.1817626953125,119.28907775878906,0.3
9,2,654.1489868164062,831.41357421875,158.5894775390625,193.27142333984375,0.3
9,3,404.9513244628906,128.77236938476562,43.0081787109375,135.0054473876953,0.3
9,4,1070.55908203125,255.33724975585938,46.7728271484375,107.742431640625,0.3
9,5,211.35870361328125,441.8670654296875,50.98524475097656,124.13619995117188,0.3
9,6,55.00935363769531,373.06732177734375,72.13119506835938,109.00338745117188,0.3
9,7,1650.772705078125,341.79931640625,70.5447998046875,127.39816284179688,0.3
9,8,1695.544921875,165.9573516845703,45.71337890625,65.8885498046875,0.3
10,1,1524.755126953125,137.98118591308594,43.2410888671875,119.10199737548828,0.3333333333333333
10,2,668.5306396484375,828.169921875,159.78228759765625,192.61273193359375,0.3333333333333333
10,3,404.987548828125,128.6848602294922,42.876983642578125,135.03695678710938,0.3333333333333333
10,4,1071.3963623046875,254.33181762695312,45.056884765625,106.44026184082031,0.3333333333333333
10,5,211.35507202148438,442.8946533203125,51.13909912109375,126.0048828125,0.3333333333333333
10,6,54.588134765625,372.8747253417969,72.93299865722656,109.28961181640625,0.3333333333333333
10,7,1650.94189453125,341.9410400390625,70.935302734375,127.6651611328125,0.3333333333333333
10,8,1695.708251953125,165.83920288085938,45.678466796875,66.11634826660156,0.3333333333333333
11,1,1524.749267578125,137.90463256835938,43.2138671875,119.2469253540039,0.36666666666666664
11,2,675.231689453125,827.1107788085938,163.03155517578125,194.8763427734375,0.36666666666666664
11,3,404.87396240234375,128.55117797851562,42.926971435546875,135.32814025878906,0.36666666666666664
11,4,1071.939697265625,254.24420166015625,47.5098876953125,108.25599670410156,0.36666666666666664
11,5,211.1495361328125,443.21771240234375,51.17488098144531,126.57156372070312,0.36666666666666664
11,6,54.879669189453125,372.7244567871094,72.3507080078125,109.422119140625,0.36666666666666664
11,7,1651.2379150390625,342.0357666015625,71.2236328125,127.88278198242188,0.36666666666666664
11,8,1695.888427734375,165.5882568359375,45.77392578125,66.83255004882812,0.36666666666666664
12,1,1524.816650390625,137.64796447753906,43.1146240234375,119.54863739013672,0.4
12,2,678.4172973632812,825.302490234375,160.1502685546875,197.38043212890625,0.4
12,3,404.91937255859375,128.58900451660156,42.99810791015625,135.543212890625,0.4
12,4,1072.963623046875,254.26876831054688,52.7633056640625,108.63365173339844,0.4
12,5,211.05514526367188,442.7735290527344,50.38691711425781,125.65203857421875,0.4
12,6,54.943058013916016,372.6886901855469,72.27971649169922,109.489990234375,0.4
12,7,1651.3643798828125,342.09466552734375,71.1689453125,128.16009521484375,0.4
12,8,1695.908447265625,165.30859375,45.7725830078125,67.22752380371094,0.4
13,1,1524.8758544921875,137.54495239257812,43.04443359375,119.41948699951172,0.43333333333333335
13,2,681.4068603515625,822.9073486328125,149.99578857421875,195.76177978515625,0.43333333333333335
13,3,404.86383056640625,128.5079345703125,43.06439208984375,135.8159637451172,0.43333333333333335
13,4,1073.93896484375,254.42372131347656,57.5845947265625,108.18368530273438,0.43333333333333335
13,5,210.93173217773438,441.6309814453125,49.66361999511719,123.5096435546875,0.43333333333333335
13,6,54.82297897338867,372.659912109375,72.55547332763672,109.42501831054688,0.43333333333333335
13,7,1651.52001953125,342.0994873046875,71.6820068359375,128.239990234375,0.43333333333333335
13,8,1695.8515625,165.12237548828125,45.7406005859375,67.37359619140625,0.43333333333333335
14,1,1524.919189453125,137.48110961914062,43.0361328125,119.22074890136719,0.4666666666666667
14,2,685.8013305664062,821.7072143554688,145.680419921875,191.7431640625,0.4666666666666667
14,3,404.8488464355469,128.49215698242188,43.06329345703125,135.89862060546875,0.4666666666666667
14,4,1074.4669189453125,255.16017150878906,60.345703125,108.41751098632812,0.4666666666666667
14,5,210.82705688476562,441.234130859375,49.20649719238281,122.64083862304688,0.4666666666666667
14,6,54.864288330078125,372.64886474609375,72.52020263671875,109.38211059570312,0.4666666666666667
14,7,1651.658447265625,342.01226806640625,71.8175048828125,128.03292846679688,0.4666666666666667
14,8,1695.827880859375,165.0748291015625,45.70361328125,67.38587951660156,0.4666666666666667
15,1,1524.939453125,137.5703887939453,43.0819091796875,119.01880645751953,0.5
15,2,696.4177856445312,820.698486328125,141.2691650390625,186.85491943359375,0.5
15,3,404.77069091796875,128.45291137695312,43.260528564453125,136.0389862060547,0.5
15,4,1074.6590576171875,255.105712890625,61.65087890625,110.08563232421875,0.5
15,5,210.63839721679688,441.0084533691406,48.85823059082031,122.121337890625,0.5
15,6,54.78730392456055,372.74578857421875,72.62598419189453,109.14120483398438,0.5
15,7,1651.825439453125,341.9836730957031,72.2935791015625,127.9305419921875,0.5
15,8,1695.642578125,164.6211395263672,45.848876953125,68.24801635742188,0.5
16,1,1524.963623046875,137.60769653320312,43.071044921875,119.00484466552734,0.5333333333333333
16,2,711.02099609375,817.9617919921875,129.48199462890625,176.82965087890625,0.5333333333333333
16,3,404.6781005859375,128.3514404296875,43.47686767578125,136.37521362304688,0.5333333333333333
16,4,1074.977294921875,253.63018798828125,63.4718017578125,109.27336120605469,0.5333333333333333
16,5,210.58860778808594,441.7754211425781,49.162261962890625,123.6597900390625,0.5333333333333333
16,6,54.769737243652344,372.78985595703125,72.42901611328125,109.21929931640625,0.5333333333333333
16,7,1651.902099609375,341.8450927734375,72.3524169921875,127.70443725585938,0.5333333333333333
16,8,1695.469970703125,164.70211791992188,46.0577392578125,68.09147644042969,0.5333333333333333
17,1,1524.97216796875,137.6090850830078,43.0789794921875,118.9280014038086,0.5666666666666667
17,2,721.28564453125,816.3582763671875,109.28619384765625,171.55303955078125,0.5666666666666667
17,3,404.67645263671875,128.3260955810547,43.5286865234375,136.4846954345703,0.5666666666666667
17,4,1075.02392578125,252.91490173339844,63.7698974609375,108.41775512695312,0.5666666666666667
17,5,210.4151153564453,442.681884765625,49.64788818359375,125.40957641601562,0.5666666666666667
17,6,54.5718994140625,372.8817443847656,72.87771606445312,109.0419921875,0.5666666666666667
17,7,1651.943115234375,341.84710693359375,72.5701904296875,127.8197021484375,0.5666666666666667
17,8,1695.407470703125,164.7024688720703,46.2752685546875,68.20980834960938,0.5666666666666667
18,1,1524.97705078125,137.6503143310547,43.0198974609375,118.83332061767578,0.6
18,2,735.390625,813.797607421875,75.7537841796875,165.89923095703125,0.6
18,3,404.7215270996094,128.3778533935547,43.489013671875,136.4119110107422,0.6
18,4,1075.921142578125,254.656982421875,65.4793701171875,112.32066345214844,0.6
18,5,210.3390350341797,442.43096923828125,49.052825927734375,125.07583618164062,0.6
18,6,54.37944030761719,372.84234619140625,73.1961669921875,109.03836059570312,0.6
18,7,1652.00341796875,341.8522644042969,73.0509033203125,127.85516357421875,0.6
18,8,1695.4796142578125,164.70916748046875,46.556640625,68.34201049804688,0.6
19,1,1524.965576171875,137.73934936523438,43.0509033203125,119.04706573486328,0.6333333333333333
19,2,748.9508056640625,818.2332153320312,74.09027099609375,174.61962890625,0.6333333333333333
19,3,404.83929443359375,128.5155792236328,43.433746337890625,136.34588623046875,0.6333333333333333
19,4,1076.09326171875,255.22564697265625,66.0322265625,113.96269226074219,0.6333333333333333
19,5,210.39108276367188,442.06292724609375,48.351959228515625,124.893798828125,0.6333333333333333
19,6,53.7394905090332,373.0487060546875,74.32833099365234,108.71316528320312,0.6333333333333333
19,7,1651.86669921875,341.99725341796875,73.0694580078125,128.33004760742188,0.6333333333333333
19,8,1695.484375,164.37875366210938,46.4835205078125,69.29988098144531,0.6333333333333333
20,1,1525.0093994140625,137.70977783203125,42.96875,119.2469253540039,0.6666666666666666
20,2,758.320556640625,818.62841796875,67.34075927734375,177.87359619140625,0.6666666666666666
20,3,404.83880615234375,128.47142028808594,43.42510986328125,136.33038330078125,0.6666666666666666
20,4,1076.1090087890625,254.9487762451172,65.10498046875,113.57223510742188,0.6666666666666666
20,5,210.3084716796875,442.1956787109375,48.19352722167969,125.34524536132812,0.6666666666666666
20,6,53.508140563964844,373.10870361328125,74.68096923828125,108.59039306640625,0.6666666666666666
20,7,1651.768798828125,342.13616943359375,72.9613037109375,128.668212890625,0.6666666666666666
20,8,1695.40673828125,164.3365478515625,46.2462158203125,69.47364807128906,0.6666666666666666
21,1,1525.0289306640625,137.6957244873047,42.93603515625,119.36968994140625,0.7
21,2,768.42041015625,818.4176025390625,66.99957275390625,184.3807373046875,0.7
21,3,404.838134765625,128.45138549804688,43.3836669921875,136.33157348632812,0.7
21,4,1076.6361083984375,254.96961975097656,65.41162109375,110.64199829101562,0.7
21,5,210.18585205078125,441.80078125,48.72454833984375,125.02093505859375,0.7
21,6,53.40554428100586,372.47076416015625,76.43904876708984,109.61196899414062,0.7
21,7,1651.67578125,342.25042724609375,72.8695068359375,128.8221435546875,0.7
21,8,1695.3720703125,164.38037109375,46.0721435546875,69.37930297851562,0.7
22,1,1525.022216796875,137.74945068359375,42.9305419921875,119.55872344970703,0.7333333333333333
22,2,778.905029296875,817.05810546875,66.57867431640625,188.85028076171875,0.7333333333333333
22,3,404.8052978515625,128.47605895996094,43.302032470703125,136.2599639892578,0.7333333333333333
22,4,1077.43115234375,254.96180725097656,66.9830322265625,108.26858520507812,0.7333333333333333
22,5,210.2723846435547,441.52886962890625,49.20440673828125,125.12338256835938,0.7333333333333333
22,6,53.32200622558594,372.262939453125,77.267578125,110.03756713867188,0.7333333333333333
22,7,1651.748779296875,342.2871398925781,73.405517578125,128.87689208984375,0.7333333333333333
22,8,1695.365966796875,164.50682067871094,46.0701904296875,69.06906127929688,0.7333333333333333
23,1,1525.0006103515625,137.73748779296875,42.9755859375,119.64924621582031,0.7666666666666667
23,2,786.1137084960938,816.8348388671875,72.3955078125,193.31451416015625,0.7666666666666667
23,3,405.23724365234375,127.85743713378906,42.036224365234375,135.33050537109375,0.7666666666666667
23,4,1077.5087890625,255.2035369873047,68.1649169921875,106.43270874023438,0.7666666666666667
23,5,210.34445190429688,441.50146484375,49.80256652832031,125.23361206054688,0.7666666666666667
23,6,53.162841796875,372.22418212890625,77.84114074707031,110.2027587890625,0.7666666666666667
23,7,1651.6617431640625,342.39227294921875,73.82666015625,129.06915283203125,0.7666666666666667
23,8,1695.350341796875,164.4716796875,46.046875,69.13887023925781,0.7666666666666667
24,1,1524.970458984375,137.78404235839844,42.9912109375,119.6806640625,0.8
24,2,797.8487548828125,815.5697021484375,80.180908203125,194.62310791015625,0.8
24,3,404.9935607910156,128.33702087402344,42.69482421875,135.82797241210938,0.8
24,4,1076.13916015625,255.14505004882812,67.2047119140625,105.51417541503906,0.8
24,5,210.70681762695312,440.5361633300781,49.180877685546875,123.3682861328125,0.8
24,6,53.1436882019043,372.9457092285156,76.3121109008789,108.77093505859375,0.8
24,7,1651.8111572265625,342.46722412109375,74.505615234375,129.1944580078125,0.8
24,8,1695.1162109375,164.2102813720703,45.760009765625,68.87344360351562,0.8
25,1,1524.95458984375,137.84996032714844,42.9864501953125,119.59162139892578,0.8333333333333334
25,2,811.8275146484375,814.5819702148438,89.5325927734375,195.436767578125,0.8333333333333334
25,3,405.33880615234375,127.83711242675781,41.7137451171875,135.11724853515625,0.8333333333333334
25,4,1074.4013671875,255.0358123779297,67.7635498046875,106.49801635742188,0.8333333333333334
25,5,211.07052612304688,440.01776123046875,49.02398681640625,122.35208129882812,0.8333333333333334
25,6,53.24619674682617,373.2101135253906,75.51152801513672,108.16302490234375,0.8333333333333334
25,7,1652.01123046875,342.3561096191406,74.7379150390625,128.93658447265625,0.8333333333333334
25,8,1695.000244140625,164.1571044921875,45.6976318359375,68.8037109375,0.8333333333333334
26,1,1524.9393310546875,137.863525390625,43.0361328125,119.60481262207031,0.8666666666666667
26,2,817.9254150390625,813.435302734375,92.66766357421875,195.83880615234375,0.8666666666666667
26,3,404.5367431640625,128.14822387695312,42.97308349609375,135.98068237304688,0.8666666666666667
26,4,1072.704833984375,255.12042236328125,67.4439697265625,107.12257385253906,0.8666666666666667
26,5,211.0789794921875,440.403076171875,49.496795654296875,123.26690673828125,0.8666666666666667
26,6,53.26701354980469,373.4107666015625,75.26065063476562,107.70693969726562,0.8666666666666667
26,7,1652.004638671875,342.447509765625,74.8251953125,129.21896362304688,0.8666666666666667
26,8,1694.927001953125,164.1575927734375,45.578369140625,68.7001953125,0.8666666666666667
27,1,1524.912841796875,137.93832397460938,43.0482177734375,119.52873229980469,0.9
27,2,828.72119140625,814.4180908203125,99.05194091796875,196.20819091796875,0.9
27,3,404.2611083984375,128.36318969726562,43.335113525390625,136.12091064453125,0.9
27,4,1066.6109619140625,254.5827178955078,59.591064453125,106.01876831054688,0.9
27,5,211.40682983398438,441.4805908203125,53.43428039550781,126.35833740234375,0.9
27,6,52.972991943359375,372.635009765625,77.38247680664062,109.03192138671875,0.9
27,7,1651.955322265625,342.46795654296875,74.8663330078125,129.21652221679688,0.9
27,8,1694.840087890625,164.11917114257812,45.5811767578125,69.07487487792969,0.9
28,1,1524.933349609375,137.96246337890625,42.922607421875,119.45314025878906,0.9333333333333333
28,2,841.9212646484375,817.21826171875,107.607666015625,197.03558349609375,0.9333333333333333
28,3,404.19110107421875,128.47775268554688,43.622772216796875,136.0964813232422,0.9333333333333333
28,4,1060.013671875,254.41517639160156,51.1258544921875,104.81613159179688,0.9333333333333333
28,5,211.26425170898438,441.6255187988281,55.91041564941406,127.94915771484375,0.9333333333333333
28,6,53.1107292175293,373.2761535644531,76.3085708618164,107.62066650390625,0.9333333333333333
28,7,1652.0302734375,342.4351501464844,75.4146728515625,129.0277099609375,0.9333333333333333
28,8,1694.9324951171875,164.79513549804688,46.101318359375,67.99552917480469,0.9333333333333333
28,10,213.8201141357422,429.2752990722656,44.41314697265625,104.6746826171875,0.9333333333333333
29,1,1525.0068359375,137.92913818359375,42.8009033203125,119.34773254394531,0.9666666666666667
29,2,851.9237060546875,818.338134765625,113.75946044921875,197.32049560546875,0.9666666666666667
29,3,404.1475524902344,128.58030700683594,43.7572021484375,136.06494140625,0.9666666666666667
29,4,1055.978515625,254.80369567871094,47.3795166015625,108.21273803710938,0.9666666666666667
29,5,210.89784240722656,441.6820983886719,57.813751220703125,128.51983642578125,0.9666666666666667
29,6,53.637847900390625,373.5618591308594,74.994873046875,106.9158935546875,0.9666666666666667
29,7,1652.0107421875,342.43646240234375,75.4949951171875,129.00039672851562,0.9666666666666667
29,8,1695.08203125,165.19288635253906,46.237548828125,67.3564453125,0.9666666666666667
29,10,213.93702697753906,429.2631530761719,44.64404296875,104.86285400390625,0.9666666666666667
30,1,1525.043212890625,137.93386840820312,42.767333984375,119.27388000488281,1.0
30,2,860.791259765625,819.611328125,119.89337158203125,197.79443359375,1.0
30,3,404.153564453125,128.7071533203125,43.917510986328125,136.18020629882812,1.0
30,4,1052.083984375,255.49136352539062,48.2889404296875,111.99639892578125,1.0
30,5,212.5759735107422,440.80999755859375,54.99493408203125,127.95321655273438,1.0
30,6,53.98943328857422,373.74505615234375,74.13362121582031,106.50814819335938,1.0
30,7,1651.9371337890625,342.2624816894531,75.419677734375,128.7249755859375,1.0
30,8,1695.2042236328125,165.40574645996094,46.240234375,67.12258911132812,1.0
30,10,214.18826293945312,428.861083984375,44.24220275878906,105.38198852539062,1.0
31,1,1525.099609375,137.91455078125,42.703369140625,119.34776306152344,1.0333333333333334
31,2,864.2133178710938,821.8748779296875,121.0831298828125,201.57904052734375,1.0333333333333334
31,3,404.11553955078125,128.7282257080078,44.011199951171875,135.99911499023438,1.0333333333333334
31,4,1048.96484375,254.63262939453125,47.723388671875,113.87034606933594,1.0333333333333334
31,5,213.41070556640625,440.71685791015625,53.86521911621094,128.39791870117188,1.0333333333333334
31,6,53.950035095214844,373.96795654296875,74.30178833007812,105.94952392578125,1.0333333333333334
31,7,1652.9229736328125,343.376953125,75.7626953125,129.93020629882812,1.0333333333333334
31,8,1695.279296875,165.46206665039062,46.283935546875,67.129638671875,1.0333333333333334
31,10,214.37503051757812,428.6704406738281,44.01853942871094,105.497314453125,1.0333333333333334
32,1,1525.1424560546875,137.86679077148438,42.687255859375,119.36035919189453,1.0666666666666667
32,2,864.46728515625,822.7415771484375,117.413330078125,202.92144775390625,1.0666666666666667
32,3,404.04583740234375,128.66705322265625,44.155059814453125,136.0384521484375,1.0666666666666667
32,4,1047.737548828125,254.80841064453125,48.6917724609375,112.5687255859375,1.0666666666666667
32,5,213.2872314453125,440.9425964355469,54.38996887207031,128.8587646484375,1.0666666666666667
32,6,53.74267578125,374.11297607421875,74.64692687988281,105.72195434570312,1.0666666666666667
32,7,1653.30078125,343.90106201171875,76.092529296875,130.65444946289062,1.0666666666666667
32,8,1695.3388671875,165.3480987548828,46.2576904296875,67.0648193359375,1.0666666666666667
32,10,214.43771362304688,428.6793518066406,43.96549987792969,105.46527099609375,1.0666666666666667
33,1,1525.1549072265625,137.82623291015625,42.653076171875,119.39221954345703,1.1
33,2,867.1297607421875,823.115234375,110.84942626953125,202.91412353515625,1.1
33,3,404.04132080078125,128.75051879882812,44.301116943359375,135.9320831298828,1.1
33,4,1044.9366455078125,255.34683227539062,51.865478515625,110.36543273925781,1.1
33,5,212.26019287109375,441.4180603027344,57.02699279785156,129.76885986328125,1.1
33,6,53.65428161621094,374.189208984375,74.81077575683594,105.56216430664062,1.1
33,7,1653.3057861328125,344.08575439453125,76.211181640625,130.95431518554688,1.1
33,8,1695.366943359375,165.32228088378906,46.2335205078125,66.96157836914062,1.1
33,10,214.57638549804688,428.7515869140625,44.31636047363281,105.52920532226562,1.1
34,1,1525.135986328125,137.7952880859375,42.6563720703125,119.4751205444336,1.1333333333333333
34,2,873.2061767578125,822.3688354492188,100.99053955078125,201.6187744140625,1.1333333333333333
34,3,404.067626953125,128.831787109375,44.35296630859375,135.850341796875,1.1333333333333333
34,4,1041.435302734375,256.3623046875,54.51220703125,109.51565551757812,1.1333333333333333
34,5,212.42727661132812,441.385009765625,56.759918212890625,129.48321533203125,1.1333333333333333
34,6,53.610347747802734,374.2765197753906,74.94086456298828,105.291748046875,1.1333333333333333
34,7,1653.3594970703125,344.226318359375,76.218994140625,131.22235107421875,1.1333333333333333
34,8,1695.395751953125,165.39364624023438,46.2117919921875,66.92617797851562,1.1333333333333333
34,10,214.58485412597656,428.76068115234375,44.289825439453125,105.30166625976562,1.1333333333333333
35,1,1525.132568359375,137.76791381835938,42.6666259765625,119.5057601928711,1.1666666666666667
35,2,879.410400390625,821.8179321289062,98.65008544921875,201.48876953125,1.1666666666666667
35,3,404.135498046875,128.86148071289062,44.386505126953125,135.79664611816406,1.1666666666666667
35,4,1039.236572265625,256.10931396484375,57.2606201171875,109.44561767578125,1.1666666666666667
35,5,212.58584594726562,439.23370361328125,51.49516296386719,123.55349731445312,1.1666666666666667
35,6,53.343109130859375,374.4053955078125,75.32247924804688,104.99481201171875,1.1666666666666667
35,7,1652.293701171875,343.11181640625,75.2637939453125,129.94674682617188,1.1666666666666667
35,8,1695.42431640625,165.29791259765625,46.1949462890625,66.94160461425781,1.1666666666666667
35,10,214.29884338378906,429.12518310546875,41.005889892578125,103.93875122070312,1.1666666666666667
36,1,1525.0966796875,137.8013916015625,42.6739501953125,119.51221466064453,1.2
36,2,888.709228515625,822.6573486328125,96.77728271484375,203.5537109375,1.2
36,3,404.17950439453125,128.9285888671875,44.408111572265625,135.71165466308594,1.2
36,4,1037.17041015625,255.3427276611328,58.9493408203125,109.75283813476562,1.2
36,5,212.5481719970703,439.38818359375,50.139556884765625,123.33114624023438,1.2
36,6,53.4431266784668,374.465087890625,75.00139617919922,104.85211181640625,1.2
36,7,1651.89599609375,342.68157958984375,75.0101318359375,129.46868896484375,1.2
36,8,1695.434814453125,165.19808959960938,46.1759033203125,66.95150756835938,1.2
36,10,214.2403564453125,429.35406494140625,39.85795593261719,103.67282104492188,1.2
37,1,1525.1043701171875,137.74559020996094,42.650634765625,119.54647064208984,1.2333333333333334
37,2,900.34228515625,823.7781982421875,101.71588134765625,203.91998291015625,1.2333333333333334
37,3,404.21221923828125,128.87884521484375,44.40130615234375,135.66932678222656,1.2333333333333334
37,4,1035.3741455078125,252.33343505859375,59.82305908203125,112.92620849609375,1.2333333333333334
37,5,212.43234252929688,439.4522705078125,49.93830871582031,123.2337646484375,1.2333333333333334
37,6,53.512237548828125,373.62799072265625,76.62222290039062,106.78945922851562,1.2333333333333334
37,7,1651.707763671875,342.5819091796875,74.9285888671875,129.39404296875,1.2333333333333334
37,8,1695.412841796875,165.11563110351562,46.160888671875,66.79360961914062,1.2333333333333334
37,10,214.21566772460938,429.4290771484375,39.48292541503906,103.52688598632812,1.2333333333333334
38,1,1525.08984375,137.5669403076172,42.67138671875,119.70938110351562,1.2666666666666666
38,2,907.3587036132812,825.77783203125,104.841064453125,206.41595458984375,1.2666666666666666
38,3,404.2970886230469,128.99029541015625,44.2745361328125,135.60548400878906,1.2666666666666666
38,4,1033.606201171875,251.50271606445312,62.02490234375,112.40126037597656,1.2666666666666666
38,5,212.42710876464844,439.7344970703125,49.826995849609375,123.57412719726562,1.2666666666666666
38,6,53.58940505981445,373.4232482910156,77.09020233154297,107.50689697265625,1.2666666666666666
38,7,1651.4090576171875,342.525634765625,74.34619140625,129.32723999023438,1.2666666666666666
38,8,1695.37451171875,165.11073303222656,46.0518798828125,66.6119384765625,1.2666666666666666
38,10,214.22589111328125,429.47113037109375,39.41795349121094,103.33309936523438,1.2666666666666666
39,1,1525.0029296875,137.5733642578125,42.7811279296875,119.64500427246094,1.3
39,2,914.1127319335938,829.9146728515625,109.317626953125,207.927734375,1.3
39,3,404.9333190917969,129.81283569335938,41.99444580078125,132.59825134277344,1.3
39,4,1030.808837890625,249.6611785888672,66.42181396484375,111.66390991210938,1.3
39,5,212.04685974121094,440.5887451171875,50.47393798828125,125.02890014648438,1.3
39,6,53.59265899658203,374.1804504394531,75.69256591796875,105.83984375,1.3
39,7,1652.3187255859375,343.57562255859375,74.59130859375,130.48211669921875,1.3
39,8,1695.3770751953125,165.48553466796875,46.1748046875,66.26884460449219,1.3
39,10,214.09996032714844,429.6134033203125,39.622283935546875,103.32427978515625,1.3
40,1,1524.967529296875,137.60031127929688,42.7999267578125,119.52850341796875,1.3333333333333333
40,2,919.57177734375,833.6077270507812,111.62139892578125,205.254638671875,1.3333333333333333
40,3,404.61456298828125,129.3404541015625,43.31988525390625,134.28945922851562,1.3333333333333333
40,4,1029.778076171875,246.27732849121094,69.2593994140625,115.16305541992188,1.3333333333333333
40,5,211.75833129882812,440.6552429199219,50.65586853027344,124.9434814453125,1.3333333333333333
40,6,54.035030364990234,374.485107421875,74.22423553466797,105.17556762695312,1.3333333333333333
40,7,1651.5635986328125,342.9089660644531,73.929443359375,129.51800537109375,1.3333333333333333
40,8,1695.3355712890625,165.529052734375,46.101806640625,66.49125671386719,1.3333333333333333
40,10,213.97071838378906,429.5899353027344,39.64263916015625,103.0206298828125,1.3333333333333333
41,1,1525.018310546875,137.55812072753906,42.7100830078125,119.53814697265625,1.3666666666666667
41,2,921.3463134765625,837.00146484375,111.78839111328125,205.80584716796875,1.3666666666666667
41,3,405.21600341796875,130.0465087890625,41.36151123046875,131.72328186035156,1.3666666666666667
41,4,1027.608154296875,242.81678771972656,71.878662109375,115.16903686523438,1.3666666666666667
41,5,211.89085388183594,439.95306396484375,50.045379638671875,123.01882934570312,1.3666666666666667
41,6,54.21342468261719,374.578369140625,73.82411193847656,104.75869750976562,1.3666666666666667
41,7,1653.572998046875,345.3062744140625,76.9710693359375,136.61309814453125,1.3666666666666667
41,8,1695.107177734375,165.620849609375,46.1400146484375,66.69859313964844,1.3666666666666667
41,10,213.89488220214844,429.699462890625,39.6636962890625,102.50332641601562,1.3666666666666667
42,1,1524.9976806640625,137.6123046875,42.727294921875,119.46488189697266,1.4
42,2,921.4012451171875,837.5465087890625,109.91302490234375,205.96319580078125,1.4
42,3,405.44921875,130.37557983398438,40.566680908203125,130.52078247070312,1.4
42,4,1026.251708984375,239.89410400390625,74.2677001953125,117.73960876464844,1.4
42,5,211.65444946289062,439.9966735839844,49.87394714355469,123.11163330078125,1.4
42,6,53.93391418457031,374.64483642578125,74.31358337402344,104.63677978515625,1.4
42,7,1654.38330078125,346.2872314453125,78.04345703125,139.4241943359375,1.4
42,8,1695.14453125,165.98391723632812,46.26806640625,66.45124816894531,1.4
42,10,213.72653198242188,429.70477294921875,39.6319580078125,102.51535034179688,1.4
43,1,1525.023681640625,137.6383056640625,42.6903076171875,119.61717224121094,1.4333333333333333
43,2,922.5179443359375,837.494140625,109.95867919921875,205.81329345703125,1.4333333333333333
43,3,405.55853271484375,130.51058959960938,40.305755615234375,130.0659637451172,1.4333333333333333
43,4,1025.9296875,237.9691925048828,76.0489501953125,118.61270141601562,1.4333333333333333
43,5,211.6351776123047,439.8351745605469,49.746826171875,122.69561767578125,1.4333333333333333
43,6,53.60635757446289,374.71502685546875,74.81945037841797,104.71514892578125,1.4333333333333333
43,7,1654.770263671875,346.61572265625,78.7899169921875,140.41259765625,1.4333333333333333
43,8,1695.23876953125,166.02256774902344,46.5057373046875,66.73876953125,1.4333333333333333
43,10,213.6883544921875,429.6705627441406,39.70692443847656,102.2861328125,1.4333333333333333
44,1,1525.04248046875,137.65956115722656,42.6763916015625,119.6988296508789,1.4666666666666666
44,2,924.0455932617188,836.3524169921875,110.060302734375,204.72833251953125,1.4666666666666666
44,3,405.5904541015625,130.70826721191406,40.145050048828125,129.74942016601562,1.4666666666666666
44,4,1026.452392578125,236.45071411132812,75.86083984375,119.63392639160156,1.4666666666666666
44,5,211.5062255859375,439.69232177734375,49.828521728515625,122.36886596679688,1.4666666666666666
44,6,53.786033630371094,374.83905029296875,74.54425048828125,104.55563354492188,1.4666666666666666
44,7,1652.50341796875,343.861572265625,75.3961181640625,132.8607177734375,1.4666666666666666
44,8,1695.2142333984375,165.9931640625,46.59326171875,66.84590148925781,1.4666666666666666
44,10,213.6578369140625,429.63751220703125,39.75877380371094,102.16864013671875,1.4666666666666666
45,1,1525.06103515625,137.70541381835938,42.681396484375,119.64378356933594,1.5
45,2,927.6773071289062,836.82080078125,107.8016357421875,205.609130859375,1.5
45,3,405.6039733886719,130.83328247070312,40.09918212890625,129.60650634765625,1.5
45,4,1027.9891357421875,235.57545471191406,77.076904296875,121.09408569335938,1.5
45,5,211.50247192382812,439.9703369140625,49.80635070800781,122.85430908203125,1.5
45,6,53.9774169921875,374.86956787109375,74.15788269042969,104.56015014648438,1.5
45,7,1651.5869140625,342.666748046875,73.9696044921875,129.65744018554688,1.5
45,8,1695.2215576171875,165.9073944091797,46.50390625,67.09051513671875,1.5
45,10,213.67144775390625,429.6123962402344,39.703369140625,101.990234375,1.5
46,1,1525.066162109375,137.71705627441406,42.6561279296875,119.58614349365234,1.5333333333333334
46,2,932.8681640625,839.2814331054688,111.03118896484375,208.5299072265625,1.5333333333333334
46,3,405.59649658203125,130.90567016601562,40.075714111328125,129.5384521484375,1.5333333333333334
46,4,1028.3546142578125,234.61114501953125,77.34375,122.496337890625,1.5333333333333334
46,5,211.3912353515625,440.9375305175781,50.478851318359375,124.6253662109375,1.5333333333333334
46,6,54.00197219848633,374.80889892578125,74.1192855834961,104.62179565429688,1.5333333333333334
46,7,1653.676513671875,345.3468933105469,77.240966796875,136.83990478515625,1.5333333333333334
46,8,1695.1488037109375,165.92799377441406,46.498291015625,67.40841674804688,1.5333333333333334
46,10,213.65560913085938,429.6768798828125,39.79835510253906,101.90542602539062,1.5333333333333334
47,1,1525.104736328125,137.72608947753906,42.6220703125,119.5007095336914,1.5666666666666667
47,2,936.5661010742188,840.9765625,114.2542724609375,210.6854248046875,1.5666666666666667
47,3,405.561767578125,130.86561584472656,40.12664794921875,129.68026733398438,1.5666666666666667
47,4,1026.1715087890625,233.20394897460938,77.66278076171875,120.64588928222656,1.5666666666666667
47,5,211.40614318847656,441.1622314453125,50.653564453125,124.9730224609375,1.5666666666666667
47,6,53.932586669921875,374.7911682128906,74.29582214355469,104.6396484375,1.5666666666666667
47,7,1653.107666015625,344.6560974121094,75.9786376953125,132.89813232421875,1.5666666666666667
47,8,1695.209716796875,165.91818237304688,46.40771484375,67.64976501464844,1.5666666666666667
47,10,213.61489868164062,429.7615661621094,40.04148864746094,101.905517578125,1.5666666666666667
48,1,1525.105224609375,137.75238037109375,42.6116943359375,119.44457244873047,1.6
48,2,940.9658203125,844.3736572265625,113.7703857421875,212.11834716796875,1.6
48,3,405.5375671386719,130.86404418945312,40.21026611328125,129.7181396484375,1.6
48,4,1021.9913330078125,229.67637634277344,77.84600830078125,118.09390258789062,1.6
48,5,211.42758178710938,441.342041015625,50.78688049316406,125.29019165039062,1.6
48,6,53.55683517456055,374.697509765625,75.10518646240234,104.8597412109375,1.6
48,7,1652.905517578125,344.39837646484375,75.80419921875,131.44094848632812,1.6
48,8,1695.254150390625,165.89120483398438,46.3782958984375,67.796630859375,1.6
48,10,213.54501342773438,429.76202392578125,40.25300598144531,101.81857299804688,1.6
49,1,1525.102783203125,137.718505859375,42.6221923828125,119.51062774658203,1.6333333333333333
49,2,944.623779296875,848.499267578125,111.58929443359375,213.11883544921875,1.6333333333333333
49,3,405.50823974609375,130.8759307861328,40.193939208984375,129.75439453125,1.6333333333333333
49,4,1022.7080078125,232.1781005859375,88.13824462890625,119.89569091796875,1.6333333333333333
49,5,211.53929138183594,441.3806457519531,51.13043212890625,125.57794189453125,1.6333333333333333
49,6,53.35650634765625,374.5994873046875,75.440673828125,104.91549682617188,1.6333333333333333
49,7,1652.955322265625,344.31256103515625,75.5655517578125,131.01055908203125,1.6333333333333333
49,8,1695.2255859375,165.88726806640625,46.5462646484375,67.87745666503906,1.6333333333333333
49,10,213.54330444335938,429.66552734375,40.59129333496094,101.86190795898438,1.6333333333333333
50,1,1525.0908203125,137.6979522705078,42.6412353515625,119.59123992919922,1.6666666666666667
50,2,947.2711181640625,850.9754028320312,109.65899658203125,214.135986328125,1.6666666666666667
50,3,405.49627685546875,130.8841552734375,40.218231201171875,129.79554748535156,1.6666666666666667
50,4,1025.0771484375,233.96823120117188,87.73876953125,118.712158203125,1.6666666666666667
50,5,211.60528564453125,441.39361572265625,51.31916809082031,125.45623779296875,1.6666666666666667
50,6,53.2948112487793,374.617919921875,75.6047592163086,104.92434692382812,1.6666666666666667
50,7,1652.80322265625,344.2696228027344,75.2376708984375,130.75689697265625,1.6666666666666667
50,8,1695.211669921875,165.92262268066406,46.6368408203125,67.99124145507812,1.6666666666666667
50,10,213.55601501464844,429.6573181152344,40.787109375,101.70263671875,1.6666666666666667
51,1,1525.0592041015625,137.64666748046875,42.648193359375,119.70177459716797,1.7
51,2,949.64208984375,853.0831298828125,107.93206787109375,214.43804931640625,1.7
51,3,405.6507568359375,130.5970458984375,40.599212646484375,130.23992919921875,1.7
51,4,1029.3341064453125,233.69764709472656,84.48077392578125,120.51663208007812,1.7
51,5,211.87225341796875,441.1895751953125,51.088653564453125,124.70846557617188,1.7
51,6,53.152503967285156,374.630126953125,75.89189147949219,104.79107666015625,1.7
51,7,1652.9017333984375,344.48345947265625,75.037109375,130.96090698242188,1.7
51,8,1695.25146484375,165.93045043945312,46.60693359375,67.83659362792969,1.7
51,10,213.504150390625,429.71044921875,41.01622009277344,101.40200805664062,1.7
52,1,1525.01318359375,137.6138153076172,42.6820068359375,119.8458251953125,1.7333333333333334
52,2,950.333984375,853.8416137695312,106.79962158203125,213.5474853515625,1.7333333333333334
52,3,405.62481689453125,130.54498291015625,40.904144287109375,130.2526397705078,1.7333333333333334
52,4,1029.919189453125,233.15606689453125,85.6578369140625,121.59150695800781,1.7333333333333334
52,5,212.13800048828125,440.392822265625,50.68019104003906,123.14791870117188,1.7333333333333334
52,6,52.761314392089844,374.7183532714844,76.50038146972656,104.6763916015625,1.7333333333333334
52,7,1652.9539794921875,344.5452880859375,74.640869140625,130.95608520507812,1.7333333333333334
52,8,1695.3048095703125,165.7967529296875,46.87060546875,67.60653686523438,1.7333333333333334
52,10,213.49656677246094,429.4999084472656,40.8804931640625,100.967529296875,1.7333333333333334
53,1,1524.9794921875,137.5850372314453,42.6995849609375,119.9162368774414,1.7666666666666666
53,2,950.64306640625,853.762451171875,106.48626708984375,214.1435546875,1.7666666666666666
53,3,405.61724853515625,130.54705810546875,40.96319580078125,130.2513427734375,1.7666666666666666
53,4,1031.99658203125,233.20147705078125,82.29345703125,122.18708801269531,1.7666666666666666
53,5,212.25607299804688,439.6690673828125,50.65931701660156,121.7747802734375,1.7666666666666666
53,6,53.14094543457031,374.7404479980469,75.66441345214844,104.58154296875,1.7666666666666666
53,7,1652.8753662109375,344.5887145996094,74.45263671875,131.07440185546875,1.7666666666666666
53,8,1695.34814453125,165.7633056640625,47.0191650390625,67.59074401855469,1.7666666666666666
53,10,213.40567016601562,429.5351257324219,41.42094421386719,100.98760986328125,1.7666666666666666
54,1,1524.9566650390625,137.59974670410156,42.7001953125,119.92707061767578,1.8
54,2,950.5333251953125,853.46435546875,106.47320556640625,216.791015625,1.8
54,3,405.6346435546875,130.60263061523438,40.9599609375,130.09788513183594,1.8
54,4,1035.735595703125,232.19644165039062,75.04901123046875,125.29478454589844,1.8
54,5,212.25135803222656,439.2304992675781,50.508758544921875,120.99462890625,1.8
54,6,53.34450149536133,374.7217102050781,75.17163848876953,104.605712890625,1.8
54,7,1652.810791015625,344.5221862792969,74.47412109375,130.9429931640625,1.8
54,8,1695.36572265625,165.75323486328125,47.1162109375,67.57327270507812,1.8
54,10,213.3211669921875,429.540771484375,41.66255187988281,101.0250244140625,1.8
55,1,1524.94091796875,137.64373779296875,42.6868896484375,119.92869567871094,1.8333333333333333
55,2,948.9029541015625,854.3458251953125,108.27984619140625,218.3475341796875,1.8333333333333333
55,3,405.62396240234375,130.6224822998047,40.920257568359375,130.00762939453125,1.8333333333333333
55,4,1034.4993896484375,230.7623748779297,74.01318359375,125.32638549804688,1.8333333333333333
55,5,212.40615844726562,438.19036865234375,50.386749267578125,118.9283447265625,1.8333333333333333
55,6,53.3508415222168,374.735107421875,75.08353424072266,104.54531860351562,1.8333333333333333
55,7,1652.7691650390625,344.5197448730469,74.65966796875,131.03656005859375,1.8333333333333333
55,8,1695.385009765625,165.74171447753906,47.1898193359375,67.6143798828125,1.8333333333333333
56,1,1524.9442138671875,137.69094848632812,42.6796875,119.8732681274414,1.8666666666666667
56,2,948.6025390625,854.2586669921875,109.628662109375,220.01873779296875,1.8666666666666667
56,3,405.6651611328125,130.6435546875,40.822357177734375,129.95932006835938,1.8666666666666667
56,4,1031.57177734375,229.34109497070312,78.02099609375,124.51116943359375,1.8666666666666667
56,5,212.498046875,438.4207458496094,51.1270751953125,119.467041015625,1.8666666666666667
56,6,53.512298583984375,374.716552734375,74.75653076171875,104.61709594726562,1.8666666666666667
56,7,1652.88037109375,344.5624084472656,74.8978271484375,131.14532470703125,1.8666666666666667
56,8,1695.39501953125,165.8525848388672,47.20556640625,67.35302734375,1.8666666666666667
57,1,1524.958251953125,137.7080078125,42.6614990234375,119.8505859375,1.9
57,2,948.0333251953125,855.2312622070312,113.908447265625,221.016357421875,1.9
57,3,405.7342529296875,130.65628051757812,40.733428955078125,129.89210510253906,1.9
57,4,1027.49267578125,228.14454650878906,84.2169189453125,124.34933471679688,1.9
57,5,212.65933227539062,438.22998046875,51.60455322265625,119.085205078125,1.9
57,6,53.49388885498047,374.7359619140625,74.82362365722656,104.65780639648438,1.9
57,7,1652.974365234375,344.54705810546875,74.84228515625,131.22833251953125,1.9
57,8,1695.412109375,165.87283325195312,47.031494140625,67.02058410644531,1.9
58,1,1524.97265625,137.71456909179688,42.6553955078125,119.85307312011719,1.9333333333333333
58,2,946.001708984375,858.4093017578125,120.96392822265625,220.56707763671875,1.9333333333333333
58,3,405.78546142578125,130.64901733398438,40.649566650390625,129.89532470703125,1.9333333333333333
58,4,1033.8409423828125,225.67080688476562,71.61029052734375,126.347900390625,1.9333333333333333
58,5,212.96908569335938,437.8780517578125,52.15473937988281,118.51138305664062,1.9333333333333333
58,6,53.07939910888672,374.7359313964844,75.58526611328125,104.66094970703125,1.9333333333333333
58,7,1652.979248046875,344.54522705078125,74.7647705078125,131.27996826171875,1.9333333333333333
58,8,1695.4259033203125,166.0028839111328,46.88232421875,66.61215209960938,1.9333333333333333
59,1,1525.00634765625,137.67782592773438,42.592529296875,119.87950897216797,1.9666666666666666
59,2,944.7467651367188,861.3954467773438,125.723388671875,218.2933349609375,1.9666666666666666
59,3,405.7724914550781,130.56344604492188,40.69610595703125,130.03680419921875,1.9666666666666666
59,4,1036.41064453125,225.0045928955078,66.52606201171875,127.25387573242188,1.9666666666666666
59,5,213.2106475830078,437.88494873046875,52.814208984375,118.56240844726562,1.9666666666666666
59,6,53.33378982543945,374.7900390625,75.01590728759766,104.56546020507812,1.9666666666666666
59,7,1652.894287109375,344.5601806640625,74.5968017578125,131.29400634765625,1.9666666666666666
59,8,1695.417236328125,166.14109802246094,46.4539794921875,66.12936401367188,1.9666666666666666
60,1,1525.127685546875,137.74349975585938,42.3966064453125,119.734619140625,2.0
60,2,942.1392822265625,865.8013305664062,133.60943603515625,215.85595703125,2.0
60,3,405.71044921875,130.627685546875,40.51123046875,130.11695861816406,2.0
60,4,1038.234619140625,226.36138916015625,64.531982421875,123.79878234863281,2.0
60,5,213.59609985351562,438.0947265625,54.35987854003906,119.25521850585938,2.0
60,6,53.69466781616211,374.7791442871094,74.26934051513672,104.36865234375,2.0
60,7,1654.50048828125,346.49700927734375,77.2110595703125,138.25067138671875,2.0
60,8,1695.287841796875,166.17774963378906,45.4825439453125,66.40695190429688,2.0
61,1,1525.227783203125,137.6952667236328,42.2872314453125,119.71166229248047,2.033333333333333
61,2,939.87353515625,871.3148193359375,140.24444580078125,214.1444091796875,2.033333333333333
61,3,405.7046813964844,129.45794677734375,41.1068115234375,132.0107879638672,2.033333333333333
61,4,1039.451171875,228.00567626953125,65.32958984375,119.95245361328125,2.033333333333333
61,5,213.66314697265625,438.3031005859375,55.57762145996094,119.95114135742188,2.033333333333333
61,6,53.89402770996094,374.703369140625,73.719482421875,104.37844848632812,2.033333333333333
61,7,1653.773681640625,345.4774169921875,76.1051025390625,134.17880249023438,2.033333333333333
61,8,1695.34619140625,166.2882843017578,44.8345947265625,66.19973754882812,2.033333333333333
62,1,1525.33837890625,137.69415283203125,42.1632080078125,119.61067962646484,2.066666666666667
62,2,939.053955078125,875.214599609375,145.14251708984375,212.890869140625,2.066666666666667
62,3,405.69610595703125,129.00604248046875,41.38861083984375,132.84326171875,2.066666666666667
62,4,1039.84912109375,228.4416961669922,65.83544921875,118.76290893554688,2.066666666666667
62,5,213.68472290039062,438.472412109375,55.771270751953125,120.27737426757812,2.066666666666667
62,6,54.02608108520508,374.60736083984375,73.59925079345703,104.42340087890625,2.066666666666667
62,7,1653.577880859375,345.19000244140625,76.382568359375,132.95114135742188,2.066666666666667
62,8,1695.471923828125,166.46527099609375,44.2867431640625,66.01863098144531,2.066666666666667
63,1,1525.3251953125,137.71949768066406,42.1810302734375,119.64188385009766,2.1
63,2,938.5799560546875,881.5178833007812,147.6483154296875,207.41552734375,2.1
63,3,405.69573974609375,128.84628295898438,41.561798095703125,133.0458526611328,2.1
63,4,1040.7874755859375,228.12554931640625,65.882080078125,119.439697265625,2.1
63,5,213.8166961669922,438.00042724609375,55.683074951171875,119.69546508789062,2.1
63,6,54.4989128112793,374.4967346191406,72.7290267944336,104.44036865234375,2.1
63,7,1653.477294921875,344.9141845703125,76.57275390625,132.06051635742188,2.1
63,8,1695.416748046875,166.13172912597656,44.2509765625,67.0384521484375,2.1
64,1,1525.2940673828125,137.70010375976562,42.298828125,119.70823669433594,2.1333333333333333
64,2,938.482421875,886.566162109375,147.92364501953125,201.88531494140625,2.1333333333333333
64,3,405.6502380371094,128.7036590576172,41.55621337890625,133.0859375,2.1333333333333333
64,4,1041.1405029296875,227.3793487548828,66.15435791015625,122.85311889648438,2.1333333333333333
64,5,213.55955505371094,438.2407531738281,56.368560791015625,120.11981201171875,2.1333333333333333
64,6,55.0511474609375,374.52093505859375,71.70843505859375,104.49197387695312,2.1333333333333333
64,7,1653.642578125,344.85589599609375,77.2149658203125,131.94058227539062,2.1333333333333333
64,8,1695.362060546875,165.78427124023438,44.4105224609375,67.86524963378906,2.1333333333333333
65,1,1525.2821044921875,137.64556884765625,42.3173828125,120.11515045166016,2.1666666666666665
65,2,937.7811279296875,889.2650146484375,148.53375244140625,197.41827392578125,2.1666666666666665
65,3,405.6621398925781,128.65098571777344,41.64617919921875,133.28912353515625,2.1666666666666665
65,4,1041.513671875,225.5521240234375,66.3431396484375,127.73377990722656,2.1666666666666665
65,5,213.49984741210938,438.076171875,57.05816650390625,119.57925415039062,2.1666666666666665
65,6,55.46404266357422,374.51995849609375,70.99531555175781,104.41921997070312,2.1666666666666665
65,7,1653.644287109375,344.8885498046875,77.678466796875,132.01608276367188,2.1666666666666665
65,8,1695.1778564453125,165.4741973876953,44.340087890625,68.34341430664062,2.1666666666666665
66,1,1525.274658203125,137.61297607421875,42.3720703125,120.27034759521484,2.2
66,2,935.1478271484375,890.1337890625,152.6180419921875,194.50592041015625,2.2
66,3,405.621826171875,128.5284881591797,41.81964111328125,133.57424926757812,2.2
66,4,1041.4046630859375,223.7711944580078,66.40728759765625,130.04818725585938,2.2
66,5,213.52896118164062,437.82171630859375,57.2451171875,118.94674682617188,2.2
66,6,55.42681884765625,374.59381103515625,71.06690979003906,104.30813598632812,2.2
66,7,1653.8636474609375,345.02978515625,78.202392578125,132.038818359375,2.2
66,8,1695.1597900390625,165.4480743408203,44.359619140625,68.10995483398438,2.2
67,1,1525.26220703125,137.58416748046875,42.348388671875,120.18106842041016,2.2333333333333334
67,2,933.107177734375,890.3071899414062,156.7119140625,192.53759765625,2.2333333333333334
67,3,405.6023254394531,128.715576171875,41.8763427734375,133.55056762695312,2.2333333333333334
67,4,1041.259521484375,224.10353088378906,67.17724609375,128.04971313476562,2.2333333333333334
67,5,213.51492309570312,438.33367919921875,57.65911865234375,119.75051879882812,2.2333333333333334
67,6,55.829078674316406,374.72210693359375,70.16859436035156,104.0728759765625,2.2333333333333334
67,7,1653.849609375,345.2799377441406,78.377197265625,132.4046630859375,2.2333333333333334
67,8,1695.12451171875,165.53228759765625,44.3228759765625,68.01884460449219,2.2333333333333334
68,1,1525.239990234375,137.57061767578125,42.36572265625,120.13495635986328,2.2666666666666666
68,2,931.2872314453125,889.8336181640625,159.88818359375,192.30450439453125,2.2666666666666666
68,3,404.81024169921875,129.4281005859375,43.2171630859375,134.34390258789062,2.2666666666666666
68,4,1040.9925537109375,223.90008544921875,68.81134033203125,128.60736083984375,2.2666666666666666
68,5,213.69757080078125,438.7984313964844,57.68278503417969,120.2406005859375,2.2666666666666666
68,6,56.15193557739258,374.7261962890625,69.47574615478516,104.01092529296875,2.2666666666666666
68,7,1653.733154296875,345.2505798339844,77.4708251953125,132.2705078125,2.2666666666666666
68,8,1695.1243896484375,165.439453125,44.25439453125,67.97248840332031,2.2666666666666666
69,1,1525.2412109375,137.6009063720703,42.4420166015625,119.98416900634766,2.3
69,2,929.3955078125,888.3399658203125,160.82470703125,193.29339599609375,2.3
69,3,405.3114013671875,129.02383422851562,42.454254150390625,133.99429321289062,2.3
69,4,1040.1611328125,224.74676513671875,69.36700439453125,125.17333984375,2.3
69,5,213.89413452148438,439.43609619140625,57.692626953125,120.91009521484375,2.3
69,6,56.170448303222656,374.7386474609375,69.22921752929688,104.02435302734375,2.3
69,7,1653.515380859375,345.16973876953125,76.2996826171875,132.09848022460938,2.3
69,8,1695.1435546875,165.66830444335938,44.289794921875,67.2698974609375,2.3
70,1,1525.216552734375,137.60162353515625,42.5401611328125,120.04084777832031,2.3333333333333335
70,2,923.853515625,887.1550903320312,159.21112060546875,196.1903076171875,2.3333333333333335
70,3,404.695556640625,129.52410888671875,43.444976806640625,134.67721557617188,2.3333333333333335
70,4,1039.625,225.2965850830078,69.69403076171875,123.57937622070312,2.3333333333333335
70,5,214.11524963378906,439.2581787109375,57.3759765625,120.05392456054688,2.3333333333333335
70,6,56.271881103515625,374.8487548828125,68.92613220214844,104.04177856445312,2.3333333333333335
70,7,1653.3408203125,344.92523193359375,75.480224609375,131.85079956054688,2.3333333333333335
70,8,1695.174072265625,165.3457794189453,44.2489013671875,67.86642456054688,2.3333333333333335
71,1,1525.208984375,137.56607055664062,42.545654296875,120.04198455810547,2.3666666666666667
71,2,916.558837890625,886.9960327148438,151.7515869140625,198.4986572265625,2.3666666666666667
71,3,405.013916015625,129.9163360595703,43.595489501953125,134.4889373779297,2.3666666666666667
71,4,1040.0303955078125,225.35574340820312,70.53765869140625,120.38752746582031,2.3666666666666667
71,5,214.26805114746094,438.8114929199219,57.423736572265625,119.11248779296875,2.3666666666666667
71,6,56.52201843261719,374.8346862792969,68.44267272949219,104.08807373046875,2.3666666666666667
71,7,1653.2454833984375,344.7887878417969,75.065185546875,131.6944580078125,2.3666666666666667
71,8,1695.203857421875,164.95025634765625,44.2774658203125,68.69395446777344,2.3666666666666667
72,1,1525.227294921875,137.53053283691406,42.5462646484375,120.16254425048828,2.4
72,2,903.8114013671875,885.9708251953125,134.83099365234375,202.148193359375,2.4
72,3,404.5924072265625,129.8016357421875,43.743255615234375,135.01475524902344,2.4
72,4,1040.206298828125,226.28549194335938,70.7794189453125,117.7838134765625,2.4
72,5,214.1263427734375,439.2021789550781,58.14263916015625,119.85198974609375,2.4
72,6,56.901947021484375,374.8454895019531,67.846923828125,104.08245849609375,2.4
72,7,1653.1201171875,344.6999816894531,74.4879150390625,131.4749755859375,2.4
72,8,1695.263916015625,164.75108337402344,44.335205078125,69.07186889648438,2.4
73,1,1525.2177734375,137.54257202148438,42.5645751953125,120.26011657714844,2.433333333333333
73,2,884.3798217773438,884.43359375,117.4371337890625,203.61773681640625,2.433333333333333
73,3,404.9224853515625,129.97879028320312,43.669097900390625,134.6690216064453,2.433333333333333
73,4,1039.763427734375,226.68075561523438,67.39178466796875,118.81202697753906,2.433333333333333
73,5,213.76541137695312,439.0089111328125,58.496368408203125,119.53244018554688,2.433333333333333
73,6,56.90166473388672,374.90435791015625,67.90774536132812,104.04229736328125,2.433333333333333
73,7,1653.15869140625,344.62591552734375,74.3765869140625,131.45401000976562,2.433333333333333
73,8,1695.2962646484375,164.6322784423828,44.413330078125,69.18429565429688,2.433333333333333
74,1,1525.2060546875,137.5313262939453,42.563720703125,120.3348159790039,2.466666666666667
74,2,872.3373413085938,883.1016845703125,102.777099609375,206.039794921875,2.466666666666667
74,3,405.3762512207031,129.18983459472656,42.25750732421875,134.01583862304688,2.466666666666667
74,4,1039.0933837890625,226.52516174316406,66.45947265625,120.46102905273438,2.466666666666667
74,5,213.30282592773438,439.3980712890625,58.40391540527344,119.37481689453125,2.466666666666667
74,6,56.926795959472656,374.90313720703125,67.88685607910156,104.10275268554688,2.466666666666667
74,7,1653.0557861328125,344.507080078125,74.077392578125,131.5089111328125,2.466666666666667
74,8,1695.3408203125,164.6316680908203,44.6322021484375,69.29776000976562,2.466666666666667
75,1,1525.2601318359375,137.52764892578125,42.484619140625,120.38581848144531,2.5
75,2,846.766845703125,881.0830688476562,94.284423828125,209.5596923828125,2.5
75,3,405.52197265625,128.7595977783203,41.676239013671875,133.94570922851562,2.5
75,4,1038.6015625,226.60433959960938,67.5697021484375,119.08636474609375,2.5
75,5,212.97662353515625,439.0802001953125,57.585601806640625,118.46359252929688,2.5
75,6,57.091670989990234,374.8163146972656,67.53247833251953,104.31182861328125,2.5
75,7,1653.09619140625,344.40753173828125,74.1158447265625,131.64028930664062,2.5
75,8,1695.32177734375,164.677001953125,44.6719970703125,69.30119323730469,2.5
76,1,1525.2896728515625,137.6380615234375,42.43603515625,120.68661499023438,2.533333333333333
76,2,823.983642578125,876.5215454101562,99.27032470703125,207.0008544921875,2.533333333333333
76,3,405.59759521484375,128.7665252685547,41.541717529296875,133.83340454101562,2.533333333333333
76,4,1038.42529296875,226.64852905273438,68.95074462890625,117.73020935058594,2.533333333333333
76,5,213.21527099609375,437.9750061035156,56.93046569824219,116.5369873046875,2.533333333333333
76,6,57.17640686035156,374.7990417480469,67.3968505859375,104.3428955078125,2.533333333333333
76,7,1653.2310791015625,344.3984375,74.0625,131.7799072265625,2.533333333333333
76,8,1695.317626953125,164.76205444335938,44.8175048828125,69.25657653808594,2.533333333333333
77,1,1525.28564453125,137.68350219726562,42.4034423828125,120.69847869873047,2.566666666666667
77,2,810.9118041992188,874.9600830078125,106.73828125,205.5113525390625,2.566666666666667
77,3,405.6186218261719,128.9075927734375,41.32574462890625,133.55130004882812,2.566666666666667
77,4,1037.9652099609375,225.61962890625,68.46368408203125,118.27238464355469,2.566666666666667
77,5,213.23880004882812,437.4486083984375,56.75335693359375,115.65591430664062,2.566666666666667
77,6,57.13002395629883,374.7499084472656,67.52063751220703,104.4296875,2.566666666666667
77,7,1653.3876953125,344.3785400390625,74.017578125,131.69393920898438,2.566666666666667
77,8,1695.29052734375,164.8851318359375,44.9232177734375,69.06709289550781,2.566666666666667
78,1,1525.277099609375,137.74085998535156,42.40185546875,120.64864349365234,2.6
78,2,799.1728515625,874.9454345703125,103.9210205078125,206.83282470703125,2.6
78,3,405.59747314453125,128.97073364257812,41.16741943359375,133.42654418945312,2.6
78,4,1035.6572265625,223.27676391601562,64.5635986328125,121.29899597167969,2.6
78,5,213.21238708496094,436.9931640625,56.216705322265625,114.8404541015625,2.6
78,6,57.070106506347656,374.90087890625,67.68888854980469,104.13751220703125,2.6
78,7,1653.3516845703125,344.2389221191406,73.70751953125,131.43145751953125,2.6
78,8,1695.30615234375,164.96861267089844,44.92626953125,68.8214111328125,2.6
79,1,1525.290283203125,137.7886962890625,42.34375,120.59212493896484,2.6333333333333333
79,2,792.947509765625,876.2484130859375,96.56890869140625,210.42193603515625,2.6333333333333333
79,3,405.36236572265625,129.6591796875,42.503753662109375,134.12318420410156,2.6333333333333333
79,4,1028.767333984375,223.69235229492188,54.8853759765625,118.59846496582031,2.6333333333333333
79,5,213.08306884765625,436.96160888671875,56.34266662597656,115.336181640625,2.6333333333333333
79,6,57.11831283569336,374.9259948730469,67.57820892333984,104.14129638671875,2.6333333333333333
79,7,1653.452392578125,344.2522888183594,73.6947021484375,131.41796875,2.6333333333333333
79,8,1695.375244140625,164.84762573242188,44.923583984375,68.92236328125,2.6333333333333333
80,1,1525.302490234375,137.7534942626953,42.3026123046875,120.5649185180664,2.6666666666666665
80,2,788.150146484375,877.20654296875,93.99517822265625,212.83465576171875,2.6666666666666665
80,3,405.25189208984375,129.88333129882812,42.995391845703125,134.44430541992188,2.6666666666666665
80,4,1024.5794677734375,224.0843505859375,50.60638427734375,117.80973815917969,2.6666666666666665
80,5,212.87045288085938,437.0599365234375,56.67082214355469,116.05062866210938,2.6666666666666665
80,6,57.171234130859375,374.8731689453125,67.39588928222656,104.24685668945312,2.6666666666666665
80,7,1653.472900390625,344.2239990234375,73.721923828125,131.21450805664062,2.6666666666666665
80,8,1695.3594970703125,164.77130126953125,44.81103515625,68.91639709472656,2.6666666666666665
81,1,1525.3201904296875,137.73655700683594,42.304931640625,120.53185272216797,2.7
81,2,777.4075927734375,876.0750732421875,96.59423828125,211.823974609375,2.7
81,3,405.1356506347656,129.90585327148438,43.24652099609375,134.6995849609375,2.7
81,4,1019.9577026367188,224.19158935546875,46.9735107421875,118.46382141113281,2.7
81,5,213.00283813476562,437.12286376953125,56.47306823730469,116.59759521484375,2.7
81,6,57.609806060791016,374.6361083984375,66.40538787841797,104.75479125976562,2.7
81,7,1653.636474609375,344.168212890625,73.8829345703125,131.1466064453125,2.7
81,8,1695.3094482421875,164.75460815429688,44.932373046875,69.02644348144531,2.7
82,1,1525.2900390625,137.8070068359375,42.3665771484375,120.45872497558594,2.7333333333333334
82,2,769.6980590820312,878.6451416015625,93.15478515625,218.530517578125,2.7333333333333334
82,3,405.29925537109375,129.18553161621094,41.777862548828125,133.92868041992188,2.7333333333333334
82,4,1015.2757568359375,225.42593383789062,47.27508544921875,120.44114685058594,2.7333333333333334
82,5,212.87368774414062,436.66717529296875,55.656982421875,115.83425903320312,2.7333333333333334
82,6,57.610557556152344,374.586181640625,66.43345642089844,104.96292114257812,2.7333333333333334
82,7,1653.666748046875,344.0833740234375,73.5631103515625,130.92471313476562,2.7333333333333334
82,8,1695.24951171875,164.79550170898438,44.9317626953125,69.00700378417969,2.7333333333333334
83,1,1525.254150390625,137.80960083007812,42.4014892578125,120.36735534667969,2.7666666666666666
83,2,763.6964111328125,879.263671875,92.6025390625,219.60150146484375,2.7666666666666666
83,3,405.37164306640625,128.95054626464844,41.106048583984375,133.52244567871094,2.7666666666666666
83,4,1012.7987670898438,224.56948852539062,48.8812255859375,123.69859313964844,2.7666666666666666
83,5,212.5450897216797,436.909912109375,55.94757080078125,116.34176635742188,2.7666666666666666
83,6,57.7688102722168,374.6496887207031,66.21529388427734,104.77191162109375,2.7666666666666666
83,7,1653.7093505859375,344.2030334472656,73.96484375,131.24652099609375,2.7666666666666666
83,8,1695.2496337890625,164.98281860351562,45.30908203125,68.75520324707031,2.7666666666666666
84,1,1525.2340087890625,137.79437255859375,42.4580078125,120.30622863769531,2.8
84,2,758.268798828125,880.70849609375,88.54766845703125,220.2471923828125,2.8
84,3,405.3948974609375,128.84425354003906,40.9024658203125,133.44723510742188,2.8
84,4,1008.9365844726562,223.983154296875,52.2137451171875,124.9541015625,2.8
84,5,212.32269287109375,436.88665771484375,55.53935241699219,116.161865234375,2.8
84,6,57.64352798461914,374.66412353515625,66.61312103271484,104.71817016601562,2.8
84,7,1653.7388916015625,344.2862548828125,74.132080078125,131.43792724609375,2.8
84,8,1695.23583984375,165.0146484375,45.4569091796875,68.88655090332031,2.8
85,1,1525.22314453125,137.76605224609375,42.4915771484375,120.29158782958984,2.8333333333333335
85,2,753.585693359375,880.3519287109375,80.87554931640625,221.67303466796875,2.8333333333333335
85,3,405.4069519042969,128.83226013183594,40.8564453125,133.38180541992188,2.8333333333333335
85,4,1003.4024658203125,224.88711547851562,61.45556640625,126.19346618652344,2.8333333333333335
85,5,212.30780029296875,436.5823669433594,54.93052673339844,115.5067138671875,2.8333333333333335
85,6,57.599815368652344,374.6866760253906,66.82232666015625,104.54864501953125,2.8333333333333335
85,7,1653.794921875,344.37249755859375,74.5672607421875,131.552734375,2.8333333333333335
85,8,1695.29736328125,165.00015258789062,45.5770263671875,69.12590026855469,2.8333333333333335
86,1,1525.184814453125,137.77227783203125,42.5396728515625,120.35398864746094,2.8666666666666667
86,2,749.8291625976562,880.0436401367188,78.7919921875,223.0062255859375,2.8666666666666667
86,3,405.40704345703125,128.84210205078125,40.839080810546875,133.3273468017578,2.8666666666666667
86,4,999.2586669921875,226.0726776123047,69.66766357421875,128.03097534179688,2.8666666666666667
86,5,212.2913818359375,436.44683837890625,54.72978210449219,115.26181030273438,2.8666666666666667
86,6,57.525699615478516,374.69720458984375,67.0458755493164,104.50726318359375,2.8666666666666667
86,7,1653.692626953125,344.3841857910156,74.45263671875,131.47991943359375,2.8666666666666667
86,8,1695.304931640625,164.99819946289062,45.6676025390625,69.38017272949219,2.8666666666666667
87,1,1525.20166015625,137.73025512695312,42.5086669921875,120.4887924194336,2.9
87,2,745.379150390625,879.8839721679688,74.5772705078125,223.3394775390625,2.9
87,3,405.44171142578125,128.8540496826172,40.8106689453125,133.21466064453125,2.9
87,4,996.364013671875,226.9019775390625,72.04022216796875,127.78303527832031,2.9
87,5,212.2664794921875,436.9288330078125,55.03886413574219,116.14324951171875,2.9
87,6,57.489585876464844,374.78900146484375,67.24458312988281,104.37118530273438,2.9
87,7,1653.6767578125,344.4874267578125,74.5433349609375,131.65115356445312,2.9
87,8,1695.386474609375,165.025634765625,45.6885986328125,69.59111022949219,2.9
88,1,1525.2265625,137.7264404296875,42.473876953125,120.43113708496094,2.933333333333333
88,2,739.447509765625,878.3316040039062,68.45458984375,223.564208984375,2.933333333333333
88,3,405.45208740234375,128.90179443359375,40.804840087890625,133.10330200195312,2.933333333333333
88,4,995.4237060546875,229.13446044921875,72.81597900390625,126.05311584472656,2.933333333333333
88,5,212.20758056640625,437.43218994140625,55.58811950683594,117.139892578125,2.933333333333333
88,6,57.036590576171875,374.797607421875,68.25447082519531,104.3406982421875,2.933333333333333
88,7,1653.617919921875,344.4269104003906,74.6370849609375,131.76519775390625,2.933333333333333
88,8,1695.46484375,165.13235473632812,45.7694091796875,69.70181274414062,2.933333333333333
89,1,1525.233642578125,137.78622436523438,42.4542236328125,120.40518188476562,2.966666666666667
89,2,732.3927001953125,877.3585205078125,71.16094970703125,223.5982666015625,2.966666666666667
89,3,405.41217041015625,128.7531280517578,40.838775634765625,133.4902801513672,2.966666666666667
89,4,994.1182861328125,229.30487060546875,71.58624267578125,123.57533264160156,2.966666666666667
89,5,212.13604736328125,437.5815734863281,55.84996032714844,117.4217529296875,2.966666666666667
89,6,57.126708984375,374.7249755859375,68.02424621582031,104.48745727539062,2.966666666666667
89,7,1653.6077880859375,344.43121337890625,74.262451171875,131.79266357421875,2.966666666666667
89,8,1695.4493408203125,165.10125732421875,45.82568359375,69.68600463867188,2.966666666666667
90,1,1525.2593994140625,137.74041748046875,42.483642578125,120.5141372680664,3.0
90,2,725.327392578125,874.904052734375,72.93609619140625,222.99127197265625,3.0
90,3,405.43316650390625,128.6768798828125,40.829803466796875,133.56153869628906,3.0
90,4,993.6300048828125,229.5235595703125,70.86090087890625,121.99171447753906,3.0
90,5,212.12307739257812,437.664794921875,55.837310791015625,117.56695556640625,3.0
90,6,57.23635482788086,374.70635986328125,67.81859588623047,104.55178833007812,3.0
90,7,1653.4794921875,344.33734130859375,73.9219970703125,131.70010375976562,3.0
90,8,1695.47265625,164.9400634765625,45.6798095703125,69.91786193847656,3.0
91,1,1525.272216796875,137.708740234375,42.5340576171875,120.43701171875,3.033333333333333
91,2,720.195556640625,872.7529907226562,73.18212890625,222.2781982421875,3.033333333333333
91,3,405.4524230957031,128.6217498779297,40.94647216796875,133.73397827148438,3.033333333333333
91,4,993.7306518554688,229.55288696289062,70.8770751953125,121.58946228027344,3.033333333333333
91,5,212.0604248046875,437.4190368652344,55.75621032714844,117.32440185546875,3.033333333333333
91,6,57.1967658996582,374.6456298828125,67.76178741455078,104.72079467773438,3.033333333333333
91,7,1653.33935546875,344.15777587890625,73.578369140625,131.44210815429688,3.033333333333333
91,8,1695.529296875,164.78482055664062,45.8184814453125,70.37396240234375,3.033333333333333
92,1,1525.24951171875,137.69448852539062,42.5982666015625,120.29048919677734,3.066666666666667
92,2,716.4281005859375,871.8379516601562,73.1680908203125,223.7623291015625,3.066666666666667
92,3,405.43194580078125,128.6648406982422,40.94598388671875,133.5956268310547,3.066666666666667
92,4,994.0997314453125,229.09410095214844,70.411865234375,122.20053100585938,3.066666666666667
92,5,211.81898498535156,437.7720947265625,55.767120361328125,118.09454345703125,3.066666666666667
92,6,57.25653839111328,374.69403076171875,67.55194091796875,104.5892333984375,3.066666666666667
92,7,1653.229736328125,344.000244140625,73.209228515625,131.18603515625,3.066666666666667
92,8,1695.568603515625,164.79066467285156,45.8751220703125,70.35073852539062,3.066666666666667
93,1,1525.264892578125,137.67645263671875,42.586181640625,120.24695587158203,3.1
93,2,711.3653564453125,869.7687377929688,73.31414794921875,224.933349609375,3.1
93,3,405.4355163574219,128.6536865234375,40.93914794921875,133.6532745361328,3.1
93,4,994.5162353515625,228.06056213378906,71.19207763671875,126.77084350585938,3.1
93,5,211.6572265625,437.70745849609375,55.25849914550781,118.07998657226562,3.1
93,6,57.40869903564453,374.7553405761719,67.28579711914062,104.49908447265625,3.1
93,7,1653.1304931640625,343.88262939453125,72.8203125,131.04104614257812,3.1
93,8,1695.64453125,164.82884216308594,46.122802734375,70.30496215820312,3.1
94,1,1525.237060546875,137.65505981445312,42.6195068359375,120.24811553955078,3.1333333333333333
94,2,704.8618774414062,863.069580078125,81.37255859375,221.64434814453125,3.1333333333333333
94,3,405.43701171875,128.60231018066406,40.964569091796875,133.69268798828125,3.1333333333333333
94,4,994.8128662109375,226.5149688720703,75.07275390625,133.92300415039062,3.1333333333333333
94,5,211.58535766601562,437.90899658203125,55.24449157714844,118.5594482421875,3.1333333333333333
94,6,57.418556213378906,374.7767333984375,67.25013732910156,104.4930419921875,3.1333333333333333
94,7,1653.104736328125,343.70556640625,72.88232421875,131.04708862304688,3.1333333333333333
94,8,1695.7353515625,164.82809448242188,46.1414794921875,70.33920288085938,3.1333333333333333
95,1,1525.21875,137.6300048828125,42.6607666015625,120.27762603759766,3.1666666666666665
95,2,701.3501586914062,857.301513671875,84.6988525390625,216.57965087890625,3.1666666666666665
95,3,405.42962646484375,128.5465087890625,40.99560546875,133.79144287109375,3.1666666666666665
95,4,994.8489990234375,225.2992706298828,75.64501953125,136.13473510742188,3.1666666666666665
95,5,211.6031951904297,438.0052490234375,55.2969970703125,118.73236083984375,3.1666666666666665
95,6,57.38850402832031,374.76708984375,67.34356689453125,104.60128784179688,3.1666666666666665
95,7,1653.0462646484375,343.72796630859375,73.145751953125,131.20025634765625,3.1666666666666665
95,8,1695.80859375,164.82737731933594,46.1702880859375,70.34542846679688,3.1666666666666665
96,1,1525.222412109375,137.591552734375,42.6405029296875,120.28645324707031,3.2
96,2,704.0460815429688,853.6869506835938,86.483642578125,215.013427734375,3.2
96,3,405.42645263671875,128.55044555664062,40.99737548828125,133.83921813964844,3.2
96,4,996.431640625,223.51219177246094,76.036376953125,135.33291625976562,3.2
96,5,211.51028442382812,438.1585693359375,55.38435363769531,119.03518676757812,3.2
96,6,57.18815231323242,374.74951171875,67.74225616455078,104.65484619140625,3.2
96,7,1653.120361328125,343.7578125,73.1888427734375,131.32235717773438,3.2
96,8,1695.7916259765625,164.82977294921875,46.189697265625,70.58984375,3.2
97,1,1525.2484130859375,137.57545471191406,42.571533203125,120.24419403076172,3.2333333333333334
97,2,709.6271362304688,850.18115234375,82.0438232421875,215.52734375,3.2333333333333334
97,3,405.3998718261719,128.54771423339844,41.02001953125,133.95108032226562,3.2333333333333334
97,4,998.2421875,222.69606018066406,76.288330078125,133.21505737304688,3.2333333333333334
97,5,211.71905517578125,437.8634033203125,55.73646545410156,118.53717041015625,3.2333333333333334
97,6,57.05785369873047,374.7528991699219,67.96701049804688,104.6007080078125,3.2333333333333334
97,7,1653.19580078125,343.75958251953125,73.2755126953125,131.49578857421875,3.2333333333333334
97,8,1695.79638671875,164.77203369140625,46.25927734375,70.53681945800781,3.2333333333333334
98,1,1525.2904052734375,137.55612182617188,42.47900390625,120.29408264160156,3.2666666666666666
98,2,711.908203125,846.8819580078125,78.67974853515625,217.75,3.2666666666666666
98,3,405.4153137207031,128.59161376953125,41.0262451171875,133.88632202148438,3.2666666666666666
98,4,999.7213134765625,222.02926635742188,76.09521484375,129.00738525390625,3.2666666666666666
98,5,211.86062622070312,437.76165771484375,56.24995422363281,118.25625610351562,3.2666666666666666
98,6,57.0877685546875,374.72637939453125,67.86369323730469,104.58901977539062,3.2666666666666666
98,7,1653.190185546875,343.7212829589844,73.1309814453125,131.50482177734375,3.2666666666666666
98,8,1695.81689453125,164.86734008789062,46.4642333984375,70.62522888183594,3.2666666666666666
99,1,1525.304443359375,137.56576538085938,42.45458984375,120.29867553710938,3.3
99,2,712.6762084960938,840.4312744140625,79.64111328125,226.26959228515625,3.3
99,3,405.46240234375,128.62879943847656,41.04559326171875,133.86268615722656,3.3
99,4,1001.510986328125,223.69076538085938,78.872802734375,122.81584167480469,3.3
99,5,211.90809631347656,438.03216552734375,56.745697021484375,118.72555541992188,3.3
99,6,57.06964874267578,374.5363464355469,67.88687133789062,104.98907470703125,3.3
99,7,1653.146240234375,343.810546875,73.6380615234375,131.73486328125,3.3
99,8,1695.777099609375,164.87936401367188,46.3836669921875,70.65031433105469,3.3
100,1,1525.308837890625,137.5796661376953,42.431640625,120.22591400146484,3.3333333333333335
100,2,710.625244140625,838.7054443359375,78.39678955078125,225.90826416015625,3.3333333333333335
100,3,405.47119140625,128.6224822998047,41.059234619140625,133.8209228515625,3.3333333333333335
100,4,1002.7615966796875,224.7761688232422,82.86407470703125,119.68338012695312,3.3333333333333335
100,5,212.01123046875,438.2688903808594,57.17439270019531,119.31402587890625,3.3333333333333335
100,6,57.0327262878418,374.427490234375,67.98303985595703,105.32025146484375,3.3333333333333335
100,7,1653.058349609375,343.83984375,73.86865234375,131.87936401367188,3.3333333333333335
100,8,1695.760986328125,164.86236572265625,46.3743896484375,70.73765563964844,3.3333333333333335
101,1,1525.31591796875,137.56507873535156,42.4249267578125,120.1292953491211,3.3666666666666667
101,2,708.4873046875,840.2626342773438,81.43609619140625,221.04931640625,3.3666666666666667
101,3,405.40679931640625,128.5460968017578,41.023895263671875,133.90817260742188,3.3666666666666667
101,4,1003.2429809570312,226.8711395263672,83.9525146484375,115.07443237304688,3.3666666666666667
101,5,212.17581176757812,438.4062194824219,57.75352478027344,119.78973388671875,3.3666666666666667
101,6,56.90361404418945,374.39410400390625,68.20880889892578,105.42300415039062,3.3666666666666667
101,7,1653.099365234375,344.00787353515625,73.5064697265625,132.07351684570312,3.3666666666666667
101,8,1695.708740234375,164.84173583984375,46.3668212890625,70.80181884765625,3.3666666666666667
102,1,1525.3193359375,137.59169006347656,42.4210205078125,120.12726593017578,3.4
102,2,707.1123657226562,840.8260498046875,82.3714599609375,218.41961669921875,3.4
102,3,405.4225769042969,128.61273193359375,41.02374267578125,133.69857788085938,3.4
102,4,1004.4244384765625,229.1597442626953,83.29376220703125,109.03359985351562,3.4
102,5,212.15109252929688,438.7427062988281,58.14796447753906,120.58270263671875,3.4
102,6,56.93614196777344,374.39801025390625,68.04649353027344,105.462890625,3.4
102,7,1653.021484375,344.1344299316406,73.4852294921875,132.04595947265625,3.4
102,8,1695.6279296875,164.7028350830078,46.5318603515625,71.07321166992188,3.4
103,1,1525.332763671875,137.54824829101562,42.4127197265625,120.06698608398438,3.433333333333333
103,2,702.694091796875,842.7224731445312,84.912353515625,220.7166748046875,3.433333333333333
103,3,405.4250183105469,128.55271911621094,41.07843017578125,133.69129943847656,3.433333333333333
103,4,1006.8314819335938,230.83428955078125,79.5784912109375,104.6361083984375,3.433333333333333
103,5,212.52935791015625,439.4428405761719,58.93858337402344,122.58123779296875,3.433333333333333
103,6,56.75639343261719,374.46221923828125,68.37490844726562,105.48477172851562,3.433333333333333
103,7,1653.0196533203125,344.2960205078125,73.56787109375,132.29156494140625,3.433333333333333
103,8,1695.6041259765625,164.75074768066406,46.439453125,71.04330444335938,3.433333333333333
104,1,1525.3143310546875,137.6240234375,42.400390625,119.93072509765625,3.466666666666667
104,2,696.4264526367188,843.6351318359375,94.188720703125,223.02752685546875,3.466666666666667
104,3,405.434326171875,128.56520080566406,41.135650634765625,133.82089233398438,3.466666666666667
104,4,1008.34375,231.66146850585938,76.64434814453125,100.54240417480469,3.466666666666667
104,5,212.9306182861328,439.3913269042969,58.6666259765625,122.939697265625,3.466666666666667
104,6,56.66912841796875,374.47564697265625,68.43135070800781,105.55880737304688,3.466666666666667
104,7,1652.9873046875,344.40380859375,73.604736328125,132.36151123046875,3.466666666666667
104,8,1695.597412109375,164.82069396972656,46.4608154296875,71.21511840820312,3.466666666666667
105,1,1525.328125,137.5191192626953,42.37060546875,119.82968139648438,3.5
105,2,690.19091796875,844.0945434570312,97.38128662109375,224.7801513671875,3.5
105,3,405.4385986328125,128.6144256591797,41.185150146484375,133.79928588867188,3.5
105,4,1008.5921020507812,233.1541748046875,80.1297607421875,96.21720886230469,3.5
105,5,213.10443115234375,439.1329345703125,58.51945495605469,123.32229614257812,3.5
105,6,56.155479431152344,374.4954528808594,69.52273559570312,105.6102294921875,3.5
105,7,1652.861572265625,344.56439208984375,73.489501953125,132.51266479492188,3.5
105,8,1695.57177734375,164.8336944580078,46.417236328125,71.41201782226562,3.5
106,1,1525.3172607421875,137.53836059570312,42.40234375,119.8506851196289,3.533333333333333
106,2,682.766845703125,844.696533203125,97.94378662109375,221.88543701171875,3.533333333333333
106,3,405.4320068359375,128.55484008789062,41.20062255859375,133.77281188964844,3.533333333333333
106,4,1006.0718994140625,233.6480255126953,85.14337158203125,94.33419799804688,3.533333333333333
106,5,213.13470458984375,439.2704772949219,58.51469421386719,123.3765869140625,3.533333333333333
106,6,56.02342987060547,374.44952392578125,69.67976379394531,105.71286010742188,3.533333333333333
106,7,1652.703369140625,344.77392578125,73.1798095703125,132.52288818359375,3.533333333333333
106,8,1695.5374755859375,164.7744598388672,46.404296875,71.46743774414062,3.533333333333333
107,1,1525.3162841796875,137.51380920410156,42.498291015625,119.7895736694336,3.566666666666667
107,2,676.0916137695312,844.9993896484375,99.002685546875,219.84521484375,3.566666666666667
107,3,405.435302734375,128.4904022216797,41.19158935546875,133.83218383789062,3.566666666666667
107,4,1004.5604248046875,233.94146728515625,88.51068115234375,92.99195861816406,3.566666666666667
107,5,213.11578369140625,439.25177001953125,58.99391174316406,123.38299560546875,3.566666666666667
107,6,55.4766731262207,374.3824462890625,70.79401397705078,105.79339599609375,3.566666666666667
107,7,1652.568359375,344.9515380859375,73.3995361328125,132.70022583007812,3.566666666666667
107,8,1695.4825439453125,164.91873168945312,46.486083984375,71.07627868652344,3.566666666666667
108,1,1525.291748046875,137.51002502441406,42.5809326171875,119.84293365478516,3.6
108,2,669.82373046875,844.78955078125,102.03131103515625,214.4638671875,3.6
108,3,405.44976806640625,128.47479248046875,41.230560302734375,133.9075927734375,3.6
108,4,999.3966064453125,232.94525146484375,87.76116943359375,97.4591064453125,3.6
108,5,212.9381866455078,439.0740966796875,59.647247314453125,123.29910278320312,3.6
108,6,55.39699935913086,374.380859375,70.9145736694336,105.82223510742188,3.6
108,7,1652.52685546875,344.9686279296875,73.1337890625,132.60415649414062,3.6
108,8,1695.467041015625,164.9482421875,46.4339599609375,70.90008544921875,3.6
109,1,1525.258544921875,137.4713134765625,42.6412353515625,119.88813781738281,3.6333333333333333
109,2,664.631591796875,846.5677490234375,106.45989990234375,207.61688232421875,3.6333333333333333
109,3,405.43572998046875,128.478271484375,41.199371337890625,133.89541625976562,3.6333333333333333
109,4,988.1505126953125,234.61077880859375,80.92730712890625,91.92054748535156,3.6333333333333333
109,5,212.6795654296875,439.38604736328125,60.40129089355469,124.05422973632812,3.6333333333333333
109,6,55.084693908691406,374.38214111328125,71.5758056640625,105.89227294921875,3.6333333333333333
109,7,1652.51513671875,344.9097900390625,72.6298828125,132.37734985351562,3.6333333333333333
109,8,1695.488525390625,165.10479736328125,46.3289794921875,70.652587890625,3.6333333333333333
110,1,1525.24853515625,137.51100158691406,42.64990234375,119.96347045898438,3.6666666666666665
110,2,661.077392578125,847.714111328125,112.38250732421875,204.4580078125,3.6666666666666665
110,3,405.4583740234375,128.48704528808594,41.15667724609375,133.79971313476562,3.6666666666666665
110,4,979.1173095703125,232.0664825439453,77.2177734375,94.93258666992188,3.6666666666666665
110,5,212.54966735839844,439.4191589355469,60.7933349609375,124.0177001953125,3.6666666666666665
110,6,55.08952331542969,374.4532470703125,71.51542663574219,105.80099487304688,3.6666666666666665
110,7,1652.48095703125,344.8765563964844,72.6822509765625,132.31085205078125,3.6666666666666665
110,8,1695.52783203125,165.09976196289062,46.451416015625,70.75970458984375,3.6666666666666665
111,1,1525.231201171875,137.50018310546875,42.6669921875,119.8709487915039,3.7
111,2,657.210205078125,849.5374755859375,119.50091552734375,203.22576904296875,3.7
111,3,405.45733642578125,128.47482299804688,41.094940185546875,133.80548095703125,3.7
111,4,968.0350952148438,230.84732055664062,81.78857421875,90.52838134765625,3.7
111,5,212.4010009765625,439.2508544921875,60.8565673828125,123.70101928710938,3.7
111,6,55.426753997802734,374.4483642578125,70.86392974853516,105.64837646484375,3.7
111,7,1652.474853515625,344.9946594238281,73.171630859375,132.5855712890625,3.7
111,8,1695.53466796875,165.1689453125,46.4605712890625,70.80857849121094,3.7
112,1,1525.230712890625,137.55142211914062,42.6805419921875,119.72645568847656,3.7333333333333334
112,2,657.932373046875,850.617431640625,124.93109130859375,201.280517578125,3.7333333333333334
112,3,405.44677734375,128.3763427734375,41.161895751953125,133.96981811523438,3.7333333333333334
112,4,960.82177734375,224.18307495117188,91.08331298828125,102.653564453125,3.7333333333333334
112,5,212.3558807373047,439.2021179199219,61.153900146484375,123.53009033203125,3.7333333333333334
112,6,55.472816467285156,374.43780517578125,70.70431518554688,105.60977172851562,3.7333333333333334
112,7,1652.45068359375,345.03460693359375,73.3973388671875,132.59133911132812,3.7333333333333334
112,8,1695.541748046875,165.286865234375,46.448974609375,70.68121337890625,3.7333333333333334
113,1,1525.2239990234375,137.57131958007812,42.684814453125,119.55689239501953,3.7666666666666666
113,2,659.0191650390625,851.0169067382812,128.40594482421875,200.8897705078125,3.7666666666666666
113,3,405.4715576171875,128.378662109375,41.180572509765625,134.006103515625,3.7666666666666666
113,4,955.3648681640625,222.26145935058594,98.9066162109375,107.71810913085938,3.7666666666666666
113,5,212.43922424316406,439.1055603027344,61.179534912109375,123.60302734375,3.7666666666666666
113,6,55.63871383666992,374.38702392578125,70.3219985961914,105.54351806640625,3.7666666666666666
113,7,1652.3907470703125,344.9352722167969,73.40478515625,132.460205078125,3.7666666666666666
113,8,1695.533203125,165.34886169433594,46.4388427734375,70.73651123046875,3.7666666666666666
114,1,1525.3258056640625,137.75782775878906,42.471435546875,119.37557983398438,3.8
114,2,663.15478515625,849.8987426757812,134.69549560546875,201.980712890625,3.8
114,3,405.54217529296875,128.55804443359375,40.945587158203125,133.13430786132812,3.8
114,4,948.0068359375,222.7714385986328,102.66339111328125,110.31668090820312,3.8
114,5,212.4864959716797,439.640625,61.57672119140625,124.45346069335938,3.8
114,6,55.73573684692383,374.41864013671875,69.8615493774414,105.3096923828125,3.8
114,7,1653.734130859375,346.5518798828125,74.9566650390625,138.7364501953125,3.8
114,8,1695.2269287109375,165.0483856201172,45.763916015625,70.08221435546875,3.8
115,1,1525.38427734375,137.83065795898438,42.3721923828125,119.24819946289062,3.8333333333333335
115,2,668.78759765625,847.55615234375,137.95086669921875,204.42730712890625,3.8333333333333335
115,3,405.5479736328125,128.68528747558594,40.840850830078125,132.675537109375,3.8333333333333335
115,4,939.2649536132812,222.63796997070312,107.724609375,112.69956970214844,3.8333333333333335
115,5,212.5294189453125,440.00762939453125,61.925689697265625,125.19961547851562,3.8333333333333335
115,6,55.897247314453125,374.37066650390625,69.42683410644531,105.27499389648438,3.8333333333333335
115,7,1654.2906494140625,347.13177490234375,75.683837890625,141.01956176757812,3.8333333333333335
115,8,1695.135498046875,165.23428344726562,45.6014404296875,69.52330017089844,3.8333333333333335
116,1,1525.4150390625,137.87171936035156,42.3115234375,119.27274322509766,3.8666666666666667
116,2,673.5493774414062,846.0684814453125,138.146484375,206.43365478515625,3.8666666666666667
116,3,405.5178527832031,128.71240234375,40.72662353515625,132.45994567871094,3.8666666666666667
116,4,937.4962158203125,227.61268615722656,94.00714111328125,106.33383178710938,3.8666666666666667
116,5,212.61117553710938,439.7685546875,61.69584655761719,124.72109985351562,3.8666666666666667
116,6,56.022518157958984,374.3945617675781,69.13109588623047,105.1712646484375,3.8666666666666667
116,7,1654.51025390625,347.2710876464844,76.0833740234375,141.6705322265625,3.8666666666666667
116,8,1695.05029296875,165.29617309570312,45.5386962890625,69.40512084960938,3.8666666666666667
117,1,1525.40966796875,137.95437622070312,42.3011474609375,119.24939727783203,3.9
117,2,679.75732421875,844.44384765625,136.02496337890625,207.6051025390625,3.9
117,3,405.45977783203125,128.62428283691406,40.789703369140625,132.60855102539062,3.9
117,4,921.1885986328125,225.75929260253906,95.42413330078125,112.38284301757812,3.9
117,5,212.7514190673828,439.916748046875,61.323211669921875,124.64053344726562,3.9
117,6,56.120845794677734,374.4097900390625,68.94734954833984,105.35614013671875,3.9
117,7,1654.5447998046875,347.308349609375,76.328125,141.86102294921875,3.9
117,8,1695.01904296875,165.17230224609375,45.451904296875,69.55140686035156,3.9
118,1,1525.402099609375,138.04588317871094,42.294921875,119.07260131835938,3.933333333333333
118,2,690.5836181640625,841.9344482421875,122.708251953125,210.98626708984375,3.933333333333333
118,3,405.43658447265625,128.50973510742188,40.8653564453125,132.8269500732422,3.933333333333333
118,4,905.9024047851562,216.72718811035156,84.674560546875,129.04837036132812,3.933333333333333
118,5,212.76104736328125,440.01708984375,61.18943786621094,124.61514282226562,3.933333333333333
118,6,55.65418243408203,374.32855224609375,70.00869750976562,105.6873779296875,3.933333333333333
118,7,1654.5107421875,347.338134765625,76.3560791015625,141.9290771484375,3.933333333333333
118,8,1695.028076171875,165.21815490722656,45.4295654296875,69.41275024414062,3.933333333333333
119,1,1525.401123046875,138.10385131835938,42.34375,119.11416625976562,3.966666666666667
119,2,700.054931640625,841.47021484375,114.103515625,211.70623779296875,3.966666666666667
119,3,405.39337158203125,128.51812744140625,40.9544677734375,132.8611602783203,3.966666666666667
119,4,897.3739013671875,219.39083862304688,88.1561279296875,122.95127868652344,3.966666666666667
119,5,212.95021057128906,439.9580078125,60.729705810546875,124.20242309570312,3.966666666666667
119,6,55.57721710205078,374.35601806640625,70.15864562988281,105.75070190429688,3.966666666666667
119,7,1654.35595703125,347.3628845214844,76.3309326171875,141.86529541015625,3.966666666666667
119,8,1695.0548095703125,165.33900451660156,45.47119140625,69.17575073242188,3.966666666666667
120,1,1525.392333984375,138.34454345703125,42.3319091796875,118.77101135253906,4.0
120,2,715.1490478515625,841.428955078125,92.92388916015625,212.25006103515625,4.0
120,3,404.9389343261719,129.5137481689453,42.705322265625,133.4012908935547,4.0
120,4,888.1724853515625,225.33128356933594,98.4549560546875,109.90255737304688,4.0
120,5,212.85093688964844,440.0570068359375,60.48736572265625,124.65280151367188,4.0
120,6,55.34120178222656,374.294921875,70.51435852050781,105.79043579101562,4.0
120,7,1654.3173828125,347.3861389160156,76.0679931640625,141.73785400390625,4.0
120,8,1695.287841796875,165.8389129638672,44.3720703125,67.56988525390625,4.0
121,1,1525.3616943359375,138.56658935546875,42.367919921875,118.1581802368164,4.033333333333333
121,2,727.2644653320312,842.0768432617188,76.440185546875,214.4315185546875,4.033333333333333
121,3,405.09063720703125,129.00108337402344,41.560943603515625,132.98902893066406,4.033333333333333
121,4,881.2203369140625,226.20803833007812,96.55731201171875,103.09173583984375,4.033333333333333
121,5,212.61981201171875,439.81927490234375,60.56867980957031,124.5762939453125,4.033333333333333
121,6,54.538997650146484,374.0201721191406,72.13849639892578,106.3846435546875,4.033333333333333
121,7,1654.22998046875,347.35711669921875,75.8863525390625,141.63302612304688,4.033333333333333
121,8,1695.3984375,166.3299560546875,43.7073974609375,66.53071594238281,4.033333333333333
122,1,1525.356201171875,138.66868591308594,42.3314208984375,117.97921752929688,4.066666666666666
122,2,734.5869750976562,842.622802734375,69.171875,215.37725830078125,4.066666666666666
122,3,404.861572265625,129.79156494140625,42.76824951171875,133.37432861328125,4.066666666666666
122,4,873.0228271484375,222.83114624023438,98.6968994140625,108.67695617675781,4.066666666666666
122,5,212.600830078125,439.91192626953125,60.402374267578125,124.86618041992188,4.066666666666666
122,6,53.7959098815918,373.701904296875,73.6371841430664,107.17587280273438,4.066666666666666
122,7,1654.3316650390625,347.2865905761719,76.11328125,141.5003662109375,4.066666666666666
122,8,1695.519287109375,166.61312866210938,43.5211181640625,65.99848937988281,4.066666666666666
123,1,1525.4090576171875,138.6147003173828,42.336669921875,118.04498291015625,4.1
123,2,743.3540649414062,841.8067626953125,67.8736572265625,210.5438232421875,4.1
123,3,404.754638671875,129.9976043701172,43.282928466796875,133.62945556640625,4.1
123,4,862.9453735351562,216.31597900390625,87.9139404296875,122.10577392578125,4.1
123,5,212.70440673828125,439.91717529296875,60.07737731933594,124.99383544921875,4.1
123,6,54.04047393798828,373.7106018066406,73.01974487304688,107.5367431640625,4.1
123,7,1654.5589599609375,347.2515869140625,76.323486328125,141.46209716796875,4.1
123,8,1695.5792236328125,166.63742065429688,43.73974609375,65.84584045410156,4.1
124,1,1525.434814453125,138.59678649902344,42.3658447265625,117.92072296142578,4.133333333333334
124,2,752.2906494140625,845.198486328125,87.45025634765625,213.8109130859375,4.133333333333334
124,3,404.72467041015625,130.01922607421875,43.393310546875,133.60447692871094,4.133333333333334
124,4,845.9339599609375,211.63037109375,79.939453125,130.6595001220703,4.133333333333334
124,5,212.83514404296875,439.7652587890625,59.760650634765625,124.64663696289062,4.133333333333334
124,6,54.442466735839844,373.83917236328125,72.09173583984375,107.76181030273438,4.133333333333334
124,7,1654.6871337890625,347.20086669921875,76.4287109375,141.39706420898438,4.133333333333334
124,8,1695.581298828125,166.73165893554688,43.75830078125,65.74945068359375,4.133333333333334
125,1,1525.46630859375,138.49844360351562,42.3746337890625,117.949462890625,4.166666666666667
125,2,758.8246459960938,845.424560546875,98.39501953125,211.75177001953125,4.166666666666667
125,3,404.72119140625,130.09165954589844,43.336761474609375,133.4296417236328,4.166666666666667
125,4,838.2889404296875,216.74624633789062,80.632568359375,113.4140625,4.166666666666667
125,5,213.0426788330078,439.3787841796875,59.20343017578125,123.68270874023438,4.166666666666667
125,6,55.354042053222656,373.9112854003906,70.40829467773438,107.484619140625,4.166666666666667
125,7,1654.845947265625,347.2540283203125,76.6728515625,141.53488159179688,4.166666666666667
125,8,1695.42529296875,166.70211791992188,43.8829345703125,65.8255615234375,4.166666666666667
126,1,1525.47802734375,138.6132049560547,42.3045654296875,117.71737670898438,4.2
126,2,767.39794921875,845.1869506835938,114.03228759765625,211.10205078125,4.2
126,3,405.10614013671875,129.17672729492188,41.618438720703125,132.7308349609375,4.2
126,4,828.5010986328125,219.19390869140625,93.35150146484375,105.943603515625,4.2
126,5,213.0187530517578,439.0802001953125,58.815216064453125,123.2872314453125,4.2
126,6,56.37504196166992,373.9562683105469,68.25479888916016,107.1927490234375,4.2
126,7,1654.82421875,347.26409912109375,76.7125244140625,141.539794921875,4.2
126,8,1695.3358154296875,166.62371826171875,43.968505859375,66.13868713378906,4.2
127,1,1525.4833984375,138.66357421875,42.29345703125,117.60725402832031,4.233333333333333
127,2,771.2366943359375,844.1219482421875,116.68597412109375,211.89801025390625,4.233333333333333
127,3,405.2598876953125,128.79095458984375,40.98199462890625,132.61581420898438,4.233333333333333
127,4,820.3980102539062,220.66015625,98.0205078125,102.47090148925781,4.233333333333333
127,5,212.98390197753906,438.6231689453125,58.579681396484375,122.43414306640625,4.233333333333333
127,6,56.90312957763672,373.9671630859375,67.07026672363281,107.09417724609375,4.233333333333333
127,7,1654.9033203125,347.39422607421875,76.8958740234375,141.80645751953125,4.233333333333333
127,8,1695.231201171875,166.43658447265625,43.7691650390625,66.56266784667969,4.233333333333333
128,1,1525.4837646484375,138.69711303710938,42.3310546875,117.67872619628906,4.266666666666667
128,2,772.3902587890625,841.8013305664062,115.4754638671875,214.0693359375,4.266666666666667
128,3,405.3248291015625,128.60995483398438,40.748443603515625,132.59014892578125,4.266666666666667
128,4,812.9613037109375,223.25595092773438,106.37164306640625,99.70237731933594,4.266666666666667
128,5,212.95108032226562,438.66363525390625,58.6741943359375,122.58303833007812,4.266666666666667
128,6,57.261070251464844,374.079833984375,66.38525390625,106.82412719726562,4.266666666666667
128,7,1654.84765625,347.4071960449219,77.0081787109375,141.82659912109375,4.266666666666667
128,8,1695.231689453125,166.4498291015625,43.74609375,66.60450744628906,4.266666666666667
129,1,1525.486572265625,138.69912719726562,42.3516845703125,117.68998718261719,4.3
129,2,778.9159545898438,838.9720458984375,111.815673828125,215.7484130859375,4.3
129,3,405.323486328125,128.5808563232422,40.703216552734375,132.60462951660156,4.3
129,4,797.5787963867188,225.2097930908203,124.350341796875,98.80624389648438,4.3
129,5,214.4031524658203,432.39111328125,54.769012451171875,112.899658203125,4.3
129,6,56.189788818359375,373.43914794921875,70.06877136230469,108.73837280273438,4.3
129,7,1654.927490234375,347.431884765625,77.073486328125,141.8623046875,4.3
129,8,1695.209228515625,166.42745971679688,43.61865234375,66.59645080566406,4.3
130,1,1525.49853515625,138.6588134765625,42.3331298828125,117.66703033447266,4.333333333333333
130,2,791.58740234375,834.1219482421875,101.4658203125,217.15533447265625,4.333333333333333
130,3,405.36224365234375,128.5849609375,40.763916015625,132.6897430419922,4.333333333333333
130,4,780.5648193359375,225.765380859375,132.24444580078125,95.79737854003906,4.333333333333333
130,5,213.62046813964844,435.9228515625,56.44866943359375,118.33905029296875,4.333333333333333
130,6,57.41936492919922,373.89031982421875,66.73980712890625,107.24948120117188,4.333333333333333
130,7,1654.923828125,347.4141845703125,77.0933837890625,141.82171630859375,4.333333333333333
130,8,1695.2105712890625,166.41928100585938,43.690185546875,66.66792297363281,4.333333333333333
131,1,1525.43017578125,138.9158935546875,42.4801025390625,117.93901062011719,4.366666666666666
131,2,800.8922119140625,831.2485961914062,92.02142333984375,217.411376953125,4.366666666666666
131,3,405.41387939453125,129.26040649414062,40.973876953125,132.23719787597656,4.366666666666666
131,4,766.63525390625,225.3308563232422,129.32135009765625,93.29708862304688,4.366666666666666
131,5,213.67758178710938,436.5540771484375,57.12559509277344,119.37042236328125,4.366666666666666
131,6,58.26696014404297,373.955810546875,64.64306640625,106.98092651367188,4.366666666666666
131,7,1654.068115234375,345.9200744628906,75.2777099609375,135.8521728515625,4.366666666666666
131,8,1695.7255859375,165.9838409423828,45.4844970703125,68.44808959960938,4.366666666666666
131,28,745.430908203125,224.55099487304688,90.96636962890625,94.10078430175781,4.366666666666666
132,1,1525.395263671875,139.01156616210938,42.5498046875,118.07249450683594,4.4
132,2,814.4766845703125,827.927734375,80.87554931640625,214.00634765625,4.4
132,3,405.4316101074219,129.62728881835938,40.92584228515625,131.79632568359375,4.4
132,5,213.8426513671875,436.62091064453125,56.79022216796875,119.31027221679688,4.4
132,6,58.739906311035156,373.8878173828125,63.58578872680664,107.10406494140625,4.4
132,7,1653.8037109375,345.3199768066406,74.72412109375,133.5887451171875,4.4
132,8,1695.884765625,165.79022216796875,46.1220703125,69.00370788574219,4.4
132,28,742.997802734375,226.23342895507812,64.18756103515625,90.69526672363281,4.4
133,1,1525.408935546875,139.09823608398438,42.5478515625,118.0743637084961,4.433333333333334
133,2,827.90966796875,825.71728515625,75.75628662109375,210.2564697265625,4.433333333333334
133,3,405.419189453125,129.6495361328125,40.9725341796875,131.82601928710938,4.433333333333334
133,5,213.91397094726562,436.552490234375,56.5130615234375,119.08636474609375,4.433333333333334
133,6,58.88595199584961,373.9090576171875,63.118751525878906,107.08059692382812,4.433333333333334
133,7,1653.64599609375,344.97735595703125,74.3717041015625,132.54278564453125,4.433333333333334
133,8,1695.8248291015625,165.57135009765625,46.320556640625,69.74623107910156,4.433333333333334
133,28,743.8786010742188,227.12069702148438,63.51513671875,90.12107849121094,4.433333333333334
134,1,1525.4150390625,139.05616760253906,42.5489501953125,118.14754486083984,4.466666666666667
134,2,837.2387084960938,824.77001953125,75.81298828125,208.302001953125,4.466666666666667
134,3,405.4505615234375,129.7350311279297,41.102935791015625,131.75921630859375,4.466666666666667
134,5,213.85183715820312,437.33526611328125,56.750274658203125,120.21633911132812,4.466666666666667
134,6,59.053131103515625,373.8057556152344,62.87202072143555,107.18548583984375,4.466666666666667
134,7,1653.5926513671875,344.86199951171875,74.25634765625,132.19186401367188,4.466666666666667
134,8,1695.7724609375,165.53244018554688,46.2911376953125,69.99339294433594,4.466666666666667
134,28,738.368408203125,225.92068481445312,57.17950439453125,91.5936279296875,4.466666666666667
135,1,1525.4071044921875,138.979736328125,42.52197265625,118.04998016357422,4.5
135,2,852.946044921875,823.7138671875,90.632080078125,202.99700927734375,4.5
135,3,405.4346008300781,129.53843688964844,41.32177734375,132.1134033203125,4.5
135,5,213.5662841796875,438.27783203125,57.59657287597656,121.57626342773438,4.5
135,6,58.67152404785156,373.739501953125,63.31623840332031,107.35675048828125,4.5
135,7,1653.643310546875,344.8079833984375,74.0797119140625,131.98916625976562,4.5
135,8,1695.852294921875,165.73776245117188,46.4166259765625,69.78059387207031,4.5
135,28,728.48291015625,226.539794921875,51.9322509765625,95.858154296875,4.5
136,1,1525.369140625,139.15834045410156,42.5208740234375,117.79639434814453,4.533333333333333
136,2,865.2858276367188,824.2611083984375,104.4871826171875,200.73760986328125,4.533333333333333
136,3,405.26849365234375,129.40826416015625,41.082244873046875,131.9688262939453,4.533333333333333
136,5,213.55657958984375,438.3013610839844,57.833648681640625,121.46490478515625,4.533333333333333
136,6,58.09272003173828,373.70892333984375,64.41935729980469,107.69613647460938,4.533333333333333
136,7,1653.7816162109375,344.8211975097656,74.06982421875,132.03680419921875,4.533333333333333
136,8,1695.887451171875,165.8203887939453,46.5048828125,69.7393798828125,4.533333333333333
136,28,718.5577392578125,224.4306640625,48.98529052734375,94.59259033203125,4.533333333333333
137,1,1525.359619140625,139.2183380126953,42.5196533203125,117.6206283569336,4.566666666666666
137,2,873.123779296875,824.510009765625,117.62274169921875,200.54583740234375,4.566666666666666
137,3,405.2220458984375,129.31349182128906,40.933837890625,131.97125244140625,4.566666666666666
137,5,213.4603271484375,438.2259826660156,57.919464111328125,121.1849365234375,4.566666666666666
137,6,57.931095123291016,373.89007568359375,64.93053436279297,107.70645141601562,4.566666666666666
137,7,1653.71923828125,344.7755126953125,73.5245361328125,131.87255859375,4.566666666666666
137,8,1695.85595703125,165.90863037109375,46.494140625,69.69564819335938,4.566666666666666
137,28,711.8152465820312,222.19236755371094,49.0716552734375,92.98648071289062,4.566666666666666
138,1,1525.352783203125,139.22616577148438,42.5362548828125,117.56253051757812,4.6
138,2,882.3690185546875,823.9578857421875,135.89166259765625,200.41986083984375,4.6
138,3,405.27471923828125,129.51466369628906,40.834197998046875,131.71182250976562,4.6
138,5,213.65524291992188,438.38433837890625,57.300933837890625,121.2799072265625,4.6
138,6,58.29124069213867,373.97528076171875,64.3573226928711,107.665771484375,4.6
138,7,1653.67919921875,344.7090759277344,73.2249755859375,131.7293701171875,4.6
138,8,1695.725341796875,165.87979125976562,46.5965576171875,69.59568786621094,4.6
138,28,698.724853515625,219.0496826171875,59.00372314453125,94.45564270019531,4.6
139,1,1525.3782958984375,139.17828369140625,42.483642578125,117.60929870605469,4.633333333333334
139,2,886.8897705078125,823.3177490234375,144.54095458984375,202.286865234375,4.633333333333334
139,3,405.29150390625,129.5100860595703,40.872589111328125,131.658447265625,4.633333333333334
139,5,213.82040405273438,438.75189208984375,57.011077880859375,122.05487060546875,4.633333333333334
139,6,58.31725311279297,374.07257080078125,64.51716613769531,107.64199829101562,4.633333333333334
139,7,1654.9552001953125,346.4735107421875,75.823974609375,138.30770874023438,4.633333333333334
139,8,1695.673583984375,166.08880615234375,46.5845947265625,68.92288208007812,4.633333333333334
139,28,683.83740234375,218.7687530517578,67.98297119140625,96.89620971679688,4.633333333333334
140,1,1525.3916015625,139.13424682617188,42.3912353515625,117.58193969726562,4.666666666666667
140,2,887.5301513671875,822.5755615234375,146.119140625,201.66033935546875,4.666666666666667
140,3,405.39044189453125,129.65802001953125,40.985748291015625,131.36593627929688,4.666666666666667
140,5,214.02789306640625,438.9162292480469,56.760223388671875,122.07489013671875,4.666666666666667
140,6,58.16581726074219,374.2640380859375,64.7069091796875,107.53848266601562,4.666666666666667
140,7,1654.0517578125,345.36407470703125,74.1685791015625,134.136962890625,4.666666666666667
140,8,1695.629638671875,166.24600219726562,46.651611328125,68.52864074707031,4.666666666666667
140,28,675.9297485351562,218.57257080078125,71.545166015625,98.48773193359375,4.666666666666667
141,1,1525.4244384765625,139.05209350585938,42.365478515625,117.7223129272461,4.7
141,2,891.541259765625,820.6080322265625,144.697021484375,198.38104248046875,4.7
141,3,405.4588623046875,129.73741149902344,40.977142333984375,131.2523193359375,4.7
141,5,214.083740234375,439.16552734375,56.93254089355469,122.48049926757812,4.7
141,6,58.56302261352539,374.38409423828125,64.02953338623047,107.08453369140625,4.7
141,7,1653.6568603515625,344.88104248046875,73.683349609375,132.48623657226562,4.7
141,8,1695.57470703125,166.39761352539062,46.4649658203125,68.22525024414062,4.7
141,28,666.2376098632812,218.20899963378906,74.2752685546875,100.30770874023438,4.7
142,1,1525.453125,138.88134765625,42.3641357421875,117.95722198486328,4.733333333333333
142,2,903.0030517578125,818.61962890625,123.6859130859375,196.08148193359375,4.733333333333333
142,3,405.43841552734375,129.75450134277344,41.077728271484375,131.47091674804688,4.733333333333333
142,5,214.20040893554688,438.4979248046875,56.29450988769531,121.26473999023438,4.733333333333333
142,6,58.893577575683594,374.5233154296875,63.53193664550781,106.57925415039062,4.733333333333333
142,7,1653.668212890625,344.73834228515625,73.8131103515625,131.88330078125,4.733333333333333
142,8,1695.62109375,166.45425415039062,46.5697021484375,68.03981018066406,4.733333333333333
142,28,658.6966552734375,218.29931640625,74.29180908203125,99.23490905761719,4.733333333333333
143,1,1525.5068359375,138.6790008544922,42.302978515625,118.26022338867188,4.766666666666667
143,2,910.1907958984375,816.773681640625,112.0198974609375,193.75164794921875,4.766666666666667
143,3,405.408935546875,129.74447631835938,40.966339111328125,131.36663818359375,4.766666666666667
143,5,214.17376708984375,438.48388671875,56.41853332519531,121.38955688476562,4.766666666666667
143,6,58.926544189453125,374.66583251953125,63.515865325927734,106.32919311523438,4.766666666666667
143,7,1653.6248779296875,344.65216064453125,73.9462890625,131.66107177734375,4.766666666666667
143,8,1695.446533203125,166.29490661621094,46.4324951171875,68.0352783203125,4.766666666666667
143,28,654.4267578125,218.32196044921875,75.34906005859375,99.47344970703125,4.766666666666667
144,1,1525.5146484375,138.5521697998047,42.2838134765625,118.53805541992188,4.8
144,2,923.9757080078125,813.9244384765625,94.88482666015625,192.93603515625,4.8
144,3,405.3985900878906,129.72601318359375,40.99578857421875,131.3899383544922,4.8
144,5,214.15560913085938,438.3911437988281,56.5391845703125,121.19940185546875,4.8
144,6,59.17816925048828,374.76641845703125,63.059478759765625,105.92813110351562,4.8
144,7,1653.5244140625,344.63165283203125,74.4161376953125,131.61676025390625,4.8
144,8,1695.3349609375,166.1381072998047,46.0445556640625,67.78558349609375,4.8
144,28,648.4432373046875,218.3704833984375,75.54144287109375,98.33738708496094,4.8
145,1,1525.506103515625,138.39300537109375,42.2987060546875,118.81103515625,4.833333333333333
145,2,944.25244140625,811.7035522460938,74.48089599609375,195.1541748046875,4.833333333333333
145,3,405.40814208984375,129.7764892578125,41.0523681640625,131.22921752929688,4.833333333333333
145,5,214.2622833251953,438.4422302246094,56.61553955078125,121.2843017578125,4.833333333333333
145,6,59.59015655517578,375.05322265625,62.056732177734375,105.305419921875,4.833333333333333
145,7,1653.413330078125,344.623291015625,74.6055908203125,131.6251220703125,4.833333333333333
145,8,1695.4212646484375,166.26968383789062,46.175048828125,67.80006408691406,4.833333333333333
145,28,644.6378173828125,219.14862060546875,75.834716796875,96.40632629394531,4.833333333333333
146,1,1525.5050048828125,138.2227783203125,42.347412109375,119.14356994628906,4.866666666666666
146,2,954.902099609375,811.77099609375,67.47894287109375,198.251708984375,4.866666666666666
146,3,405.37396240234375,129.95346069335938,40.76922607421875,130.89266967773438,4.866666666666666
146,5,214.34449768066406,439.07574462890625,57.1864013671875,121.71505737304688,4.866666666666666
146,6,59.91790008544922,375.4088134765625,61.1881103515625,104.76959228515625,4.866666666666666
146,7,1653.40673828125,344.6316223144531,74.7685546875,131.63629150390625,4.866666666666666
146,8,1695.612548828125,166.56683349609375,46.3802490234375,67.8228759765625,4.866666666666666
146,28,642.2215576171875,219.41201782226562,76.448974609375,95.70768737792969,4.866666666666666
147,1,1525.508056640625,138.03445434570312,42.39794921875,119.40546417236328,4.9
147,2,966.6806640625,809.0914306640625,63.38018798828125,192.826171875,4.9
147,3,405.29534912109375,130.01992797851562,40.648406982421875,130.83709716796875,4.9
147,5,214.5748291015625,439.06805419921875,57.387237548828125,121.5858154296875,4.9
147,6,60.121612548828125,375.7530822753906,60.720306396484375,104.03326416015625,4.9
147,7,1653.3564453125,344.7338562011719,74.9547119140625,131.75714111328125,4.9
147,8,1695.615478515625,166.5758056640625,46.4326171875,67.94374084472656,4.9
147,28,638.9705810546875,219.5936279296875,78.9906005859375,95.14381408691406,4.9
148,1,1525.500732421875,137.97012329101562,42.4298095703125,119.47016906738281,4.933333333333334
148,2,976.9814453125,803.2258911132812,62.45855712890625,184.3211669921875,4.933333333333334
148,3,405.2288513183594,129.9364013671875,40.6937255859375,130.89312744140625,4.933333333333334
148,5,214.49600219726562,439.4399719238281,57.72981262207031,122.06207275390625,4.933333333333334
148,6,59.97896194458008,375.92041015625,61.048912048339844,103.77078247070312,4.933333333333334
148,7,1653.311279296875,344.8793029785156,75.168212890625,132.0203857421875,4.933333333333334
148,8,1695.6357421875,166.47113037109375,46.21337890625,67.9334716796875,4.933333333333334
148,28,633.8462524414062,220.03097534179688,87.2696533203125,94.99513244628906,4.933333333333334
149,1,1525.507080078125,138.0131072998047,42.4259033203125,119.4608383178711,4.966666666666667
149,2,984.646484375,801.526611328125,64.217041015625,179.69525146484375,4.966666666666667
149,3,405.22943115234375,129.879150390625,40.762725830078125,130.92398071289062,4.966666666666667
149,5,214.54232788085938,439.74639892578125,58.077117919921875,122.52468872070312,4.966666666666667
149,6,60.0167236328125,375.992919921875,61.12786865234375,103.49520874023438,4.966666666666667
149,7,1653.3212890625,344.94537353515625,75.474853515625,132.120849609375,4.966666666666667
149,8,1695.60205078125,166.38226318359375,46.2086181640625,67.91600036621094,4.966666666666667
149,28,632.144775390625,220.22930908203125,90.30328369140625,95.1807861328125,4.966666666666667
150,1,1525.484619140625,137.99859619140625,42.4420166015625,119.59822845458984,5.0
150,2,993.59375,800.9793701171875,72.56622314453125,177.24139404296875,5.0
150,3,405.26422119140625,130.03146362304688,40.819091796875,130.6365203857422,5.0
150,5,214.85684204101562,440.27508544921875,58.7672119140625,123.17105102539062,5.0
150,6,60.2100944519043,376.1805419921875,60.64551544189453,103.10824584960938,5.0
150,7,1653.375244140625,345.1124267578125,75.7591552734375,132.39419555664062,5.0
150,8,1695.71728515625,166.24945068359375,46.3990478515625,68.20140075683594,5.0
150,28,635.0438842773438,219.9402618408203,87.0274658203125,94.97720336914062,5.0
151,1,1525.497802734375,137.9714813232422,42.4219970703125,119.4428482055664,5.033333333333333
151,2,1004.28076171875,802.298828125,87.40264892578125,181.62652587890625,5.033333333333333
151,3,405.281494140625,130.09442138671875,40.667938232421875,130.5633087158203,5.033333333333333
151,5,215.07388305664062,440.21588134765625,58.70375061035156,122.93777465820312,5.033333333333333
151,6,59.885292053222656,376.12725830078125,61.40290832519531,103.00048828125,5.033333333333333
151,7,1653.4609375,345.08074951171875,75.906982421875,132.34561157226562,5.033333333333333
151,8,1695.756591796875,165.96954345703125,46.478271484375,68.5618896484375,5.033333333333333
151,28,639.1251831054688,218.94419860839844,90.809814453125,96.25265502929688,5.033333333333333
152,1,1525.473388671875,137.93446350097656,42.4913330078125,119.47683715820312,5.066666666666666
152,2,1012.94921875,801.9155883789062,102.63385009765625,181.47412109375,5.066666666666666
152,3,405.24090576171875,130.02073669433594,40.600799560546875,130.66110229492188,5.066666666666666
152,5,214.97457885742188,440.42388916015625,59.09864807128906,123.29818725585938,5.066666666666666
152,6,60.06660461425781,376.39044189453125,60.936065673828125,102.45333862304688,5.066666666666666
152,7,1653.42578125,345.11883544921875,76.1702880859375,132.52291870117188,5.066666666666666
152,8,1695.773193359375,165.7429656982422,46.54736328125,68.68624877929688,5.066666666666666
152,28,641.02294921875,217.76473999023438,96.78546142578125,97.8099365234375,5.066666666666666
153,1,1525.435302734375,137.9144744873047,42.644287109375,119.54196166992188,5.1
153,2,1026.345947265625,800.6875610351562,119.97247314453125,182.2728271484375,5.1
153,3,405.2192687988281,129.90443420410156,40.5626220703125,130.81765747070312,5.1
153,5,215.1444854736328,439.74652099609375,58.6612548828125,121.9609375,5.1
153,6,60.444366455078125,376.5238342285156,60.11354446411133,102.03167724609375,5.1
153,7,1653.44970703125,345.0806884765625,75.798583984375,132.54168701171875,5.1
153,8,1695.75732421875,165.6243438720703,46.2838134765625,68.45831298828125,5.1
153,28,643.4193115234375,216.5272674560547,95.58343505859375,98.93624877929688,5.1
154,1,1525.3858642578125,137.91815185546875,42.72216796875,119.54939270019531,5.133333333333334
154,2,1038.9420166015625,799.2879028320312,123.39324951171875,185.2044677734375,5.133333333333334
154,3,405.22540283203125,129.8629150390625,40.706085205078125,131.1076202392578,5.133333333333334
154,5,215.09043884277344,440.14593505859375,58.7730712890625,122.56735229492188,5.133333333333334
154,6,60.634395599365234,376.74615478515625,59.598060607910156,101.77713012695312,5.133333333333334
154,7,1653.4981689453125,345.104248046875,76.10009765625,132.80471801757812,5.133333333333334
154,8,1695.687744140625,165.69097900390625,46.4739990234375,68.53424072265625,5.133333333333334
154,28,651.513671875,215.54953002929688,106.27935791015625,103.10289001464844,5.133333333333334
155,1,1525.401123046875,137.81729125976562,42.6763916015625,119.66240692138672,5.166666666666667
155,2,1048.113525390625,799.5849609375,121.3194580078125,187.57366943359375,5.166666666666667
155,3,405.24072265625,129.83969116210938,40.918792724609375,131.234619140625,5.166666666666667
155,5,215.14154052734375,439.9502258300781,58.78117370605469,122.22406005859375,5.166666666666667
155,6,60.57636260986328,376.8268127441406,59.665618896484375,101.80914306640625,5.166666666666667
155,7,1653.5186767578125,345.0469665527344,75.70654296875,132.705078125,5.166666666666667
155,8,1695.6099853515625,165.68240356445312,46.4521484375,68.51043701171875,5.166666666666667
155,28,655.388671875,213.8370361328125,111.59307861328125,104.6600341796875,5.166666666666667
156,1,1525.377685546875,137.87155151367188,42.6683349609375,119.54009246826172,5.2
156,2,1057.3125,799.1793823242188,103.51715087890625,187.7022705078125,5.2
156,3,405.2346496582031,130.04002380371094,41.17852783203125,130.98016357421875,5.2
156,5,215.20448303222656,440.01849365234375,58.75,122.42852783203125,5.2
156,6,60.293609619140625,376.9159240722656,60.223941802978516,102.00396728515625,5.2
156,7,1653.57373046875,345.22723388671875,75.7923583984375,132.86312866210938,5.2
156,8,1695.627685546875,165.97616577148438,46.6895751953125,68.15638732910156,5.2
156,28,658.633544921875,212.22535705566406,110.68524169921875,107.40542602539062,5.2
157,1,1525.360107421875,137.93408203125,42.683837890625,119.50572967529297,5.233333333333333
157,2,1069.09228515625,796.8192138671875,84.0948486328125,190.00872802734375,5.233333333333333
157,3,405.31329345703125,130.01170349121094,41.28668212890625,131.01730346679688,5.233333333333333
157,5,215.26515197753906,439.87750244140625,58.714111328125,122.31625366210938,5.233333333333333
157,6,60.45219802856445,377.1731872558594,59.800254821777344,101.51092529296875,5.233333333333333
157,7,1653.4100341796875,345.2466125488281,75.530029296875,132.79901123046875,5.233333333333333
157,8,1695.640380859375,166.16839599609375,46.7926025390625,67.7855224609375,5.233333333333333
157,28,661.63818359375,211.57293701171875,104.0211181640625,108.51066589355469,5.233333333333333
158,1,1525.3623046875,137.90040588378906,42.6580810546875,119.34982299804688,5.266666666666667
158,2,1077.201171875,795.35498046875,74.1915283203125,191.86822509765625,5.266666666666667
158,3,405.2823486328125,130.00604248046875,41.123992919921875,130.84193420410156,5.266666666666667
158,5,215.25888061523438,439.96142578125,58.79154968261719,122.69973754882812,5.266666666666667
158,6,60.15741729736328,377.3016357421875,60.426513671875,101.35293579101562,5.266666666666667
158,7,1654.664794921875,347.0760498046875,77.96435546875,139.36325073242188,5.266666666666667
158,8,1695.606201171875,166.09869384765625,46.6865234375,67.78303527832031,5.266666666666667
158,28,665.4874267578125,211.04783630371094,95.36883544921875,109.15969848632812,5.266666666666667
159,1,1525.3798828125,137.84893798828125,42.6151123046875,118.82505798339844,5.3
159,2,1086.468017578125,793.9442138671875,69.8306884765625,193.16534423828125,5.3
159,3,405.33148193359375,129.95069885253906,41.03057861328125,130.7958984375,5.3
159,5,215.26971435546875,439.78302001953125,58.91680908203125,122.16131591796875,5.3
159,6,59.563968658447266,377.1815185546875,61.62439727783203,101.78652954101562,5.3
159,7,1653.528564453125,345.9066467285156,75.8695068359375,135.3919677734375,5.3
159,8,1695.5179443359375,165.92364501953125,46.59521484375,68.11012268066406,5.3
159,28,672.01904296875,211.66390991210938,86.619384765625,108.80784606933594,5.3
160,1,1525.441650390625,137.85662841796875,42.5645751953125,118.90171813964844,5.333333333333333
160,2,1094.8087158203125,791.7523193359375,72.694580078125,193.41937255859375,5.333333333333333
160,3,405.29888916015625,129.83233642578125,40.975128173828125,130.9740447998047,5.333333333333333
160,5,215.11044311523438,439.9779052734375,58.94622802734375,122.57638549804688,5.333333333333333
160,6,59.28913879394531,377.18212890625,62.17106246948242,101.88775634765625,5.333333333333333
160,7,1652.885986328125,345.34381103515625,74.64208984375,133.59170532226562,5.333333333333333
160,8,1695.6383056640625,165.60848999023438,46.3427734375,68.19062805175781,5.333333333333333
160,28,679.9974975585938,210.95260620117188,74.8211669921875,109.59629821777344,5.333333333333333
161,1,1525.517578125,137.8299102783203,42.5186767578125,119.03158569335938,5.366666666666666
161,2,1100.6142578125,791.4212036132812,74.4488525390625,194.3575439453125,5.366666666666666
161,3,405.30023193359375,129.67813110351562,41.039581298828125,131.26182556152344,5.366666666666666
161,5,214.96649169921875,440.1181335449219,59.12615966796875,122.5693359375,5.366666666666666
161,6,59.01934051513672,377.2331848144531,62.67304611206055,101.89959716796875,5.366666666666666
161,7,1654.13037109375,346.91302490234375,76.8695068359375,139.24948120117188,5.366666666666666
161,8,1695.464111328125,165.26556396484375,46.2313232421875,68.23542785644531,5.366666666666666
161,28,685.583740234375,210.4136505126953,67.38299560546875,110.51559448242188,5.366666666666666
162,1,1525.598876953125,137.6022186279297,42.4281005859375,119.3854751586914,5.4
162,2,1107.814208984375,789.1521606445312,69.9976806640625,194.9677734375,5.4
162,3,405.2474365234375,129.57896423339844,40.97869873046875,131.31417846679688,5.4
162,5,214.8240966796875,439.63262939453125,58.58123779296875,121.52703857421875,5.4
162,6,59.126609802246094,376.99609375,62.357666015625,102.26092529296875,5.4
162,7,1654.5174560546875,347.434814453125,77.269287109375,141.0494384765625,5.4
162,8,1695.361083984375,164.72457885742188,46.156005859375,69.09791564941406,5.4
162,28,690.3585815429688,210.164306640625,70.3720703125,113.74769592285156,5.4
163,1,1525.63037109375,137.514892578125,42.4217529296875,119.41552734375,5.433333333333334
163,2,1116.6500244140625,786.9686279296875,72.4892578125,187.63446044921875,5.433333333333334
163,3,405.245361328125,129.52572631835938,40.910614013671875,131.2303466796875,5.433333333333334
163,5,214.49972534179688,439.67376708984375,58.25486755371094,121.59085083007812,5.433333333333334
163,6,59.32159423828125,376.78741455078125,62.00129318237305,102.51242065429688,5.433333333333334
163,7,1654.6090087890625,347.5610656738281,77.393798828125,141.40673828125,5.433333333333334
163,8,1695.2437744140625,164.57415771484375,46.095947265625,69.64530944824219,5.433333333333334
163,28,696.0226440429688,209.93638610839844,70.20751953125,118.13253784179688,5.433333333333334
164,1,1525.671630859375,137.4561309814453,42.444580078125,119.5872573852539,5.466666666666667
164,2,1122.76123046875,784.93115234375,74.5321044921875,183.69232177734375,5.466666666666667
164,3,405.2716369628906,129.4381103515625,40.96820068359375,131.433349609375,5.466666666666667
164,5,214.27346801757812,439.6923828125,58.16563415527344,121.61785888671875,5.466666666666667
164,6,59.31829071044922,376.6298828125,62.185359954833984,103.05908203125,5.466666666666667
164,7,1651.712646484375,344.82647705078125,73.842041015625,134.42657470703125,5.466666666666667
164,8,1695.373779296875,164.46337890625,46.3148193359375,69.57273864746094,5.466666666666667
164,28,699.8519287109375,209.92825317382812,71.5614013671875,121.67295837402344,5.466666666666667
165,1,1525.59423828125,137.68914794921875,42.5091552734375,119.37406158447266,5.5
165,2,1130.71923828125,783.8184814453125,80.2625732421875,187.23492431640625,5.5
165,3,405.22882080078125,129.45809936523438,40.879730224609375,131.40496826171875,5.5
165,5,214.12484741210938,439.6304626464844,57.955841064453125,121.40325927734375,5.5
165,6,59.4166259765625,376.5606689453125,61.946624755859375,103.28121948242188,5.5
165,7,1651.90576171875,344.54217529296875,73.1583251953125,131.88888549804688,5.5
165,8,1695.3988037109375,164.5834503173828,46.316162109375,69.608154296875,5.5
165,28,705.2884521484375,209.87213134765625,71.73126220703125,123.26942443847656,5.5
166,1,1525.5703125,137.79754638671875,42.5379638671875,119.17633819580078,5.533333333333333
166,2,1139.847900390625,783.103515625,90.7742919921875,189.84149169921875,5.533333333333333
166,3,405.16943359375,129.3358612060547,40.957366943359375,131.5189666748047,5.533333333333333
166,5,214.19515991210938,439.4685363769531,57.79585266113281,120.9432373046875,5.533333333333333
166,6,59.81768798828125,376.38690185546875,61.21696472167969,103.70269775390625,5.533333333333333
166,7,1653.35595703125,346.5360107421875,75.1005859375,137.7666015625,5.533333333333333
166,8,1695.470703125,164.5860595703125,46.4407958984375,69.63316345214844,5.533333333333333
166,28,715.7862548828125,210.42724609375,66.42095947265625,124.221435546875,5.533333333333333
167,1,1525.5928955078125,137.78921508789062,42.529296875,119.16214752197266,5.566666666666666
167,2,1146.30078125,783.1001586914062,95.6339111328125,191.20068359375,5.566666666666666
167,3,405.15679931640625,129.3851776123047,40.820465087890625,131.3762969970703,5.566666666666666
167,5,214.18679809570312,439.1150207519531,57.61756896972656,120.00341796875,5.566666666666666
167,6,60.14558410644531,376.44000244140625,60.56003952026367,103.576171875,5.566666666666666
167,7,1653.84033203125,347.35235595703125,75.6273193359375,139.98638916015625,5.566666666666666
167,8,1695.47021484375,164.761962890625,46.4525146484375,69.42179870605469,5.566666666666666
167,28,726.1630859375,211.0589599609375,54.44415283203125,123.47401428222656,5.566666666666666
168,1,1525.54931640625,137.90377807617188,42.5950927734375,118.98582458496094,5.6
168,2,1153.885009765625,782.9453125,96.6668701171875,195.425048828125,5.6
168,3,405.1412353515625,129.45445251464844,40.694122314453125,131.15895080566406,5.6
168,5,213.90447998046875,439.09027099609375,57.6497802734375,119.88470458984375,5.6
168,6,60.34295654296875,376.3736572265625,60.110469818115234,103.55767822265625,5.6
168,7,1654.0499267578125,347.628173828125,76.16259765625,140.70523071289062,5.6
168,8,1695.4046630859375,164.8438720703125,46.625,69.33790588378906,5.6
168,28,734.836181640625,210.60708618164062,49.92889404296875,122.96717834472656,5.6
169,1,1525.564453125,137.88584899902344,42.5787353515625,118.9887466430664,5.633333333333334
169,2,1160.4222412109375,785.3053588867188,98.56494140625,192.322998046875,5.633333333333334
169,3,405.08367919921875,129.5626678466797,40.53271484375,131.00759887695312,5.633333333333334
169,5,213.77818298339844,439.002197265625,57.468536376953125,119.62905883789062,5.633333333333334
169,6,60.539878845214844,376.29486083984375,59.72055435180664,103.47116088867188,5.633333333333334
169,7,1654.072021484375,347.764892578125,76.0849609375,140.92111206054688,5.633333333333334
169,8,1695.462158203125,164.97540283203125,46.664306640625,69.18174743652344,5.633333333333334
169,28,743.37646484375,209.73886108398438,48.828125,124.44781494140625,5.633333333333334
170,1,1525.550048828125,137.9424591064453,42.6090087890625,118.9620590209961,5.666666666666667
170,2,1164.115966796875,787.9830932617188,99.845458984375,189.6170654296875,5.666666666666667
170,3,405.0831298828125,129.61744689941406,40.442047119140625,130.8355712890625,5.666666666666667
170,5,213.80807495117188,438.8448486328125,57.33235168457031,119.29608154296875,5.666666666666667
170,6,60.69541931152344,376.30828857421875,59.39903259277344,103.25311279296875,5.666666666666667
170,7,1654.029052734375,347.9267578125,76.1409912109375,141.08901977539062,5.666666666666667
170,8,1695.557861328125,164.9378662109375,46.5792236328125,69.11140441894531,5.666666666666667
170,28,747.1788330078125,210.3399658203125,50.41290283203125,123.73980712890625,5.666666666666667
171,1,1525.5179443359375,137.9779815673828,42.599365234375,118.86341094970703,5.7
171,2,1171.08056640625,789.0338745117188,102.4647216796875,189.004150390625,5.7
171,3,405.054931640625,129.63577270507812,40.443572998046875,130.75860595703125,5.7
171,5,213.6068572998047,438.8636779785156,57.006439208984375,118.78204345703125,5.7
171,6,60.334896087646484,375.8311767578125,60.139060974121094,104.06338500976562,5.7
171,7,1653.937255859375,348.05926513671875,76.2210693359375,141.12521362304688,5.7
171,8,1695.57568359375,165.07505798339844,46.4862060546875,68.95938110351562,5.7
171,28,755.44287109375,210.47909545898438,51.0426025390625,123.57380676269531,5.7
172,1,1525.5994873046875,137.654296875,42.55908203125,119.26072692871094,5.733333333333333
172,2,1182.3720703125,789.1412353515625,106.657958984375,188.0174560546875,5.733333333333333
172,3,405.0341796875,129.59996032714844,40.472076416015625,130.70477294921875,5.733333333333333
172,5,213.42034912109375,438.88555908203125,56.85453796386719,118.42141723632812,5.733333333333333
172,6,60.455345153808594,375.529541015625,59.934295654296875,104.24148559570312,5.733333333333333
172,7,1653.848388671875,348.0596923828125,76.1712646484375,141.08956909179688,5.733333333333333
172,8,1695.583251953125,165.0566864013672,46.3843994140625,68.83770751953125,5.733333333333333
172,28,767.495361328125,210.05575561523438,58.71697998046875,124.37501525878906,5.733333333333333
173,1,1525.63037109375,137.50218200683594,42.5130615234375,119.4604721069336,5.766666666666667
173,2,1190.8931884765625,788.8062133789062,109.966796875,187.409423828125,5.766666666666667
173,3,405.0231018066406,129.58148193359375,40.54437255859375,130.82205200195312,5.766666666666667
173,5,213.3691864013672,438.7655029296875,56.86407470703125,118.12924194335938,5.766666666666667
173,6,60.64250946044922,375.30511474609375,59.49688720703125,104.39523315429688,5.766666666666667
173,7,1653.8436279296875,348.2243347167969,75.956298828125,141.38043212890625,5.766666666666667
173,8,1695.6368408203125,165.1183624267578,46.602294921875,69.07687377929688,5.766666666666667
173,28,776.7962646484375,211.34814453125,61.6583251953125,125.64122009277344,5.766666666666667
174,1,1525.6370849609375,137.47409057617188,42.5224609375,119.54048156738281,5.8
174,2,1199.57275390625,788.4539794921875,114.1973876953125,186.44476318359375,5.8
174,3,405.0186767578125,129.41522216796875,40.76422119140625,131.3251190185547,5.8
174,5,213.64669799804688,438.2266845703125,56.74195861816406,117.06475830078125,5.8
174,6,60.730262756347656,375.45196533203125,59.0557861328125,104.24774169921875,5.8
174,7,1653.804443359375,348.2218017578125,76.394775390625,141.35589599609375,5.8
174,8,1695.6868896484375,165.10385131835938,46.772216796875,69.15582275390625,5.8
174,28,786.3380126953125,213.68020629882812,68.7347412109375,121.34452819824219,5.8
175,1,1525.5743408203125,137.68756103515625,42.55517578125,119.35494232177734,5.833333333333333
175,2,1204.27734375,787.603271484375,115.1619873046875,188.98065185546875,5.833333333333333
175,3,405.0321044921875,129.43319702148438,40.771636962890625,131.34921264648438,5.833333333333333
175,5,213.90953063964844,437.7309875488281,56.5755615234375,116.20233154296875,5.833333333333333
175,6,60.80253219604492,375.55096435546875,58.739479064941406,103.92684936523438,5.833333333333333
175,7,1653.861328125,348.205810546875,76.5362548828125,141.3271484375,5.833333333333333
175,8,1695.70166015625,165.19586181640625,46.8631591796875,69.10111999511719,5.833333333333333
175,28,794.4740600585938,214.4386444091797,74.2720947265625,120.05746459960938,5.833333333333333
176,1,1525.5614013671875,137.52980041503906,42.611083984375,119.50228118896484,5.866666666666666
176,2,1206.9749755859375,787.6021118164062,110.038330078125,187.54931640625,5.866666666666666
176,3,405.0595703125,129.44630432128906,40.74334716796875,131.24374389648438,5.866666666666666
176,5,214.01370239257812,437.3895568847656,56.31355285644531,115.42303466796875,5.866666666666666
176,6,60.85741424560547,375.5230407714844,58.60661697387695,103.716064453125,5.866666666666666
176,7,1653.8360595703125,348.10601806640625,76.435546875,141.12503051757812,5.866666666666666
176,8,1695.7266845703125,165.2964630126953,46.857421875,68.77035522460938,5.866666666666666
176,28,797.30029296875,215.1298828125,77.39898681640625,120.15376281738281,5.866666666666666
177,1,1525.570556640625,137.46995544433594,42.6141357421875,119.52544403076172,5.9
177,2,1208.9755859375,786.32275390625,105.427978515625,187.38775634765625,5.9
177,3,405.03070068359375,129.36582946777344,40.77801513671875,131.42156982421875,5.9
177,5,213.9923095703125,437.2440185546875,55.99690246582031,115.286376953125,5.9
177,6,60.89204788208008,375.622314453125,58.48792266845703,103.46566772460938,5.9
177,7,1653.9339599609375,348.1043395996094,76.217529296875,141.131103515625,5.9
177,8,1695.679931640625,165.44064331054688,46.8741455078125,68.43568420410156,5.9
177,28,799.1248779296875,216.26266479492188,76.7481689453125,118.64898681640625,5.9
178,1,1525.5450439453125,137.534912109375,42.625,119.58816528320312,5.933333333333334
178,2,1212.14404296875,783.6680908203125,104.547119140625,191.66351318359375,5.933333333333334
178,3,405.03680419921875,129.38671875,40.751495361328125,131.3632049560547,5.933333333333334
178,5,214.106201171875,437.1966552734375,55.76673889160156,115.111572265625,5.933333333333334
178,6,60.97301483154297,375.6846008300781,58.31474304199219,103.335693359375,5.933333333333334
178,7,1653.9200439453125,348.045654296875,76.196044921875,141.03884887695312,5.933333333333334
178,8,1695.6461181640625,165.40672302246094,46.86474609375,68.3175048828125,5.933333333333334
178,28,800.8973388671875,217.94671630859375,75.219970703125,115.32159423828125,5.933333333333334
179,1,1525.543212890625,137.56825256347656,42.6405029296875,119.61386108398438,5.966666666666667
179,2,1202.257080078125,782.59375,79.1011962890625,195.0584716796875,5.966666666666667
179,3,405.0298767089844,129.37936401367188,40.73968505859375,131.27810668945312,5.966666666666667
179,5,214.2007598876953,437.0966796875,55.517547607421875,115.07357788085938,5.966666666666667
179,6,61.519256591796875,375.68890380859375,57.16837692260742,103.12728881835938,5.966666666666667
179,7,1653.959716796875,348.032470703125,75.7330322265625,141.0274658203125,5.966666666666667
179,8,1695.62744140625,165.50323486328125,46.8397216796875,68.28196716308594,5.966666666666667
179,28,803.1473388671875,218.15878295898438,71.481201171875,117.89356994628906,5.966666666666667
180,1,1525.3055419921875,137.884765625,43.15478515625,119.62834167480469,6.0
180,2,1197.460205078125,780.3347778320312,68.99072265625,196.3817138671875,6.0
180,3,405.1690673828125,129.30435180664062,40.745635986328125,131.52139282226562,6.0
180,5,214.3424835205078,437.5115051269531,56.02130126953125,115.91033935546875,6.0
180,6,61.341583251953125,375.4443054199219,57.735416412353516,103.70538330078125,6.0
180,7,1653.85205078125,348.1285400390625,74.9237060546875,141.31536865234375,6.0
180,8,1695.747802734375,164.83877563476562,46.422607421875,69.83819580078125,6.0
180,28,807.427978515625,215.74716186523438,64.26263427734375,120.86302185058594,6.0
181,1,1525.1494140625,137.97628784179688,43.4090576171875,119.38396453857422,6.033333333333333
181,2,1200.811279296875,773.166259765625,79.2825927734375,193.018310546875,6.033333333333333
181,3,405.2132568359375,129.3803253173828,40.522247314453125,131.35546875,6.033333333333333
181,5,214.42523193359375,437.59893798828125,56.1258544921875,116.13003540039062,6.033333333333333
181,6,61.26177215576172,375.37164306640625,57.906219482421875,103.98165893554688,6.033333333333333
181,7,1653.869384765625,348.16607666015625,74.7200927734375,141.38424682617188,6.033333333333333
181,8,1695.755126953125,164.56500244140625,46.1656494140625,70.22068786621094,6.033333333333333
181,28,812.5831298828125,213.97811889648438,55.07086181640625,121.53704833984375,6.033333333333333
182,1,1525.055908203125,138.04339599609375,43.5623779296875,119.38691711425781,6.066666666666666
182,2,1205.4952392578125,767.0781860351562,91.489013671875,186.0579833984375,6.066666666666666
182,3,405.2517395019531,129.5257110595703,40.4464111328125,131.1793212890625,6.066666666666666
182,5,214.77713012695312,437.14617919921875,55.912200927734375,115.36273193359375,6.066666666666666
182,6,61.30462646484375,375.4651794433594,57.656864166259766,103.81610107421875,6.066666666666666
182,7,1653.81787109375,348.33074951171875,74.7071533203125,141.7076416015625,6.066666666666666
182,8,1695.84765625,164.68197631835938,46.3409423828125,70.091796875,6.066666666666666
182,28,814.942626953125,213.42633056640625,49.65728759765625,121.53985595703125,6.066666666666666
183,1,1525.008544921875,137.9847412109375,43.594970703125,119.33258819580078,6.1
183,2,1213.0450439453125,762.7255249023438,109.53369140625,187.33837890625,6.1
183,3,405.2686462402344,129.44024658203125,40.5772705078125,131.41627502441406,6.1
183,5,214.76235961914062,437.4527587890625,56.063385009765625,115.97415161132812,6.1
183,6,61.40320587158203,375.56524658203125,57.40365982055664,103.74703979492188,6.1
183,7,1653.779541015625,348.3350830078125,74.6910400390625,141.69204711914062,6.1
183,8,1695.702392578125,164.53799438476562,45.761962890625,70.27935791015625,6.1
183,28,818.8551635742188,211.6369171142578,48.3846435546875,124.52188110351562,6.1
184,1,1525.0130615234375,137.94578552246094,43.559814453125,119.52368927001953,6.133333333333334
184,2,1210.267822265625,758.033447265625,100.4346923828125,190.12713623046875,6.133333333333334
184,3,405.30584716796875,129.4261016845703,40.646820068359375,131.41250610351562,6.133333333333334
184,5,214.61456298828125,437.34881591796875,55.92189025878906,116.19989013671875,6.133333333333334
184,6,61.99858856201172,375.86090087890625,56.1308708190918,102.96884155273438,6.133333333333334
184,7,1653.7998046875,348.2491455078125,74.4381103515625,141.53683471679688,6.133333333333334
184,8,1695.6812744140625,164.59259033203125,45.384033203125,70.57914733886719,6.133333333333334
184,28,823.62109375,207.8252716064453,50.31011962890625,131.13064575195312,6.133333333333334
185,1,1525.024658203125,138.01150512695312,43.5506591796875,119.53511047363281,6.166666666666667
185,2,1207.220458984375,754.595703125,92.2196044921875,192.8641357421875,6.166666666666667
185,3,405.3155212402344,129.40248107910156,40.75897216796875,131.42559814453125,6.166666666666667
185,5,214.6517791748047,437.22821044921875,55.730743408203125,115.94876098632812,6.166666666666667
185,6,62.29228973388672,375.8807678222656,55.521854400634766,102.8026123046875,6.166666666666667
185,7,1653.767333984375,348.2436828613281,74.781005859375,141.97833251953125,6.166666666666667
185,8,1695.6197509765625,164.62069702148438,45.14501953125,70.50682067871094,6.166666666666667
185,28,827.106689453125,205.55650329589844,52.76300048828125,132.95968627929688,6.166666666666667
186,1,1525.006591796875,138.02304077148438,43.56103515625,119.642822265625,6.2
186,2,1204.12158203125,750.4444580078125,78.4644775390625,199.79827880859375,6.2
186,3,405.3473205566406,129.3019561767578,41.0325927734375,131.7045440673828,6.2
186,5,214.643798828125,436.994873046875,55.75971984863281,115.72952270507812,6.2
186,6,62.01729965209961,375.87298583984375,56.22034454345703,102.84036254882812,6.2
186,7,1652.7364501953125,345.84332275390625,72.6826171875,135.16082763671875,6.2
186,8,1695.548583984375,164.60333251953125,45.0260009765625,70.36091613769531,6.2
186,28,831.248291015625,204.06996154785156,56.41607666015625,132.43423461914062,6.2
187,1,1525.023681640625,138.0536651611328,43.568115234375,119.73379516601562,6.233333333333333
187,2,1201.062744140625,747.2691040039062,75.3228759765625,200.0921630859375,6.233333333333333
187,3,405.35546875,129.20822143554688,41.201690673828125,131.99264526367188,6.233333333333333
187,5,214.75924682617188,437.0629577636719,56.06166076660156,116.204833984375,6.233333333333333
187,6,62.03287887573242,375.8902587890625,56.25859832763672,102.79183959960938,6.233333333333333
187,7,1652.396240234375,344.9057922363281,72.216796875,132.37164306640625,6.233333333333333
187,8,1695.4832763671875,164.83453369140625,44.977294921875,69.853759765625,6.233333333333333
187,28,835.594482421875,202.93499755859375,62.98443603515625,132.3450164794922,6.233333333333333
188,1,1525.032470703125,138.07797241210938,43.5540771484375,119.72672271728516,6.266666666666667
188,2,1201.4349365234375,746.34326171875,77.598388671875,200.9830322265625,6.266666666666667
188,3,405.35760498046875,129.11907958984375,41.334869384765625,132.15924072265625,6.266666666666667
188,5,214.73426818847656,436.9942626953125,56.11505126953125,116.36038208007812,6.266666666666667
188,6,62.11334228515625,375.965576171875,56.20766067504883,102.66696166992188,6.266666666666667
188,7,1652.2850341796875,344.54412841796875,72.29736328125,131.30673217773438,6.266666666666667
188,8,1695.460693359375,165.34915161132812,45.10009765625,68.85630798339844,6.266666666666667
188,28,838.652099609375,203.79409790039062,67.47833251953125,128.56480407714844,6.266666666666667
189,1,1525.0526123046875,138.06629943847656,43.498291015625,119.67581939697266,6.3
189,2,1207.551513671875,746.041259765625,86.336669921875,202.10736083984375,6.3
189,3,405.4014587402344,129.20260620117188,41.22412109375,132.13714599609375,6.3
189,5,214.77899169921875,436.9065246582031,56.12028503417969,116.224853515625,6.3
189,6,62.104408264160156,375.9921875,56.1505126953125,102.54574584960938,6.3
189,7,1652.184326171875,344.40655517578125,73.3310546875,131.2694091796875,6.3
189,8,1695.489990234375,165.47244262695312,45.2039794921875,68.56124877929688,6.3
189,28,841.7661743164062,207.17535400390625,76.876953125,120.28617858886719,6.3
190,1,1525.095458984375,138.03799438476562,43.3843994140625,119.58406066894531,6.333333333333333
190,2,1212.585693359375,745.7457275390625,91.04931640625,201.398681640625,6.333333333333333
190,3,405.36895751953125,129.07440185546875,41.225799560546875,132.34486389160156,6.333333333333333
190,5,214.72650146484375,436.9498596191406,56.090179443359375,116.4808349609375,6.333333333333333
190,6,62.117454528808594,375.89642333984375,56.19289016723633,102.46054077148438,6.333333333333333
190,7,1652.28173828125,344.26422119140625,73.1290283203125,131.39718627929688,6.333333333333333
190,8,1695.435546875,165.37741088867188,45.2457275390625,68.96879577636719,6.333333333333333
190,28,844.8577270507812,205.98858642578125,80.355712890625,121.0108642578125,6.333333333333333
191,1,1525.13916015625,138.05322265625,43.2874755859375,119.52739715576172,6.366666666666666
191,2,1215.197265625,745.243896484375,94.5736083984375,201.70166015625,6.366666666666666
191,3,405.4117431640625,129.0797119140625,41.2874755859375,132.55111694335938,6.366666666666666
191,5,214.62783813476562,437.2394714355469,56.34043884277344,116.9146728515625,6.366666666666666
191,6,62.09210205078125,375.93994140625,56.18642044067383,102.52505493164062,6.366666666666666
191,7,1652.4686279296875,344.0860290527344,72.71142578125,131.26885986328125,6.366666666666666
191,8,1695.4803466796875,165.3450927734375,45.10498046875,69.06480407714844,6.366666666666666
191,28,845.7119750976562,206.6367645263672,83.6614990234375,119.01974487304688,6.366666666666666
192,1,1525.1083984375,138.13812255859375,43.3187255859375,119.34749603271484,6.4
192,2,1217.966064453125,743.9520263671875,100.2767333984375,200.69903564453125,6.4
192,3,405.3638610839844,129.00352478027344,41.375244140625,132.66090393066406,6.4
192,5,214.4491424560547,437.38299560546875,56.29254150390625,117.12631225585938,6.4
192,6,61.78016662597656,375.8291015625,56.8216552734375,103.00814819335938,6.4
192,7,1652.7750244140625,344.3095397949219,73.1181640625,131.43609619140625,6.4
192,8,1695.4580078125,165.16363525390625,45.3265380859375,69.72891235351562,6.4
192,28,844.9932250976562,208.16851806640625,82.1688232421875,115.17546081542969,6.4
193,1,1525.096435546875,138.26927185058594,43.3399658203125,119.20667266845703,6.433333333333334
193,2,1219.560302734375,744.048828125,102.4063720703125,198.67584228515625,6.433333333333334
193,3,405.36834716796875,128.89825439453125,41.385498046875,132.90948486328125,6.433333333333334
193,5,214.2871856689453,437.9000549316406,56.664520263671875,118.03021240234375,6.433333333333334
193,6,61.46021270751953,375.75091552734375,57.4847297668457,103.36917114257812,6.433333333333334
193,7,1652.83056640625,344.27386474609375,73.270263671875,131.74331665039062,6.433333333333334
193,8,1695.5423583984375,165.02560424804688,45.66748046875,70.14376831054688,6.433333333333334
193,28,845.3289794921875,211.0567626953125,80.56573486328125,110.24815368652344,6.433333333333334
194,1,1525.1361083984375,138.24072265625,43.28857421875,119.21289825439453,6.466666666666667
194,2,1220.239013671875,744.00830078125,103.083984375,198.3695068359375,6.466666666666667
194,3,405.4663391113281,129.0274658203125,41.37158203125,132.70941162109375,6.466666666666667
194,5,214.1682586669922,438.201904296875,56.78167724609375,118.72543334960938,6.466666666666667
194,6,61.29186248779297,375.6324462890625,57.917083740234375,103.7442626953125,6.466666666666667
194,7,1652.7646484375,344.3079833984375,73.359375,131.61270141601562,6.466666666666667
194,8,1695.626220703125,164.9417724609375,45.916259765625,70.21734619140625,6.466666666666667
194,28,846.500244140625,207.691162109375,86.22113037109375,117.66340637207031,6.466666666666667
195,1,1525.14697265625,138.26785278320312,43.2689208984375,119.2187728881836,6.5
195,2,1217.7618408203125,744.36376953125,101.79296875,197.7027587890625,6.5
195,3,405.4311828613281,128.9917755126953,41.494384765625,132.92550659179688,6.5
195,5,213.83883666992188,438.4906921386719,57.21461486816406,119.8824462890625,6.5
195,6,61.087974548339844,375.54998779296875,58.35309982299805,103.96939086914062,6.5
195,7,1654.02978515625,346.5990295410156,76.154052734375,138.81396484375,6.5
195,8,1695.54296875,164.84677124023438,46.0784912109375,70.42724609375,6.5
195,28,851.685791015625,204.31240844726562,91.26055908203125,122.57818603515625,6.5
196,1,1525.19482421875,138.2359161376953,43.2572021484375,119.18097686767578,6.533333333333333
196,2,1214.15234375,743.613037109375,102.03662109375,197.06524658203125,6.533333333333333
196,3,405.4533386230469,128.99110412597656,41.49652099609375,132.8970489501953,6.533333333333333
196,5,213.90582275390625,438.3280029296875,57.18428039550781,119.49444580078125,6.533333333333333
196,6,61.00928497314453,375.52825927734375,58.47951126098633,103.9041748046875,6.533333333333333
196,7,1654.5430908203125,347.4019470214844,77.06103515625,141.4503173828125,6.533333333333333
196,8,1695.6009521484375,164.8203125,46.119384765625,70.62623596191406,6.533333333333333
196,28,856.57958984375,202.6053466796875,86.78271484375,123.57025146484375,6.533333333333333
197,1,1525.22412109375,138.16397094726562,43.226806640625,119.20210266113281,6.566666666666666
197,2,1212.3157958984375,743.5877685546875,102.60302734375,195.79058837890625,6.566666666666666
197,3,405.405517578125,129.0308074951172,41.4609375,132.859130859375,6.566666666666666
197,5,214.00006103515625,438.41644287109375,57.40509033203125,120.02316284179688,6.566666666666666
197,6,61.06004333496094,375.52545166015625,58.3293342590332,103.76583862304688,6.566666666666666
197,7,1654.685302734375,347.6246643066406,77.352783203125,142.24481201171875,6.566666666666666
197,8,1695.61181640625,164.7736358642578,45.9725341796875,70.74533081054688,6.566666666666666
197,28,861.14697265625,200.77691650390625,79.858154296875,122.59590148925781,6.566666666666666
198,1,1525.2421875,138.24142456054688,43.1993408203125,119.01912689208984,6.6
198,2,1208.62744140625,742.9111938476562,104.213134765625,195.4171142578125,6.6
198,3,405.34808349609375,128.97775268554688,41.446136474609375,132.8714141845703,6.6
198,5,214.02224731445312,438.36029052734375,57.276275634765625,119.67550659179688,6.6
198,6,61.34491729736328,375.5891418457031,57.453277587890625,103.69921875,6.6
198,7,1654.65869140625,347.5078430175781,77.1251220703125,142.2314453125,6.6
198,8,1695.53759765625,164.77395629882812,45.6961669921875,70.78799438476562,6.6
199,1,1525.2454833984375,138.2555389404297,43.17236328125,119.08554077148438,6.633333333333334
199,2,1199.533935546875,741.118896484375,100.2362060546875,194.14923095703125,6.633333333333334
199,3,405.26690673828125,128.8653564453125,41.51361083984375,133.10475158691406,6.633333333333334
199,5,214.008056640625,438.47686767578125,57.13887023925781,119.88278198242188,6.633333333333334
199,6,61.286376953125,375.55419921875,57.31204605102539,103.87344360351562,6.633333333333334
199,7,1654.5748291015625,347.400390625,77.0068359375,142.06588745117188,6.633333333333334
199,8,1695.487548828125,164.7668914794922,45.5518798828125,70.83163452148438,6.633333333333334
199,28,889.5567016601562,200.86651611328125,89.540771484375,112.1964111328125,6.633333333333334
200,1,1525.238525390625,138.21109008789062,43.181640625,119.16499328613281,6.666666666666667
200,2,1193.3955078125,739.005859375,92.6773681640625,194.48858642578125,6.666666666666667
200,3,405.2820129394531,128.78440856933594,41.609619140625,133.24072265625,6.666666666666667
200,5,214.04547119140625,438.3382568359375,57.09617614746094,119.545654296875,6.666666666666667
200,6,61.34442138671875,375.6540222167969,57.174468994140625,103.68463134765625,6.666666666666667
200,7,1654.389892578125,347.42584228515625,76.8280029296875,142.12411499023438,6.666666666666667
200,8,1695.485595703125,164.8143310546875,45.5279541015625,70.97856140136719,6.666666666666667
200,28,892.1731567382812,202.84280395507812,85.2298583984375,110.69374084472656,6.666666666666667
201,1,1525.236572265625,138.22840881347656,43.1163330078125,119.19922637939453,6.7
201,2,1192.27685546875,739.2012939453125,80.1822509765625,199.0941162109375,6.7
201,3,405.25750732421875,128.7535858154297,41.632720947265625,133.26675415039062,6.7
201,5,214.07183837890625,438.30859375,57.01606750488281,119.45489501953125,6.7
201,6,61.27843475341797,375.76727294921875,57.1646614074707,103.45547485351562,6.7
201,7,1654.2303466796875,347.60748291015625,77.2001953125,142.48733520507812,6.7
201,8,1695.486572265625,164.89730834960938,45.7109375,70.95736694335938,6.7
201,28,897.4395751953125,203.99366760253906,84.99591064453125,112.40744018554688,6.7
202,1,1525.2333984375,138.2203369140625,43.0628662109375,119.13385772705078,6.733333333333333
202,2,1190.568359375,735.970947265625,77.013427734375,200.16058349609375,6.733333333333333
202,3,405.2161865234375,128.75100708007812,41.59814453125,133.2340850830078,6.733333333333333
202,5,214.0912628173828,438.08172607421875,56.80596923828125,119.04293823242188,6.733333333333333
202,6,61.57854080200195,375.923095703125,56.75275421142578,103.00189208984375,6.733333333333333
202,7,1654.2838134765625,347.64324951171875,77.66552734375,142.47857666015625,6.733333333333333
202,8,1695.45947265625,165.09442138671875,46.0196533203125,71.08421325683594,6.733333333333333
202,28,904.51220703125,203.69207763671875,81.53765869140625,115.66654968261719,6.733333333333333
203,1,1525.285400390625,138.2463836669922,42.992919921875,119.0650405883789,6.766666666666667
203,2,1189.1220703125,732.4931640625,77.6025390625,202.20159912109375,6.766666666666667
203,3,405.1886901855469,128.61691284179688,41.71044921875,133.47125244140625,6.766666666666667
203,5,214.16726684570312,437.96148681640625,56.598358154296875,118.83737182617188,6.766666666666667
203,6,61.14653778076172,375.8163146972656,57.64418029785156,103.2294921875,6.766666666666667
203,7,1654.272216796875,347.79193115234375,78.04150390625,142.56411743164062,6.766666666666667
203,8,1695.45849609375,165.21456909179688,46.2615966796875,71.14241027832031,6.766666666666667
203,28,913.4639892578125,201.95443725585938,75.84320068359375,117.20692443847656,6.766666666666667
204,1,1525.277099609375,138.22677612304688,42.9971923828125,118.8516616821289,6.8
204,2,1185.5535888671875,724.8547973632812,79.613525390625,195.4722900390625,6.8
204,3,405.1820373535156,128.71713256835938,41.746826171875,133.26791381835938,6.8
204,5,214.16632080078125,437.877197265625,56.502471923828125,118.83905029296875,6.8
204,6,60.84943771362305,375.7637939453125,58.42542266845703,103.34182739257812,6.8
204,7,1654.3441162109375,347.907470703125,78.067138671875,142.64385986328125,6.8
204,8,1695.4298095703125,165.15200805664062,46.18896484375,70.98722839355469,6.8
204,28,927.2364501953125,201.5652313232422,68.39324951171875,122.26742553710938,6.8
205,1,1525.379638671875,138.1465301513672,42.8538818359375,119.06261444091797,6.833333333333333
205,2,1179.444091796875,714.9755859375,77.413330078125,180.15582275390625,6.833333333333333
205,3,405.1634521484375,128.71084594726562,41.809783935546875,133.3574981689453,6.833333333333333
205,5,214.21487426757812,437.79376220703125,56.50205993652344,118.7744140625,6.833333333333333
205,6,60.40813064575195,375.7396240234375,59.137290954589844,103.43038940429688,6.833333333333333
205,7,1654.28076171875,347.80242919921875,77.1016845703125,142.44210815429688,6.833333333333333
205,8,1695.4595947265625,165.1779327392578,46.1484375,70.80303955078125,6.833333333333333
205,28,935.8521118164062,212.06304931640625,60.3797607421875,99.62855529785156,6.833333333333333
206,1,1525.4154052734375,138.1124267578125,42.810791015625,119.03300476074219,6.866666666666666
206,2,1175.194091796875,713.5638427734375,74.898681640625,178.78448486328125,6.866666666666666
206,3,405.0567626953125,128.62640380859375,41.870513916015625,133.57192993164062,6.866666666666666
206,5,214.201416015625,437.4302978515625,56.39460754394531,118.141357421875,6.866666666666666
206,6,60.26677703857422,375.71484375,59.338592529296875,103.41775512695312,6.866666666666666
206,7,1654.3203125,347.66314697265625,76.4857177734375,142.2015380859375,6.866666666666666
206,8,1695.3790283203125,165.36685180664062,46.1162109375,70.32565307617188,6.866666666666666
206,28,945.3497314453125,214.61227416992188,70.3863525390625,91.70027160644531,6.866666666666666
207,1,1525.438232421875,138.1378631591797,42.7156982421875,119.12928009033203,6.9
207,2,1167.989013671875,709.5869140625,74.1973876953125,172.884765625,6.9
207,3,404.9955749511719,128.60829162597656,41.96026611328125,133.75238037109375,6.9
207,5,214.30010986328125,437.21307373046875,56.30601501464844,117.79379272460938,6.9
207,6,60.236942291259766,375.61163330078125,59.48029327392578,103.53128051757812,6.9
207,7,1654.383056640625,347.66851806640625,76.2886962890625,142.20004272460938,6.9
207,8,1695.332763671875,165.6752166748047,46.0692138671875,69.6605224609375,6.9
207,28,959.9371337890625,203.83425903320312,83.796142578125,111.29716491699219,6.9
208,1,1525.428466796875,138.1543426513672,42.70751953125,119.16976928710938,6.933333333333334
208,2,1163.67919921875,708.4267578125,86.2042236328125,176.0074462890625,6.933333333333334
208,3,405.0060729980469,128.6693115234375,41.88714599609375,133.5341796875,6.933333333333334
208,5,214.43475341796875,437.0546875,56.814483642578125,117.80859375,6.933333333333334
208,6,60.29542922973633,375.627197265625,59.614723205566406,103.38177490234375,6.933333333333334
208,7,1654.406982421875,347.7547302246094,76.541015625,142.361083984375,6.933333333333334
208,8,1695.380126953125,166.0709686279297,46.1688232421875,69.37362670898438,6.933333333333334
208,28,970.7584838867188,201.172119140625,84.7174072265625,113.66011047363281,6.933333333333334
209,1,1525.44677734375,138.1358184814453,42.6856689453125,119.27640533447266,6.966666666666667
209,2,1160.625244140625,707.661865234375,93.05126953125,178.6524658203125,6.966666666666667
209,3,405.0013427734375,128.67874145507812,41.85302734375,133.48468017578125,6.966666666666667
209,5,214.4780731201172,437.083984375,57.107208251953125,118.385498046875,6.966666666666667
209,6,59.66443634033203,375.4889831542969,61.12672424316406,103.75439453125,6.966666666666667
209,7,1654.5482177734375,347.8493347167969,76.5703125,142.517822265625,6.966666666666667
209,8,1695.402099609375,166.17446899414062,46.2427978515625,69.34840393066406,6.966666666666667
209,28,978.27001953125,199.0234375,77.76434326171875,116.68707275390625,6.966666666666667
210,1,1525.430419921875,138.08387756347656,42.7369384765625,119.21503448486328,7.0
210,2,1157.0010986328125,706.404541015625,102.633544921875,182.4384765625,7.0
210,3,405.0057067871094,128.69236755371094,41.88250732421875,133.44813537597656,7.0
210,5,214.4695281982422,436.84307861328125,57.22613525390625,118.2342529296875,7.0
210,6,59.70981216430664,375.64697265625,61.08544158935547,103.44802856445312,7.0
210,7,1654.452880859375,347.7222900390625,76.2254638671875,142.28604125976562,7.0
210,8,1695.304931640625,165.84078979492188,46.1243896484375,69.7579345703125,7.0
210,28,989.434814453125,197.07952880859375,61.05352783203125,118.56385803222656,7.0
211,1,1525.433837890625,138.0840301513672,42.7122802734375,119.33755493164062,7.033333333333333
211,2,1153.189697265625,702.0995483398438,109.57373046875,184.15576171875,7.033333333333333
211,3,405.0646667480469,129.02842712402344,41.75396728515625,132.8388671875,7.033333333333333
211,5,214.41799926757812,436.9308776855469,57.23338317871094,118.4381103515625,7.033333333333333
211,6,59.35070037841797,375.8468017578125,61.804412841796875,102.86941528320312,7.033333333333333
211,7,1654.2884521484375,347.6067199707031,75.195556640625,142.1107177734375,7.033333333333333
211,8,1695.2821044921875,165.39353942871094,46.010986328125,70.6763916015625,7.033333333333333
211,28,1002.7861328125,195.6624755859375,50.94451904296875,113.99497985839844,7.033333333333333
212,1,1525.38818359375,138.11187744140625,42.7254638671875,119.43046569824219,7.066666666666666
212,2,1147.254150390625,699.1349487304688,113.873046875,186.8243408203125,7.066666666666666
212,3,405.073974609375,129.0505828857422,41.742889404296875,132.83624267578125,7.066666666666666
212,5,214.5147705078125,436.71783447265625,57.217620849609375,118.06448364257812,7.066666666666666
212,6,59.66301345825195,375.9680480957031,61.29204559326172,102.40289306640625,7.066666666666666
212,7,1654.094970703125,347.5958251953125,74.7972412109375,142.12979125976562,7.066666666666666
212,8,1695.323974609375,165.0989990234375,45.9932861328125,71.61882019042969,7.066666666666666
212,28,1008.435791015625,199.14044189453125,56.851318359375,112.03131103515625,7.066666666666666
213,1,1525.40234375,138.14279174804688,42.7205810546875,119.3840103149414,7.1
213,2,1141.7261962890625,692.82421875,106.166748046875,184.04425048828125,7.1
213,3,405.08782958984375,129.09779357910156,41.676422119140625,132.7440185546875,7.1
213,5,214.59320068359375,436.58221435546875,57.014434814453125,117.78146362304688,7.1
213,6,60.49553298950195,376.248046875,59.53246307373047,101.62557983398438,7.1
213,7,1654.12158203125,347.5570983886719,74.7408447265625,142.031005859375,7.1
213,8,1695.345458984375,164.72613525390625,45.87548828125,71.92762756347656,7.1
213,28,1019.61669921875,200.1318359375,67.53662109375,106.2889404296875,7.1
214,1,1525.4189453125,138.10580444335938,42.679443359375,119.53436279296875,7.133333333333334
214,2,1133.4884033203125,684.4967041015625,97.010498046875,177.85888671875,7.133333333333334
214,3,405.05487060546875,129.11349487304688,41.6165771484375,132.5699920654297,7.133333333333334
214,5,214.6123809814453,436.34368896484375,56.922119140625,117.72161865234375,7.133333333333334
214,6,60.686851501464844,376.34991455078125,59.230072021484375,101.53897094726562,7.133333333333334
214,7,1654.2711181640625,347.39288330078125,74.812255859375,141.82608032226562,7.133333333333334
214,8,1695.244140625,164.58782958984375,45.6837158203125,71.99491882324219,7.133333333333334
214,28,1035.1524658203125,197.51365661621094,91.65838623046875,112.86334228515625,7.133333333333334
